date,annee,mois,semaine_epidemio,region,latitude_region,longitude_region,niveau_risque,population_region,cas_buboniques,cas_pulmonaires,cas_septiques,cas_totaux,cas_graves,deces,contacts_suivis,prophylaxie_administree,taux_incidence,taux_letalite,taux_contamination
2020-01-06,2020,1,2020-W02,Analamanga,-18.9137,47.5247,eleve,4290727,0,0,0,0,0,0,0,0,0.0,0.0,0.0
2020-01-13,2020,1,2020-W03,Analamanga,-18.9137,47.5247,eleve,4290727,0,0,0,0,0,0,0,0,0.0,0.0,0.0
2020-01-20,2020,1,2020-W04,Analamanga,-18.9137,47.5247,eleve,4290727,0,0,0,0,0,0,0,0,0.0,0.0,0.0
2020-01-27,2020,1,2020-W05,Analamanga,-18.9137,47.5247,eleve,4290727,0,0,0,0,0,0,0,0,0.0,0.0,0.0
2020-02-03,2020,2,2020-W06,Analamanga,-18.9137,47.5247,eleve,4290727,0,0,0,0,0,0,0,0,0.0,0.0,0.0
2020-02-10,2020,2,2020-W07,Analamanga,-18.9137,47.5247,eleve,4290727,0,0,0,0,0,0,0,0,0.0,0.0,0.0
2020-02-17,2020,2,2020-W08,Analamanga,-18.9137,47.5247,eleve,4290727,0,0,0,0,0,0,0,0,0.0,0.0,0.0
2020-02-24,2020,2,2020-W09,Analamanga,-18.9137,47.5247,eleve,4290727,0,0,0,0,0,0,0,0,0.0,0.0,0.0
2020-03-02,2020,3,2020-W10,Analamanga,-18.9137,47.5247,eleve,4290727,0,0,0,0,0,0,0,0,0.0,0.0,0.0
2020-03-09,2020,3,2020-W11,Analamanga,-18.9137,47.5247,eleve,4290727,0,0,0,0,0,0,0,0,0.0,0.0,0.0
2020-03-16,2020,3,2020-W12,Analamanga,-18.9137,47.5247,eleve,4290727,0,0,0,0,0,0,0,0,0.0,0.0,0.0
2020-03-23,2020,3,2020-W13,Analamanga,-18.9137,47.5247,eleve,4290727,0,0,0,0,0,0,0,0,0.0,0.0,0.0
2020-03-30,2020,3,2020-W14,Analamanga,-18.9137,47.5247,eleve,4290727,0,0,0,0,0,0,0,0,0.0,0.0,0.0
2020-04-06,2020,4,2020-W15,Analamanga,-18.9137,47.5247,eleve,4290727,0,0,0,0,0,0,0,0,0.0,0.0,0.0
2020-04-13,2020,4,2020-W16,Analamanga,-18.9137,47.5247,eleve,4290727,0,0,0,0,0,0,0,0,0.0,0.0,0.0
2020-04-20,2020,4,2020-W17,Analamanga,-18.9137,47.5247,eleve,4290727,0,0,0,0,0,0,0,0,0.0,0.0,0.0
2020-04-27,2020,4,2020-W18,Analamanga,-18.9137,47.5247,eleve,4290727,0,0,0,0,0,0,0,0,0.0,0.0,0.0
2020-05-04,2020,5,2020-W19,Analamanga,-18.9137,47.5247,eleve,4290727,0,0,0,0,0,0,0,0,0.0,0.0,0.0
2020-05-11,2020,5,2020-W20,Analamanga,-18.9137,47.5247,eleve,4290727,0,0,0,0,0,0,0,0,0.0,0.0,0.0
2020-05-18,2020,5,2020-W21,Analamanga,-18.9137,47.5247,eleve,4290727,0,0,0,0,0,0,0,0,0.0,0.0,0.0
2020-05-25,2020,5,2020-W22,Analamanga,-18.9137,47.5247,eleve,4290727,0,0,0,0,0,0,0,0,0.0,0.0,0.0
2020-06-01,2020,6,2020-W23,Analamanga,-18.9137,47.5247,eleve,4290727,0,0,0,0,0,0,0,0,0.0,0.0,0.0
2020-06-08,2020,6,2020-W24,Analamanga,-18.9137,47.5247,eleve,4290727,0,0,0,0,0,0,0,0,0.0,0.0,0.0
2020-06-15,2020,6,2020-W25,Analamanga,-18.9137,47.5247,eleve,4290727,0,0,0,0,0,0,0,0,0.0,0.0,0.0
2020-06-22,2020,6,2020-W26,Analamanga,-18.9137,47.5247,eleve,4290727,0,0,0,0,0,0,0,0,0.0,0.0,0.0
2020-06-29,2020,6,2020-W27,Analamanga,-18.9137,47.5247,eleve,4290727,0,0,0,0,0,0,0,0,0.0,0.0,0.0
2020-07-06,2020,7,2020-W28,Analamanga,-18.9137,47.5247,eleve,4290727,0,0,0,0,0,0,0,0,0.0,0.0,0.0
2020-07-13,2020,7,2020-W29,Analamanga,-18.9137,47.5247,eleve,4290727,0,0,0,0,0,0,0,0,0.0,0.0,0.0
2020-07-20,2020,7,2020-W30,Analamanga,-18.9137,47.5247,eleve,4290727,0,0,0,0,0,0,0,0,0.0,0.0,0.0
2020-07-27,2020,7,2020-W31,Analamanga,-18.9137,47.5247,eleve,4290727,0,0,0,0,0,0,0,0,0.0,0.0,0.0
2020-08-03,2020,8,2020-W32,Analamanga,-18.9137,47.5247,eleve,4290727,0,0,0,0,0,0,0,0,0.0,0.0,0.0
2020-08-10,2020,8,2020-W33,Analamanga,-18.9137,47.5247,eleve,4290727,0,0,0,0,0,0,0,0,0.0,0.0,0.0
2020-08-17,2020,8,2020-W34,Analamanga,-18.9137,47.5247,eleve,4290727,0,0,0,0,0,0,0,0,0.0,0.0,0.0
2020-08-24,2020,8,2020-W35,Analamanga,-18.9137,47.5247,eleve,4290727,0,0,0,0,0,0,0,0,0.0,0.0,0.0
2020-08-31,2020,8,2020-W36,Analamanga,-18.9137,47.5247,eleve,4290727,0,0,0,0,0,0,0,0,0.0,0.0,0.0
2020-09-07,2020,9,2020-W37,Analamanga,-18.9137,47.5247,eleve,4290727,0,0,0,0,0,0,0,0,0.0,0.0,0.0
2020-09-14,2020,9,2020-W38,Analamanga,-18.9137,47.5247,eleve,4290727,0,0,0,0,0,0,0,0,0.0,0.0,0.0
2020-09-21,2020,9,2020-W39,Analamanga,-18.9137,47.5247,eleve,4290727,0,0,0,0,0,0,0,0,0.0,0.0,0.0
2020-09-28,2020,9,2020-W40,Analamanga,-18.9137,47.5247,eleve,4290727,0,0,0,0,0,0,0,0,0.0,0.0,0.0
2020-10-05,2020,10,2020-W41,Analamanga,-18.9137,47.5247,eleve,4290727,0,0,0,0,0,0,0,0,0.0,0.0,0.0
2020-10-12,2020,10,2020-W42,Analamanga,-18.9137,47.5247,eleve,4290727,0,0,0,0,0,0,0,0,0.0,0.0,0.0
2020-10-19,2020,10,2020-W43,Analamanga,-18.9137,47.5247,eleve,4290727,0,0,0,0,0,0,0,0,0.0,0.0,0.0
2020-10-26,2020,10,2020-W44,Analamanga,-18.9137,47.5247,eleve,4290727,0,0,0,0,0,0,0,0,0.0,0.0,0.0
2020-11-02,2020,11,2020-W45,Analamanga,-18.9137,47.5247,eleve,4290727,0,0,0,0,0,0,0,0,0.0,0.0,0.0
2020-11-09,2020,11,2020-W46,Analamanga,-18.9137,47.5247,eleve,4290727,0,0,0,0,0,0,0,0,0.0,0.0,0.0
2020-11-16,2020,11,2020-W47,Analamanga,-18.9137,47.5247,eleve,4290727,0,0,0,0,0,0,0,0,0.0,0.0,0.0
2020-11-23,2020,11,2020-W48,Analamanga,-18.9137,47.5247,eleve,4290727,0,0,0,0,0,0,0,0,0.0,0.0,0.0
2020-11-30,2020,11,2020-W49,Analamanga,-18.9137,47.5247,eleve,4290727,0,0,0,0,0,0,0,0,0.0,0.0,0.0
2020-12-07,2020,12,2020-W50,Analamanga,-18.9137,47.5247,eleve,4290727,0,0,0,0,0,0,0,0,0.0,0.0,0.0
2020-12-14,2020,12,2020-W51,Analamanga,-18.9137,47.5247,eleve,4290727,0,0,0,0,0,0,0,0,0.0,0.0,0.0
2020-12-21,2020,12,2020-W52,Analamanga,-18.9137,47.5247,eleve,4290727,0,0,0,0,0,0,0,0,0.0,0.0,0.0
2020-12-28,2020,12,2020-W53,Analamanga,-18.9137,47.5247,eleve,4290727,0,0,0,0,0,0,0,0,0.0,0.0,0.0
2021-01-04,2021,1,2021-W01,Analamanga,-18.9137,47.5247,eleve,4290727,0,0,0,0,0,0,0,0,0.0,0.0,0.0
2021-01-11,2021,1,2021-W02,Analamanga,-18.9137,47.5247,eleve,4290727,0,0,1,1,1,0,0,0,0.0233,0.0,0.0
2021-01-18,2021,1,2021-W03,Analamanga,-18.9137,47.5247,eleve,4290727,0,0,1,1,1,0,0,0,0.0233,0.0,0.0
2021-01-25,2021,1,2021-W04,Analamanga,-18.9137,47.5247,eleve,4290727,0,0,1,1,1,0,0,0,0.0233,0.0,0.0
2021-02-01,2021,2,2021-W05,Analamanga,-18.9137,47.5247,eleve,4290727,0,0,1,1,1,0,0,0,0.0233,0.0,0.0
2021-02-08,2021,2,2021-W06,Analamanga,-18.9137,47.5247,eleve,4290727,0,0,1,1,1,0,0,0,0.0233,0.0,0.0
2021-02-15,2021,2,2021-W07,Analamanga,-18.9137,47.5247,eleve,4290727,0,0,1,1,1,0,0,0,0.0233,0.0,0.0
2021-02-22,2021,2,2021-W08,Analamanga,-18.9137,47.5247,eleve,4290727,0,0,1,1,1,0,0,0,0.0233,0.0,0.0
2021-03-01,2021,3,2021-W09,Analamanga,-18.9137,47.5247,eleve,4290727,0,0,1,1,1,0,0,0,0.0233,0.0,0.0
2021-03-08,2021,3,2021-W10,Analamanga,-18.9137,47.5247,eleve,4290727,0,0,1,1,1,0,0,0,0.0233,0.0,0.0
2021-03-15,2021,3,2021-W11,Analamanga,-18.9137,47.5247,eleve,4290727,0,0,1,1,1,0,0,0,0.0233,0.0,0.0
2021-03-22,2021,3,2021-W12,Analamanga,-18.9137,47.5247,eleve,4290727,0,0,1,1,1,0,0,0,0.0233,0.0,0.0
2021-03-29,2021,3,2021-W13,Analamanga,-18.9137,47.5247,eleve,4290727,0,0,1,1,1,0,0,0,0.0233,0.0,0.0
2021-04-05,2021,4,2021-W14,Analamanga,-18.9137,47.5247,eleve,4290727,0,0,0,0,0,0,0,0,0.0,0.0,0.0
2021-04-12,2021,4,2021-W15,Analamanga,-18.9137,47.5247,eleve,4290727,0,0,0,0,0,0,0,0,0.0,0.0,0.0
2021-04-19,2021,4,2021-W16,Analamanga,-18.9137,47.5247,eleve,4290727,0,0,0,0,0,0,0,0,0.0,0.0,0.0
2021-04-26,2021,4,2021-W17,Analamanga,-18.9137,47.5247,eleve,4290727,0,0,0,0,0,0,0,0,0.0,0.0,0.0
2021-05-03,2021,5,2021-W18,Analamanga,-18.9137,47.5247,eleve,4290727,0,0,0,0,0,0,0,0,0.0,0.0,0.0
2021-05-10,2021,5,2021-W19,Analamanga,-18.9137,47.5247,eleve,4290727,0,0,0,0,0,0,0,0,0.0,0.0,0.0
2021-05-17,2021,5,2021-W20,Analamanga,-18.9137,47.5247,eleve,4290727,0,0,0,0,0,0,0,0,0.0,0.0,0.0
2021-05-24,2021,5,2021-W21,Analamanga,-18.9137,47.5247,eleve,4290727,0,0,0,0,0,0,0,0,0.0,0.0,0.0
2021-05-31,2021,5,2021-W22,Analamanga,-18.9137,47.5247,eleve,4290727,0,0,0,0,0,0,0,0,0.0,0.0,0.0
2021-06-07,2021,6,2021-W23,Analamanga,-18.9137,47.5247,eleve,4290727,0,0,0,0,0,0,0,0,0.0,0.0,0.0
2021-06-14,2021,6,2021-W24,Analamanga,-18.9137,47.5247,eleve,4290727,0,0,0,0,0,0,0,0,0.0,0.0,0.0
2021-06-21,2021,6,2021-W25,Analamanga,-18.9137,47.5247,eleve,4290727,0,0,0,0,0,0,0,0,0.0,0.0,0.0
2021-06-28,2021,6,2021-W26,Analamanga,-18.9137,47.5247,eleve,4290727,0,0,0,0,0,0,0,0,0.0,0.0,0.0
2021-07-05,2021,7,2021-W27,Analamanga,-18.9137,47.5247,eleve,4290727,0,0,0,0,0,0,0,0,0.0,0.0,0.0
2021-07-12,2021,7,2021-W28,Analamanga,-18.9137,47.5247,eleve,4290727,0,0,0,0,0,0,0,0,0.0,0.0,0.0
2021-07-19,2021,7,2021-W29,Analamanga,-18.9137,47.5247,eleve,4290727,0,0,0,0,0,0,0,0,0.0,0.0,0.0
2021-07-26,2021,7,2021-W30,Analamanga,-18.9137,47.5247,eleve,4290727,0,0,0,0,0,0,0,0,0.0,0.0,0.0
2021-08-02,2021,8,2021-W31,Analamanga,-18.9137,47.5247,eleve,4290727,0,0,0,0,0,0,0,0,0.0,0.0,0.0
2021-08-09,2021,8,2021-W32,Analamanga,-18.9137,47.5247,eleve,4290727,0,0,0,0,0,0,0,0,0.0,0.0,0.0
2021-08-16,2021,8,2021-W33,Analamanga,-18.9137,47.5247,eleve,4290727,0,0,0,0,0,0,0,0,0.0,0.0,0.0
2021-08-23,2021,8,2021-W34,Analamanga,-18.9137,47.5247,eleve,4290727,0,0,0,0,0,0,0,0,0.0,0.0,0.0
2021-08-30,2021,8,2021-W35,Analamanga,-18.9137,47.5247,eleve,4290727,0,0,0,0,0,0,0,0,0.0,0.0,0.0
2021-09-06,2021,9,2021-W36,Analamanga,-18.9137,47.5247,eleve,4290727,0,0,0,0,0,0,0,0,0.0,0.0,0.0
2021-09-13,2021,9,2021-W37,Analamanga,-18.9137,47.5247,eleve,4290727,0,0,0,0,0,0,0,0,0.0,0.0,0.0
2021-09-20,2021,9,2021-W38,Analamanga,-18.9137,47.5247,eleve,4290727,0,0,0,0,0,0,0,0,0.0,0.0,0.0
2021-09-27,2021,9,2021-W39,Analamanga,-18.9137,47.5247,eleve,4290727,0,0,0,0,0,0,0,0,0.0,0.0,0.0
2021-10-04,2021,10,2021-W40,Analamanga,-18.9137,47.5247,eleve,4290727,0,0,1,1,1,0,0,0,0.0233,0.0,0.0
2021-10-11,2021,10,2021-W41,Analamanga,-18.9137,47.5247,eleve,4290727,0,0,1,1,1,0,0,0,0.0233,0.0,0.0
2021-10-18,2021,10,2021-W42,Analamanga,-18.9137,47.5247,eleve,4290727,0,0,1,1,1,0,0,0,0.0233,0.0,0.0
2021-10-25,2021,10,2021-W43,Analamanga,-18.9137,47.5247,eleve,4290727,0,0,1,1,1,0,0,0,0.0233,0.0,0.0
2021-11-01,2021,11,2021-W44,Analamanga,-18.9137,47.5247,eleve,4290727,0,0,1,1,1,0,0,0,0.0233,0.0,0.0
2021-11-08,2021,11,2021-W45,Analamanga,-18.9137,47.5247,eleve,4290727,0,0,1,1,1,0,0,0,0.0233,0.0,0.0
2021-11-15,2021,11,2021-W46,Analamanga,-18.9137,47.5247,eleve,4290727,0,0,1,1,1,0,0,0,0.0233,0.0,0.0
2021-11-22,2021,11,2021-W47,Analamanga,-18.9137,47.5247,eleve,4290727,0,0,1,1,1,0,0,0,0.0233,0.0,0.0
2021-11-29,2021,11,2021-W48,Analamanga,-18.9137,47.5247,eleve,4290727,0,0,1,1,1,0,0,0,0.0233,0.0,0.0
2021-12-06,2021,12,2021-W49,Analamanga,-18.9137,47.5247,eleve,4290727,0,0,1,1,1,0,0,0,0.0233,0.0,0.0
2021-12-13,2021,12,2021-W50,Analamanga,-18.9137,47.5247,eleve,4290727,0,0,1,1,1,0,0,0,0.0233,0.0,0.0
2021-12-20,2021,12,2021-W51,Analamanga,-18.9137,47.5247,eleve,4290727,0,0,1,1,1,0,0,0,0.0233,0.0,0.0
2021-12-27,2021,12,2021-W52,Analamanga,-18.9137,47.5247,eleve,4290727,0,0,1,1,1,0,0,0,0.0233,0.0,0.0
2022-01-03,2022,1,2022-W01,Analamanga,-18.9137,47.5247,eleve,4290727,0,0,0,0,0,0,0,0,0.0,0.0,0.0
2022-01-10,2022,1,2022-W02,Analamanga,-18.9137,47.5247,eleve,4290727,0,0,0,0,0,0,0,0,0.0,0.0,0.0
2022-01-17,2022,1,2022-W03,Analamanga,-18.9137,47.5247,eleve,4290727,0,0,0,0,0,0,0,0,0.0,0.0,0.0
2022-01-24,2022,1,2022-W04,Analamanga,-18.9137,47.5247,eleve,4290727,0,0,0,0,0,0,0,0,0.0,0.0,0.0
2022-01-31,2022,1,2022-W05,Analamanga,-18.9137,47.5247,eleve,4290727,0,0,0,0,0,0,0,0,0.0,0.0,0.0
2022-02-07,2022,2,2022-W06,Analamanga,-18.9137,47.5247,eleve,4290727,0,0,0,0,0,0,0,0,0.0,0.0,0.0
2022-02-14,2022,2,2022-W07,Analamanga,-18.9137,47.5247,eleve,4290727,0,0,0,0,0,0,0,0,0.0,0.0,0.0
2022-02-21,2022,2,2022-W08,Analamanga,-18.9137,47.5247,eleve,4290727,0,0,0,0,0,0,0,0,0.0,0.0,0.0
2022-02-28,2022,2,2022-W09,Analamanga,-18.9137,47.5247,eleve,4290727,0,0,0,0,0,0,0,0,0.0,0.0,0.0
2022-03-07,2022,3,2022-W10,Analamanga,-18.9137,47.5247,eleve,4290727,0,0,0,0,0,0,0,0,0.0,0.0,0.0
2022-03-14,2022,3,2022-W11,Analamanga,-18.9137,47.5247,eleve,4290727,0,0,0,0,0,0,0,0,0.0,0.0,0.0
2022-03-21,2022,3,2022-W12,Analamanga,-18.9137,47.5247,eleve,4290727,0,0,0,0,0,0,0,0,0.0,0.0,0.0
2022-03-28,2022,3,2022-W13,Analamanga,-18.9137,47.5247,eleve,4290727,0,0,0,0,0,0,0,0,0.0,0.0,0.0
2022-04-04,2022,4,2022-W14,Analamanga,-18.9137,47.5247,eleve,4290727,0,0,0,0,0,0,0,0,0.0,0.0,0.0
2022-04-11,2022,4,2022-W15,Analamanga,-18.9137,47.5247,eleve,4290727,0,0,0,0,0,0,0,0,0.0,0.0,0.0
2022-04-18,2022,4,2022-W16,Analamanga,-18.9137,47.5247,eleve,4290727,0,0,0,0,0,0,0,0,0.0,0.0,0.0
2022-04-25,2022,4,2022-W17,Analamanga,-18.9137,47.5247,eleve,4290727,0,0,0,0,0,0,0,0,0.0,0.0,0.0
2022-05-02,2022,5,2022-W18,Analamanga,-18.9137,47.5247,eleve,4290727,0,0,0,0,0,0,0,0,0.0,0.0,0.0
2022-05-09,2022,5,2022-W19,Analamanga,-18.9137,47.5247,eleve,4290727,0,0,0,0,0,0,0,0,0.0,0.0,0.0
2022-05-16,2022,5,2022-W20,Analamanga,-18.9137,47.5247,eleve,4290727,0,0,0,0,0,0,0,0,0.0,0.0,0.0
2022-05-23,2022,5,2022-W21,Analamanga,-18.9137,47.5247,eleve,4290727,0,0,0,0,0,0,0,0,0.0,0.0,0.0
2022-05-30,2022,5,2022-W22,Analamanga,-18.9137,47.5247,eleve,4290727,0,0,0,0,0,0,0,0,0.0,0.0,0.0
2022-06-06,2022,6,2022-W23,Analamanga,-18.9137,47.5247,eleve,4290727,0,0,0,0,0,0,0,0,0.0,0.0,0.0
2022-06-13,2022,6,2022-W24,Analamanga,-18.9137,47.5247,eleve,4290727,0,0,0,0,0,0,0,0,0.0,0.0,0.0
2022-06-20,2022,6,2022-W25,Analamanga,-18.9137,47.5247,eleve,4290727,0,0,0,0,0,0,0,0,0.0,0.0,0.0
2022-06-27,2022,6,2022-W26,Analamanga,-18.9137,47.5247,eleve,4290727,0,0,0,0,0,0,0,0,0.0,0.0,0.0
2022-07-04,2022,7,2022-W27,Analamanga,-18.9137,47.5247,eleve,4290727,0,0,0,0,0,0,0,0,0.0,0.0,0.0
2022-07-11,2022,7,2022-W28,Analamanga,-18.9137,47.5247,eleve,4290727,0,0,0,0,0,0,0,0,0.0,0.0,0.0
2022-07-18,2022,7,2022-W29,Analamanga,-18.9137,47.5247,eleve,4290727,0,0,0,0,0,0,0,0,0.0,0.0,0.0
2022-07-25,2022,7,2022-W30,Analamanga,-18.9137,47.5247,eleve,4290727,0,0,0,0,0,0,0,0,0.0,0.0,0.0
2022-08-01,2022,8,2022-W31,Analamanga,-18.9137,47.5247,eleve,4290727,0,0,0,0,0,0,0,0,0.0,0.0,0.0
2022-08-08,2022,8,2022-W32,Analamanga,-18.9137,47.5247,eleve,4290727,0,0,0,0,0,0,0,0,0.0,0.0,0.0
2022-08-15,2022,8,2022-W33,Analamanga,-18.9137,47.5247,eleve,4290727,0,0,0,0,0,0,0,0,0.0,0.0,0.0
2022-08-22,2022,8,2022-W34,Analamanga,-18.9137,47.5247,eleve,4290727,0,0,0,0,0,0,0,0,0.0,0.0,0.0
2022-08-29,2022,8,2022-W35,Analamanga,-18.9137,47.5247,eleve,4290727,0,0,0,0,0,0,0,0,0.0,0.0,0.0
2022-09-05,2022,9,2022-W36,Analamanga,-18.9137,47.5247,eleve,4290727,0,0,0,0,0,0,0,0,0.0,0.0,0.0
2022-09-12,2022,9,2022-W37,Analamanga,-18.9137,47.5247,eleve,4290727,0,0,0,0,0,0,0,0,0.0,0.0,0.0
2022-09-19,2022,9,2022-W38,Analamanga,-18.9137,47.5247,eleve,4290727,0,0,0,0,0,0,0,0,0.0,0.0,0.0
2022-09-26,2022,9,2022-W39,Analamanga,-18.9137,47.5247,eleve,4290727,0,0,0,0,0,0,0,0,0.0,0.0,0.0
2022-10-03,2022,10,2022-W40,Analamanga,-18.9137,47.5247,eleve,4290727,0,0,0,0,0,0,0,0,0.0,0.0,0.0
2022-10-10,2022,10,2022-W41,Analamanga,-18.9137,47.5247,eleve,4290727,0,0,0,0,0,0,0,0,0.0,0.0,0.0
2022-10-17,2022,10,2022-W42,Analamanga,-18.9137,47.5247,eleve,4290727,0,0,0,0,0,0,0,0,0.0,0.0,0.0
2022-10-24,2022,10,2022-W43,Analamanga,-18.9137,47.5247,eleve,4290727,0,0,0,0,0,0,0,0,0.0,0.0,0.0
2022-10-31,2022,10,2022-W44,Analamanga,-18.9137,47.5247,eleve,4290727,0,0,0,0,0,0,0,0,0.0,0.0,0.0
2022-11-07,2022,11,2022-W45,Analamanga,-18.9137,47.5247,eleve,4290727,0,0,0,0,0,0,0,0,0.0,0.0,0.0
2022-11-14,2022,11,2022-W46,Analamanga,-18.9137,47.5247,eleve,4290727,0,0,0,0,0,0,0,0,0.0,0.0,0.0
2022-11-21,2022,11,2022-W47,Analamanga,-18.9137,47.5247,eleve,4290727,0,0,0,0,0,0,0,0,0.0,0.0,0.0
2022-11-28,2022,11,2022-W48,Analamanga,-18.9137,47.5247,eleve,4290727,0,0,0,0,0,0,0,0,0.0,0.0,0.0
2022-12-05,2022,12,2022-W49,Analamanga,-18.9137,47.5247,eleve,4290727,0,0,0,0,0,0,0,0,0.0,0.0,0.0
2022-12-12,2022,12,2022-W50,Analamanga,-18.9137,47.5247,eleve,4290727,0,0,0,0,0,0,0,0,0.0,0.0,0.0
2022-12-19,2022,12,2022-W51,Analamanga,-18.9137,47.5247,eleve,4290727,0,0,0,0,0,0,0,0,0.0,0.0,0.0
2022-12-26,2022,12,2022-W52,Analamanga,-18.9137,47.5247,eleve,4290727,0,0,0,0,0,0,0,0,0.0,0.0,0.0
2023-01-02,2023,1,2023-W01,Analamanga,-18.9137,47.5247,eleve,4290727,0,0,0,0,0,0,0,0,0.0,0.0,0.0
2023-01-09,2023,1,2023-W02,Analamanga,-18.9137,47.5247,eleve,4290727,0,0,0,0,0,0,0,0,0.0,0.0,0.0
2023-01-16,2023,1,2023-W03,Analamanga,-18.9137,47.5247,eleve,4290727,0,0,0,0,0,0,0,0,0.0,0.0,0.0
2023-01-23,2023,1,2023-W04,Analamanga,-18.9137,47.5247,eleve,4290727,0,0,0,0,0,0,0,0,0.0,0.0,0.0
2023-01-30,2023,1,2023-W05,Analamanga,-18.9137,47.5247,eleve,4290727,0,0,0,0,0,0,0,0,0.0,0.0,0.0
2023-02-06,2023,2,2023-W06,Analamanga,-18.9137,47.5247,eleve,4290727,0,0,0,0,0,0,0,0,0.0,0.0,0.0
2023-02-13,2023,2,2023-W07,Analamanga,-18.9137,47.5247,eleve,4290727,0,0,0,0,0,0,0,0,0.0,0.0,0.0
2023-02-20,2023,2,2023-W08,Analamanga,-18.9137,47.5247,eleve,4290727,0,0,0,0,0,0,0,0,0.0,0.0,0.0
2023-02-27,2023,2,2023-W09,Analamanga,-18.9137,47.5247,eleve,4290727,0,0,0,0,0,0,0,0,0.0,0.0,0.0
2023-03-06,2023,3,2023-W10,Analamanga,-18.9137,47.5247,eleve,4290727,0,0,0,0,0,0,0,0,0.0,0.0,0.0
2023-03-13,2023,3,2023-W11,Analamanga,-18.9137,47.5247,eleve,4290727,0,0,0,0,0,0,0,0,0.0,0.0,0.0
2023-03-20,2023,3,2023-W12,Analamanga,-18.9137,47.5247,eleve,4290727,0,0,0,0,0,0,0,0,0.0,0.0,0.0
2023-03-27,2023,3,2023-W13,Analamanga,-18.9137,47.5247,eleve,4290727,0,0,0,0,0,0,0,0,0.0,0.0,0.0
2023-04-03,2023,4,2023-W14,Analamanga,-18.9137,47.5247,eleve,4290727,0,0,0,0,0,0,0,0,0.0,0.0,0.0
2023-04-10,2023,4,2023-W15,Analamanga,-18.9137,47.5247,eleve,4290727,0,0,0,0,0,0,0,0,0.0,0.0,0.0
2023-04-17,2023,4,2023-W16,Analamanga,-18.9137,47.5247,eleve,4290727,0,0,0,0,0,0,0,0,0.0,0.0,0.0
2023-04-24,2023,4,2023-W17,Analamanga,-18.9137,47.5247,eleve,4290727,0,0,0,0,0,0,0,0,0.0,0.0,0.0
2023-05-01,2023,5,2023-W18,Analamanga,-18.9137,47.5247,eleve,4290727,0,0,0,0,0,0,0,0,0.0,0.0,0.0
2023-05-08,2023,5,2023-W19,Analamanga,-18.9137,47.5247,eleve,4290727,0,0,0,0,0,0,0,0,0.0,0.0,0.0
2023-05-15,2023,5,2023-W20,Analamanga,-18.9137,47.5247,eleve,4290727,0,0,0,0,0,0,0,0,0.0,0.0,0.0
2023-05-22,2023,5,2023-W21,Analamanga,-18.9137,47.5247,eleve,4290727,0,0,0,0,0,0,0,0,0.0,0.0,0.0
2023-05-29,2023,5,2023-W22,Analamanga,-18.9137,47.5247,eleve,4290727,0,0,0,0,0,0,0,0,0.0,0.0,0.0
2023-06-05,2023,6,2023-W23,Analamanga,-18.9137,47.5247,eleve,4290727,0,0,0,0,0,0,0,0,0.0,0.0,0.0
2023-06-12,2023,6,2023-W24,Analamanga,-18.9137,47.5247,eleve,4290727,0,0,0,0,0,0,0,0,0.0,0.0,0.0
2023-06-19,2023,6,2023-W25,Analamanga,-18.9137,47.5247,eleve,4290727,0,0,0,0,0,0,0,0,0.0,0.0,0.0
2023-06-26,2023,6,2023-W26,Analamanga,-18.9137,47.5247,eleve,4290727,0,0,0,0,0,0,0,0,0.0,0.0,0.0
2023-07-03,2023,7,2023-W27,Analamanga,-18.9137,47.5247,eleve,4290727,0,0,0,0,0,0,0,0,0.0,0.0,0.0
2023-07-10,2023,7,2023-W28,Analamanga,-18.9137,47.5247,eleve,4290727,0,0,0,0,0,0,0,0,0.0,0.0,0.0
2023-07-17,2023,7,2023-W29,Analamanga,-18.9137,47.5247,eleve,4290727,0,0,0,0,0,0,0,0,0.0,0.0,0.0
2023-07-24,2023,7,2023-W30,Analamanga,-18.9137,47.5247,eleve,4290727,0,0,0,0,0,0,0,0,0.0,0.0,0.0
2023-07-31,2023,7,2023-W31,Analamanga,-18.9137,47.5247,eleve,4290727,0,0,0,0,0,0,0,0,0.0,0.0,0.0
2023-08-07,2023,8,2023-W32,Analamanga,-18.9137,47.5247,eleve,4290727,0,0,0,0,0,0,0,0,0.0,0.0,0.0
2023-08-14,2023,8,2023-W33,Analamanga,-18.9137,47.5247,eleve,4290727,0,0,0,0,0,0,0,0,0.0,0.0,0.0
2023-08-21,2023,8,2023-W34,Analamanga,-18.9137,47.5247,eleve,4290727,0,0,0,0,0,0,0,0,0.0,0.0,0.0
2023-08-28,2023,8,2023-W35,Analamanga,-18.9137,47.5247,eleve,4290727,0,0,0,0,0,0,0,0,0.0,0.0,0.0
2023-09-04,2023,9,2023-W36,Analamanga,-18.9137,47.5247,eleve,4290727,0,0,0,0,0,0,0,0,0.0,0.0,0.0
2023-09-11,2023,9,2023-W37,Analamanga,-18.9137,47.5247,eleve,4290727,0,0,0,0,0,0,0,0,0.0,0.0,0.0
2023-09-18,2023,9,2023-W38,Analamanga,-18.9137,47.5247,eleve,4290727,0,0,0,0,0,0,0,0,0.0,0.0,0.0
2023-09-25,2023,9,2023-W39,Analamanga,-18.9137,47.5247,eleve,4290727,0,0,0,0,0,0,0,0,0.0,0.0,0.0
2023-10-02,2023,10,2023-W40,Analamanga,-18.9137,47.5247,eleve,4290727,0,0,0,0,0,0,0,0,0.0,0.0,0.0
2023-10-09,2023,10,2023-W41,Analamanga,-18.9137,47.5247,eleve,4290727,0,0,0,0,0,0,0,0,0.0,0.0,0.0
2023-10-16,2023,10,2023-W42,Analamanga,-18.9137,47.5247,eleve,4290727,0,0,0,0,0,0,0,0,0.0,0.0,0.0
2023-10-23,2023,10,2023-W43,Analamanga,-18.9137,47.5247,eleve,4290727,0,0,0,0,0,0,0,0,0.0,0.0,0.0
2023-10-30,2023,10,2023-W44,Analamanga,-18.9137,47.5247,eleve,4290727,0,0,0,0,0,0,0,0,0.0,0.0,0.0
2023-11-06,2023,11,2023-W45,Analamanga,-18.9137,47.5247,eleve,4290727,0,0,0,0,0,0,0,0,0.0,0.0,0.0
2023-11-13,2023,11,2023-W46,Analamanga,-18.9137,47.5247,eleve,4290727,0,0,0,0,0,0,0,0,0.0,0.0,0.0
2023-11-20,2023,11,2023-W47,Analamanga,-18.9137,47.5247,eleve,4290727,0,0,0,0,0,0,0,0,0.0,0.0,0.0
2023-11-27,2023,11,2023-W48,Analamanga,-18.9137,47.5247,eleve,4290727,0,0,0,0,0,0,0,0,0.0,0.0,0.0
2023-12-04,2023,12,2023-W49,Analamanga,-18.9137,47.5247,eleve,4290727,0,0,0,0,0,0,0,0,0.0,0.0,0.0
2023-12-11,2023,12,2023-W50,Analamanga,-18.9137,47.5247,eleve,4290727,0,0,0,0,0,0,0,0,0.0,0.0,0.0
2023-12-18,2023,12,2023-W51,Analamanga,-18.9137,47.5247,eleve,4290727,0,0,0,0,0,0,0,0,0.0,0.0,0.0
2023-12-25,2023,12,2023-W52,Analamanga,-18.9137,47.5247,eleve,4290727,0,0,0,0,0,0,0,0,0.0,0.0,0.0
2024-01-01,2024,1,2024-W01,Analamanga,-18.9137,47.5247,eleve,4290727,0,0,0,0,0,0,0,0,0.0,0.0,0.0
2024-01-08,2024,1,2024-W02,Analamanga,-18.9137,47.5247,eleve,4290727,0,0,0,0,0,0,0,0,0.0,0.0,0.0
2024-01-15,2024,1,2024-W03,Analamanga,-18.9137,47.5247,eleve,4290727,0,0,0,0,0,0,0,0,0.0,0.0,0.0
2024-01-22,2024,1,2024-W04,Analamanga,-18.9137,47.5247,eleve,4290727,0,0,0,0,0,0,0,0,0.0,0.0,0.0
2024-01-29,2024,1,2024-W05,Analamanga,-18.9137,47.5247,eleve,4290727,0,0,0,0,0,0,0,0,0.0,0.0,0.0
2024-02-05,2024,2,2024-W06,Analamanga,-18.9137,47.5247,eleve,4290727,0,0,0,0,0,0,0,0,0.0,0.0,0.0
2024-02-12,2024,2,2024-W07,Analamanga,-18.9137,47.5247,eleve,4290727,0,0,0,0,0,0,0,0,0.0,0.0,0.0
2024-02-19,2024,2,2024-W08,Analamanga,-18.9137,47.5247,eleve,4290727,0,0,0,0,0,0,0,0,0.0,0.0,0.0
2024-02-26,2024,2,2024-W09,Analamanga,-18.9137,47.5247,eleve,4290727,0,0,0,0,0,0,0,0,0.0,0.0,0.0
2024-03-04,2024,3,2024-W10,Analamanga,-18.9137,47.5247,eleve,4290727,0,0,0,0,0,0,0,0,0.0,0.0,0.0
2024-03-11,2024,3,2024-W11,Analamanga,-18.9137,47.5247,eleve,4290727,0,0,0,0,0,0,0,0,0.0,0.0,0.0
2024-03-18,2024,3,2024-W12,Analamanga,-18.9137,47.5247,eleve,4290727,0,0,0,0,0,0,0,0,0.0,0.0,0.0
2024-03-25,2024,3,2024-W13,Analamanga,-18.9137,47.5247,eleve,4290727,0,0,0,0,0,0,0,0,0.0,0.0,0.0
2024-04-01,2024,4,2024-W14,Analamanga,-18.9137,47.5247,eleve,4290727,0,0,0,0,0,0,0,0,0.0,0.0,0.0
2024-04-08,2024,4,2024-W15,Analamanga,-18.9137,47.5247,eleve,4290727,0,0,0,0,0,0,0,0,0.0,0.0,0.0
2024-04-15,2024,4,2024-W16,Analamanga,-18.9137,47.5247,eleve,4290727,0,0,0,0,0,0,0,0,0.0,0.0,0.0
2024-04-22,2024,4,2024-W17,Analamanga,-18.9137,47.5247,eleve,4290727,0,0,0,0,0,0,0,0,0.0,0.0,0.0
2024-04-29,2024,4,2024-W18,Analamanga,-18.9137,47.5247,eleve,4290727,0,0,0,0,0,0,0,0,0.0,0.0,0.0
2024-05-06,2024,5,2024-W19,Analamanga,-18.9137,47.5247,eleve,4290727,0,0,0,0,0,0,0,0,0.0,0.0,0.0
2024-05-13,2024,5,2024-W20,Analamanga,-18.9137,47.5247,eleve,4290727,0,0,0,0,0,0,0,0,0.0,0.0,0.0
2024-05-20,2024,5,2024-W21,Analamanga,-18.9137,47.5247,eleve,4290727,0,0,0,0,0,0,0,0,0.0,0.0,0.0
2024-05-27,2024,5,2024-W22,Analamanga,-18.9137,47.5247,eleve,4290727,0,0,0,0,0,0,0,0,0.0,0.0,0.0
2024-06-03,2024,6,2024-W23,Analamanga,-18.9137,47.5247,eleve,4290727,0,0,0,0,0,0,0,0,0.0,0.0,0.0
2024-06-10,2024,6,2024-W24,Analamanga,-18.9137,47.5247,eleve,4290727,0,0,0,0,0,0,0,0,0.0,0.0,0.0
2024-06-17,2024,6,2024-W25,Analamanga,-18.9137,47.5247,eleve,4290727,0,0,0,0,0,0,0,0,0.0,0.0,0.0
2024-06-24,2024,6,2024-W26,Analamanga,-18.9137,47.5247,eleve,4290727,0,0,0,0,0,0,0,0,0.0,0.0,0.0
2024-07-01,2024,7,2024-W27,Analamanga,-18.9137,47.5247,eleve,4290727,0,0,0,0,0,0,0,0,0.0,0.0,0.0
2024-07-08,2024,7,2024-W28,Analamanga,-18.9137,47.5247,eleve,4290727,0,0,0,0,0,0,0,0,0.0,0.0,0.0
2024-07-15,2024,7,2024-W29,Analamanga,-18.9137,47.5247,eleve,4290727,0,0,0,0,0,0,0,0,0.0,0.0,0.0
2024-07-22,2024,7,2024-W30,Analamanga,-18.9137,47.5247,eleve,4290727,0,0,0,0,0,0,0,0,0.0,0.0,0.0
2024-07-29,2024,7,2024-W31,Analamanga,-18.9137,47.5247,eleve,4290727,0,0,0,0,0,0,0,0,0.0,0.0,0.0
2024-08-05,2024,8,2024-W32,Analamanga,-18.9137,47.5247,eleve,4290727,0,0,0,0,0,0,0,0,0.0,0.0,0.0
2024-08-12,2024,8,2024-W33,Analamanga,-18.9137,47.5247,eleve,4290727,0,0,0,0,0,0,0,0,0.0,0.0,0.0
2024-08-19,2024,8,2024-W34,Analamanga,-18.9137,47.5247,eleve,4290727,0,0,0,0,0,0,0,0,0.0,0.0,0.0
2024-08-26,2024,8,2024-W35,Analamanga,-18.9137,47.5247,eleve,4290727,0,0,0,0,0,0,0,0,0.0,0.0,0.0
2024-09-02,2024,9,2024-W36,Analamanga,-18.9137,47.5247,eleve,4290727,0,0,0,0,0,0,0,0,0.0,0.0,0.0
2024-09-09,2024,9,2024-W37,Analamanga,-18.9137,47.5247,eleve,4290727,0,0,0,0,0,0,0,0,0.0,0.0,0.0
2024-09-16,2024,9,2024-W38,Analamanga,-18.9137,47.5247,eleve,4290727,0,0,0,0,0,0,0,0,0.0,0.0,0.0
2024-09-23,2024,9,2024-W39,Analamanga,-18.9137,47.5247,eleve,4290727,0,0,0,0,0,0,0,0,0.0,0.0,0.0
2024-09-30,2024,9,2024-W40,Analamanga,-18.9137,47.5247,eleve,4290727,0,0,0,0,0,0,0,0,0.0,0.0,0.0
2024-10-07,2024,10,2024-W41,Analamanga,-18.9137,47.5247,eleve,4290727,0,0,0,0,0,0,0,0,0.0,0.0,0.0
2024-10-14,2024,10,2024-W42,Analamanga,-18.9137,47.5247,eleve,4290727,0,0,0,0,0,0,0,0,0.0,0.0,0.0
2024-10-21,2024,10,2024-W43,Analamanga,-18.9137,47.5247,eleve,4290727,0,0,0,0,0,0,0,0,0.0,0.0,0.0
2024-10-28,2024,10,2024-W44,Analamanga,-18.9137,47.5247,eleve,4290727,0,0,0,0,0,0,0,0,0.0,0.0,0.0
2024-11-04,2024,11,2024-W45,Analamanga,-18.9137,47.5247,eleve,4290727,0,0,0,0,0,0,0,0,0.0,0.0,0.0
2024-11-11,2024,11,2024-W46,Analamanga,-18.9137,47.5247,eleve,4290727,0,0,0,0,0,0,0,0,0.0,0.0,0.0
2024-11-18,2024,11,2024-W47,Analamanga,-18.9137,47.5247,eleve,4290727,0,0,0,0,0,0,0,0,0.0,0.0,0.0
2024-11-25,2024,11,2024-W48,Analamanga,-18.9137,47.5247,eleve,4290727,0,0,0,0,0,0,0,0,0.0,0.0,0.0
2024-12-02,2024,12,2024-W49,Analamanga,-18.9137,47.5247,eleve,4290727,0,0,0,0,0,0,0,0,0.0,0.0,0.0
2024-12-09,2024,12,2024-W50,Analamanga,-18.9137,47.5247,eleve,4290727,0,0,0,0,0,0,0,0,0.0,0.0,0.0
2024-12-16,2024,12,2024-W51,Analamanga,-18.9137,47.5247,eleve,4290727,0,0,0,0,0,0,0,0,0.0,0.0,0.0
2024-12-23,2024,12,2024-W52,Analamanga,-18.9137,47.5247,eleve,4290727,0,0,0,0,0,0,0,0,0.0,0.0,0.0
2024-12-30,2024,12,2025-W01,Analamanga,-18.9137,47.5247,eleve,4290727,0,0,0,0,0,0,0,0,0.0,0.0,0.0
2025-01-06,2025,1,2025-W02,Analamanga,-18.9137,47.5247,eleve,4290727,1,0,1,2,1,0,0,0,0.0466,0.0,0.0
2025-01-13,2025,1,2025-W03,Analamanga,-18.9137,47.5247,eleve,4290727,0,0,0,0,0,0,0,0,0.0,0.0,0.0
2025-01-20,2025,1,2025-W04,Analamanga,-18.9137,47.5247,eleve,4290727,0,0,0,0,0,0,0,0,0.0,0.0,0.0
2025-01-27,2025,1,2025-W05,Analamanga,-18.9137,47.5247,eleve,4290727,0,0,0,0,0,0,0,0,0.0,0.0,0.0
2025-02-03,2025,2,2025-W06,Analamanga,-18.9137,47.5247,eleve,4290727,0,0,0,0,0,0,0,0,0.0,0.0,0.0
2025-02-10,2025,2,2025-W07,Analamanga,-18.9137,47.5247,eleve,4290727,0,0,0,0,0,0,0,0,0.0,0.0,0.0
2025-02-17,2025,2,2025-W08,Analamanga,-18.9137,47.5247,eleve,4290727,0,0,0,0,0,0,0,0,0.0,0.0,0.0
2025-02-24,2025,2,2025-W09,Analamanga,-18.9137,47.5247,eleve,4290727,0,0,0,0,0,0,0,0,0.0,0.0,0.0
2025-03-03,2025,3,2025-W10,Analamanga,-18.9137,47.5247,eleve,4290727,0,0,0,0,0,0,0,0,0.0,0.0,0.0
2025-03-10,2025,3,2025-W11,Analamanga,-18.9137,47.5247,eleve,4290727,0,0,0,0,0,0,0,0,0.0,0.0,0.0
2025-03-17,2025,3,2025-W12,Analamanga,-18.9137,47.5247,eleve,4290727,0,0,0,0,0,0,0,0,0.0,0.0,0.0
2025-03-24,2025,3,2025-W13,Analamanga,-18.9137,47.5247,eleve,4290727,0,0,0,0,0,0,0,0,0.0,0.0,0.0
2025-03-31,2025,3,2025-W14,Analamanga,-18.9137,47.5247,eleve,4290727,0,0,0,0,0,0,0,0,0.0,0.0,0.0
2025-04-07,2025,4,2025-W15,Analamanga,-18.9137,47.5247,eleve,4290727,0,0,0,0,0,0,0,0,0.0,0.0,0.0
2025-04-14,2025,4,2025-W16,Analamanga,-18.9137,47.5247,eleve,4290727,0,0,0,0,0,0,0,0,0.0,0.0,0.0
2025-04-21,2025,4,2025-W17,Analamanga,-18.9137,47.5247,eleve,4290727,0,0,0,0,0,0,0,0,0.0,0.0,0.0
2025-04-28,2025,4,2025-W18,Analamanga,-18.9137,47.5247,eleve,4290727,0,0,0,0,0,0,0,0,0.0,0.0,0.0
2025-05-05,2025,5,2025-W19,Analamanga,-18.9137,47.5247,eleve,4290727,0,0,0,0,0,0,0,0,0.0,0.0,0.0
2025-05-12,2025,5,2025-W20,Analamanga,-18.9137,47.5247,eleve,4290727,0,0,0,0,0,0,0,0,0.0,0.0,0.0
2025-05-19,2025,5,2025-W21,Analamanga,-18.9137,47.5247,eleve,4290727,0,0,0,0,0,0,0,0,0.0,0.0,0.0
2025-05-26,2025,5,2025-W22,Analamanga,-18.9137,47.5247,eleve,4290727,0,0,0,0,0,0,0,0,0.0,0.0,0.0
2025-06-02,2025,6,2025-W23,Analamanga,-18.9137,47.5247,eleve,4290727,0,0,0,0,0,0,0,0,0.0,0.0,0.0
2025-06-09,2025,6,2025-W24,Analamanga,-18.9137,47.5247,eleve,4290727,0,0,0,0,0,0,0,0,0.0,0.0,0.0
2025-06-16,2025,6,2025-W25,Analamanga,-18.9137,47.5247,eleve,4290727,0,0,0,0,0,0,0,0,0.0,0.0,0.0
2025-06-23,2025,6,2025-W26,Analamanga,-18.9137,47.5247,eleve,4290727,0,0,0,0,0,0,0,0,0.0,0.0,0.0
2025-06-30,2025,6,2025-W27,Analamanga,-18.9137,47.5247,eleve,4290727,0,0,0,0,0,0,0,0,0.0,0.0,0.0
2025-07-07,2025,7,2025-W28,Analamanga,-18.9137,47.5247,eleve,4290727,0,0,0,0,0,0,0,0,0.0,0.0,0.0
2025-07-14,2025,7,2025-W29,Analamanga,-18.9137,47.5247,eleve,4290727,0,0,0,0,0,0,0,0,0.0,0.0,0.0
2025-07-21,2025,7,2025-W30,Analamanga,-18.9137,47.5247,eleve,4290727,0,0,0,0,0,0,0,0,0.0,0.0,0.0
2025-07-28,2025,7,2025-W31,Analamanga,-18.9137,47.5247,eleve,4290727,0,0,0,0,0,0,0,0,0.0,0.0,0.0
2025-08-04,2025,8,2025-W32,Analamanga,-18.9137,47.5247,eleve,4290727,0,0,0,0,0,0,0,0,0.0,0.0,0.0
2025-08-11,2025,8,2025-W33,Analamanga,-18.9137,47.5247,eleve,4290727,0,0,0,0,0,0,0,0,0.0,0.0,0.0
2025-08-18,2025,8,2025-W34,Analamanga,-18.9137,47.5247,eleve,4290727,0,0,0,0,0,0,0,0,0.0,0.0,0.0
2025-08-25,2025,8,2025-W35,Analamanga,-18.9137,47.5247,eleve,4290727,0,0,0,0,0,0,0,0,0.0,0.0,0.0
2025-09-01,2025,9,2025-W36,Analamanga,-18.9137,47.5247,eleve,4290727,0,0,0,0,0,0,0,0,0.0,0.0,0.0
2025-09-08,2025,9,2025-W37,Analamanga,-18.9137,47.5247,eleve,4290727,0,0,0,0,0,0,0,0,0.0,0.0,0.0
2025-09-15,2025,9,2025-W38,Analamanga,-18.9137,47.5247,eleve,4290727,0,0,0,0,0,0,0,0,0.0,0.0,0.0
2025-09-22,2025,9,2025-W39,Analamanga,-18.9137,47.5247,eleve,4290727,0,0,0,0,0,0,0,0,0.0,0.0,0.0
2025-09-29,2025,9,2025-W40,Analamanga,-18.9137,47.5247,eleve,4290727,0,0,0,0,0,0,0,0,0.0,0.0,0.0
2025-10-06,2025,10,2025-W41,Analamanga,-18.9137,47.5247,eleve,4290727,0,0,0,0,0,0,0,0,0.0,0.0,0.0
2025-10-13,2025,10,2025-W42,Analamanga,-18.9137,47.5247,eleve,4290727,0,0,0,0,0,0,0,0,0.0,0.0,0.0
2025-10-20,2025,10,2025-W43,Analamanga,-18.9137,47.5247,eleve,4290727,0,0,0,0,0,0,0,0,0.0,0.0,0.0
2025-10-27,2025,10,2025-W44,Analamanga,-18.9137,47.5247,eleve,4290727,0,0,0,0,0,0,0,0,0.0,0.0,0.0
2025-11-03,2025,11,2025-W45,Analamanga,-18.9137,47.5247,eleve,4290727,0,0,0,0,0,0,0,0,0.0,0.0,0.0
2025-11-10,2025,11,2025-W46,Analamanga,-18.9137,47.5247,eleve,4290727,0,0,0,0,0,0,0,0,0.0,0.0,0.0
2025-11-17,2025,11,2025-W47,Analamanga,-18.9137,47.5247,eleve,4290727,0,0,0,0,0,0,0,0,0.0,0.0,0.0
2025-11-24,2025,11,2025-W48,Analamanga,-18.9137,47.5247,eleve,4290727,0,0,0,0,0,0,0,0,0.0,0.0,0.0
2025-12-01,2025,12,2025-W49,Analamanga,-18.9137,47.5247,eleve,4290727,0,0,0,0,0,0,0,0,0.0,0.0,0.0
2025-12-08,2025,12,2025-W50,Analamanga,-18.9137,47.5247,eleve,4290727,0,0,0,0,0,0,0,0,0.0,0.0,0.0
2025-12-15,2025,12,2025-W51,Analamanga,-18.9137,47.5247,eleve,4290727,0,0,0,0,0,0,0,0,0.0,0.0,0.0
2025-12-22,2025,12,2025-W52,Analamanga,-18.9137,47.5247,eleve,4290727,0,0,0,0,0,0,0,0,0.0,0.0,0.0
2025-12-29,2025,12,2026-W01,Analamanga,-18.9137,47.5247,eleve,4290727,0,0,0,0,0,0,0,0,0.0,0.0,0.0
2026-01-05,2026,1,2026-W02,Analamanga,-18.9137,47.5247,eleve,4290727,0,0,0,0,0,0,0,0,0.0,0.0,0.0
2026-01-12,2026,1,2026-W03,Analamanga,-18.9137,47.5247,eleve,4290727,0,0,0,0,0,0,0,0,0.0,0.0,0.0
2026-01-19,2026,1,2026-W04,Analamanga,-18.9137,47.5247,eleve,4290727,0,0,0,0,0,0,0,0,0.0,0.0,0.0
2026-01-26,2026,1,2026-W05,Analamanga,-18.9137,47.5247,eleve,4290727,0,0,0,0,0,0,0,0,0.0,0.0,0.0
2026-02-02,2026,2,2026-W06,Analamanga,-18.9137,47.5247,eleve,4290727,0,0,0,0,0,0,0,0,0.0,0.0,0.0
2026-02-09,2026,2,2026-W07,Analamanga,-18.9137,47.5247,eleve,4290727,0,0,0,0,0,0,0,0,0.0,0.0,0.0
2026-02-16,2026,2,2026-W08,Analamanga,-18.9137,47.5247,eleve,4290727,0,0,0,0,0,0,0,0,0.0,0.0,0.0
2026-02-23,2026,2,2026-W09,Analamanga,-18.9137,47.5247,eleve,4290727,0,0,0,0,0,0,0,0,0.0,0.0,0.0
2026-03-02,2026,3,2026-W10,Analamanga,-18.9137,47.5247,eleve,4290727,0,0,0,0,0,0,0,0,0.0,0.0,0.0
2026-03-09,2026,3,2026-W11,Analamanga,-18.9137,47.5247,eleve,4290727,0,0,0,0,0,0,0,0,0.0,0.0,0.0
2026-03-16,2026,3,2026-W12,Analamanga,-18.9137,47.5247,eleve,4290727,0,0,0,0,0,0,0,0,0.0,0.0,0.0
2026-03-23,2026,3,2026-W13,Analamanga,-18.9137,47.5247,eleve,4290727,0,0,0,0,0,0,0,0,0.0,0.0,0.0
2026-03-30,2026,3,2026-W14,Analamanga,-18.9137,47.5247,eleve,4290727,0,0,0,0,0,0,0,0,0.0,0.0,0.0
2026-04-06,2026,4,2026-W15,Analamanga,-18.9137,47.5247,eleve,4290727,0,0,0,0,0,0,0,0,0.0,0.0,0.0
2026-04-13,2026,4,2026-W16,Analamanga,-18.9137,47.5247,eleve,4290727,0,0,0,0,0,0,0,0,0.0,0.0,0.0
2026-04-20,2026,4,2026-W17,Analamanga,-18.9137,47.5247,eleve,4290727,0,0,0,0,0,0,0,0,0.0,0.0,0.0
2026-04-27,2026,4,2026-W18,Analamanga,-18.9137,47.5247,eleve,4290727,0,0,0,0,0,0,0,0,0.0,0.0,0.0
2026-05-04,2026,5,2026-W19,Analamanga,-18.9137,47.5247,eleve,4290727,0,0,0,0,0,0,0,0,0.0,0.0,0.0
2026-05-11,2026,5,2026-W20,Analamanga,-18.9137,47.5247,eleve,4290727,0,0,0,0,0,0,0,0,0.0,0.0,0.0
2026-05-18,2026,5,2026-W21,Analamanga,-18.9137,47.5247,eleve,4290727,0,0,0,0,0,0,0,0,0.0,0.0,0.0
2026-05-25,2026,5,2026-W22,Analamanga,-18.9137,47.5247,eleve,4290727,0,0,0,0,0,0,0,0,0.0,0.0,0.0
2026-06-01,2026,6,2026-W23,Analamanga,-18.9137,47.5247,eleve,4290727,0,0,0,0,0,0,0,0,0.0,0.0,0.0
2026-06-08,2026,6,2026-W24,Analamanga,-18.9137,47.5247,eleve,4290727,0,0,0,0,0,0,0,0,0.0,0.0,0.0
2026-06-15,2026,6,2026-W25,Analamanga,-18.9137,47.5247,eleve,4290727,0,0,0,0,0,0,0,0,0.0,0.0,0.0
2026-06-22,2026,6,2026-W26,Analamanga,-18.9137,47.5247,eleve,4290727,0,0,0,0,0,0,0,0,0.0,0.0,0.0
2026-06-29,2026,6,2026-W27,Analamanga,-18.9137,47.5247,eleve,4290727,0,0,0,0,0,0,0,0,0.0,0.0,0.0
2026-07-06,2026,7,2026-W28,Analamanga,-18.9137,47.5247,eleve,4290727,0,0,0,0,0,0,0,0,0.0,0.0,0.0
2026-07-13,2026,7,2026-W29,Analamanga,-18.9137,47.5247,eleve,4290727,0,0,0,0,0,0,0,0,0.0,0.0,0.0
2026-07-20,2026,7,2026-W30,Analamanga,-18.9137,47.5247,eleve,4290727,0,0,0,0,0,0,0,0,0.0,0.0,0.0
2026-07-27,2026,7,2026-W31,Analamanga,-18.9137,47.5247,eleve,4290727,0,0,0,0,0,0,0,0,0.0,0.0,0.0
2020-01-06,2020,1,2020-W02,Vakinankaratra,-19.8667,47.0333,eleve,2462316,0,0,0,0,0,0,0,0,0.0,0.0,0.0
2020-01-13,2020,1,2020-W03,Vakinankaratra,-19.8667,47.0333,eleve,2462316,0,0,0,0,0,0,0,0,0.0,0.0,0.0
2020-01-20,2020,1,2020-W04,Vakinankaratra,-19.8667,47.0333,eleve,2462316,0,0,0,0,0,0,0,0,0.0,0.0,0.0
2020-01-27,2020,1,2020-W05,Vakinankaratra,-19.8667,47.0333,eleve,2462316,0,0,0,0,0,0,0,0,0.0,0.0,0.0
2020-02-03,2020,2,2020-W06,Vakinankaratra,-19.8667,47.0333,eleve,2462316,0,0,0,0,0,0,0,0,0.0,0.0,0.0
2020-02-10,2020,2,2020-W07,Vakinankaratra,-19.8667,47.0333,eleve,2462316,0,0,0,0,0,0,0,0,0.0,0.0,0.0
2020-02-17,2020,2,2020-W08,Vakinankaratra,-19.8667,47.0333,eleve,2462316,0,0,0,0,0,0,0,0,0.0,0.0,0.0
2020-02-24,2020,2,2020-W09,Vakinankaratra,-19.8667,47.0333,eleve,2462316,0,0,0,0,0,0,0,0,0.0,0.0,0.0
2020-03-02,2020,3,2020-W10,Vakinankaratra,-19.8667,47.0333,eleve,2462316,0,0,0,0,0,0,0,0,0.0,0.0,0.0
2020-03-09,2020,3,2020-W11,Vakinankaratra,-19.8667,47.0333,eleve,2462316,0,0,0,0,0,0,0,0,0.0,0.0,0.0
2020-03-16,2020,3,2020-W12,Vakinankaratra,-19.8667,47.0333,eleve,2462316,0,0,0,0,0,0,0,0,0.0,0.0,0.0
2020-03-23,2020,3,2020-W13,Vakinankaratra,-19.8667,47.0333,eleve,2462316,0,0,0,0,0,0,0,0,0.0,0.0,0.0
2020-03-30,2020,3,2020-W14,Vakinankaratra,-19.8667,47.0333,eleve,2462316,0,0,0,0,0,0,0,0,0.0,0.0,0.0
2020-04-06,2020,4,2020-W15,Vakinankaratra,-19.8667,47.0333,eleve,2462316,0,0,0,0,0,0,0,0,0.0,0.0,0.0
2020-04-13,2020,4,2020-W16,Vakinankaratra,-19.8667,47.0333,eleve,2462316,0,0,0,0,0,0,0,0,0.0,0.0,0.0
2020-04-20,2020,4,2020-W17,Vakinankaratra,-19.8667,47.0333,eleve,2462316,0,0,0,0,0,0,0,0,0.0,0.0,0.0
2020-04-27,2020,4,2020-W18,Vakinankaratra,-19.8667,47.0333,eleve,2462316,0,0,0,0,0,0,0,0,0.0,0.0,0.0
2020-05-04,2020,5,2020-W19,Vakinankaratra,-19.8667,47.0333,eleve,2462316,0,0,0,0,0,0,0,0,0.0,0.0,0.0
2020-05-11,2020,5,2020-W20,Vakinankaratra,-19.8667,47.0333,eleve,2462316,0,0,0,0,0,0,0,0,0.0,0.0,0.0
2020-05-18,2020,5,2020-W21,Vakinankaratra,-19.8667,47.0333,eleve,2462316,0,0,0,0,0,0,0,0,0.0,0.0,0.0
2020-05-25,2020,5,2020-W22,Vakinankaratra,-19.8667,47.0333,eleve,2462316,0,0,0,0,0,0,0,0,0.0,0.0,0.0
2020-06-01,2020,6,2020-W23,Vakinankaratra,-19.8667,47.0333,eleve,2462316,0,0,0,0,0,0,0,0,0.0,0.0,0.0
2020-06-08,2020,6,2020-W24,Vakinankaratra,-19.8667,47.0333,eleve,2462316,0,0,0,0,0,0,0,0,0.0,0.0,0.0
2020-06-15,2020,6,2020-W25,Vakinankaratra,-19.8667,47.0333,eleve,2462316,0,0,0,0,0,0,0,0,0.0,0.0,0.0
2020-06-22,2020,6,2020-W26,Vakinankaratra,-19.8667,47.0333,eleve,2462316,0,0,0,0,0,0,0,0,0.0,0.0,0.0
2020-06-29,2020,6,2020-W27,Vakinankaratra,-19.8667,47.0333,eleve,2462316,0,0,0,0,0,0,0,0,0.0,0.0,0.0
2020-07-06,2020,7,2020-W28,Vakinankaratra,-19.8667,47.0333,eleve,2462316,0,0,0,0,0,0,0,0,0.0,0.0,0.0
2020-07-13,2020,7,2020-W29,Vakinankaratra,-19.8667,47.0333,eleve,2462316,0,0,0,0,0,0,0,0,0.0,0.0,0.0
2020-07-20,2020,7,2020-W30,Vakinankaratra,-19.8667,47.0333,eleve,2462316,0,0,0,0,0,0,0,0,0.0,0.0,0.0
2020-07-27,2020,7,2020-W31,Vakinankaratra,-19.8667,47.0333,eleve,2462316,0,0,0,0,0,0,0,0,0.0,0.0,0.0
2020-08-03,2020,8,2020-W32,Vakinankaratra,-19.8667,47.0333,eleve,2462316,0,0,0,0,0,0,0,0,0.0,0.0,0.0
2020-08-10,2020,8,2020-W33,Vakinankaratra,-19.8667,47.0333,eleve,2462316,0,0,0,0,0,0,0,0,0.0,0.0,0.0
2020-08-17,2020,8,2020-W34,Vakinankaratra,-19.8667,47.0333,eleve,2462316,0,0,0,0,0,0,0,0,0.0,0.0,0.0
2020-08-24,2020,8,2020-W35,Vakinankaratra,-19.8667,47.0333,eleve,2462316,0,0,0,0,0,0,0,0,0.0,0.0,0.0
2020-08-31,2020,8,2020-W36,Vakinankaratra,-19.8667,47.0333,eleve,2462316,0,0,0,0,0,0,0,0,0.0,0.0,0.0
2020-09-07,2020,9,2020-W37,Vakinankaratra,-19.8667,47.0333,eleve,2462316,0,0,0,0,0,0,0,0,0.0,0.0,0.0
2020-09-14,2020,9,2020-W38,Vakinankaratra,-19.8667,47.0333,eleve,2462316,0,0,0,0,0,0,0,0,0.0,0.0,0.0
2020-09-21,2020,9,2020-W39,Vakinankaratra,-19.8667,47.0333,eleve,2462316,0,0,0,0,0,0,0,0,0.0,0.0,0.0
2020-09-28,2020,9,2020-W40,Vakinankaratra,-19.8667,47.0333,eleve,2462316,0,0,0,0,0,0,0,0,0.0,0.0,0.0
2020-10-05,2020,10,2020-W41,Vakinankaratra,-19.8667,47.0333,eleve,2462316,0,0,0,0,0,0,0,0,0.0,0.0,0.0
2020-10-12,2020,10,2020-W42,Vakinankaratra,-19.8667,47.0333,eleve,2462316,0,0,0,0,0,0,0,0,0.0,0.0,0.0
2020-10-19,2020,10,2020-W43,Vakinankaratra,-19.8667,47.0333,eleve,2462316,0,0,0,0,0,0,0,0,0.0,0.0,0.0
2020-10-26,2020,10,2020-W44,Vakinankaratra,-19.8667,47.0333,eleve,2462316,0,0,0,0,0,0,0,0,0.0,0.0,0.0
2020-11-02,2020,11,2020-W45,Vakinankaratra,-19.8667,47.0333,eleve,2462316,0,0,0,0,0,0,0,0,0.0,0.0,0.0
2020-11-09,2020,11,2020-W46,Vakinankaratra,-19.8667,47.0333,eleve,2462316,0,0,0,0,0,0,0,0,0.0,0.0,0.0
2020-11-16,2020,11,2020-W47,Vakinankaratra,-19.8667,47.0333,eleve,2462316,0,0,0,0,0,0,0,0,0.0,0.0,0.0
2020-11-23,2020,11,2020-W48,Vakinankaratra,-19.8667,47.0333,eleve,2462316,0,0,0,0,0,0,0,0,0.0,0.0,0.0
2020-11-30,2020,11,2020-W49,Vakinankaratra,-19.8667,47.0333,eleve,2462316,0,0,0,0,0,0,0,0,0.0,0.0,0.0
2020-12-07,2020,12,2020-W50,Vakinankaratra,-19.8667,47.0333,eleve,2462316,0,0,0,0,0,0,0,0,0.0,0.0,0.0
2020-12-14,2020,12,2020-W51,Vakinankaratra,-19.8667,47.0333,eleve,2462316,0,0,0,0,0,0,0,0,0.0,0.0,0.0
2020-12-21,2020,12,2020-W52,Vakinankaratra,-19.8667,47.0333,eleve,2462316,0,0,0,0,0,0,0,0,0.0,0.0,0.0
2020-12-28,2020,12,2020-W53,Vakinankaratra,-19.8667,47.0333,eleve,2462316,0,0,0,0,0,0,0,0,0.0,0.0,0.0
2021-01-04,2021,1,2021-W01,Vakinankaratra,-19.8667,47.0333,eleve,2462316,11,2,1,14,4,3,19,17,0.5686,21.43,14.29
2021-01-11,2021,1,2021-W02,Vakinankaratra,-19.8667,47.0333,eleve,2462316,0,0,0,0,0,0,0,0,0.0,0.0,0.0
2021-01-18,2021,1,2021-W03,Vakinankaratra,-19.8667,47.0333,eleve,2462316,0,0,0,0,0,0,0,0,0.0,0.0,0.0
2021-01-25,2021,1,2021-W04,Vakinankaratra,-19.8667,47.0333,eleve,2462316,0,0,0,0,0,0,0,0,0.0,0.0,0.0
2021-02-01,2021,2,2021-W05,Vakinankaratra,-19.8667,47.0333,eleve,2462316,0,0,0,0,0,0,0,0,0.0,0.0,0.0
2021-02-08,2021,2,2021-W06,Vakinankaratra,-19.8667,47.0333,eleve,2462316,0,0,0,0,0,0,0,0,0.0,0.0,0.0
2021-02-15,2021,2,2021-W07,Vakinankaratra,-19.8667,47.0333,eleve,2462316,0,0,0,0,0,0,0,0,0.0,0.0,0.0
2021-02-22,2021,2,2021-W08,Vakinankaratra,-19.8667,47.0333,eleve,2462316,0,0,0,0,0,0,0,0,0.0,0.0,0.0
2021-03-01,2021,3,2021-W09,Vakinankaratra,-19.8667,47.0333,eleve,2462316,0,0,0,0,0,0,0,0,0.0,0.0,0.0
2021-03-08,2021,3,2021-W10,Vakinankaratra,-19.8667,47.0333,eleve,2462316,0,0,0,0,0,0,0,0,0.0,0.0,0.0
2021-03-15,2021,3,2021-W11,Vakinankaratra,-19.8667,47.0333,eleve,2462316,0,0,0,0,0,0,0,0,0.0,0.0,0.0
2021-03-22,2021,3,2021-W12,Vakinankaratra,-19.8667,47.0333,eleve,2462316,0,0,0,0,0,0,0,0,0.0,0.0,0.0
2021-03-29,2021,3,2021-W13,Vakinankaratra,-19.8667,47.0333,eleve,2462316,0,0,0,0,0,0,0,0,0.0,0.0,0.0
2021-04-05,2021,4,2021-W14,Vakinankaratra,-19.8667,47.0333,eleve,2462316,0,0,0,0,0,0,0,0,0.0,0.0,0.0
2021-04-12,2021,4,2021-W15,Vakinankaratra,-19.8667,47.0333,eleve,2462316,0,0,0,0,0,0,0,0,0.0,0.0,0.0
2021-04-19,2021,4,2021-W16,Vakinankaratra,-19.8667,47.0333,eleve,2462316,0,0,0,0,0,0,0,0,0.0,0.0,0.0
2021-04-26,2021,4,2021-W17,Vakinankaratra,-19.8667,47.0333,eleve,2462316,0,0,0,0,0,0,0,0,0.0,0.0,0.0
2021-05-03,2021,5,2021-W18,Vakinankaratra,-19.8667,47.0333,eleve,2462316,0,0,0,0,0,0,0,0,0.0,0.0,0.0
2021-05-10,2021,5,2021-W19,Vakinankaratra,-19.8667,47.0333,eleve,2462316,0,0,0,0,0,0,0,0,0.0,0.0,0.0
2021-05-17,2021,5,2021-W20,Vakinankaratra,-19.8667,47.0333,eleve,2462316,0,0,0,0,0,0,0,0,0.0,0.0,0.0
2021-05-24,2021,5,2021-W21,Vakinankaratra,-19.8667,47.0333,eleve,2462316,0,0,0,0,0,0,0,0,0.0,0.0,0.0
2021-05-31,2021,5,2021-W22,Vakinankaratra,-19.8667,47.0333,eleve,2462316,0,0,0,0,0,0,0,0,0.0,0.0,0.0
2021-06-07,2021,6,2021-W23,Vakinankaratra,-19.8667,47.0333,eleve,2462316,0,0,0,0,0,0,0,0,0.0,0.0,0.0
2021-06-14,2021,6,2021-W24,Vakinankaratra,-19.8667,47.0333,eleve,2462316,0,0,0,0,0,0,0,0,0.0,0.0,0.0
2021-06-21,2021,6,2021-W25,Vakinankaratra,-19.8667,47.0333,eleve,2462316,0,0,0,0,0,0,0,0,0.0,0.0,0.0
2021-06-28,2021,6,2021-W26,Vakinankaratra,-19.8667,47.0333,eleve,2462316,0,0,0,0,0,0,0,0,0.0,0.0,0.0
2021-07-05,2021,7,2021-W27,Vakinankaratra,-19.8667,47.0333,eleve,2462316,0,0,0,0,0,0,0,0,0.0,0.0,0.0
2021-07-12,2021,7,2021-W28,Vakinankaratra,-19.8667,47.0333,eleve,2462316,0,0,0,0,0,0,0,0,0.0,0.0,0.0
2021-07-19,2021,7,2021-W29,Vakinankaratra,-19.8667,47.0333,eleve,2462316,0,0,0,0,0,0,0,0,0.0,0.0,0.0
2021-07-26,2021,7,2021-W30,Vakinankaratra,-19.8667,47.0333,eleve,2462316,0,0,0,0,0,0,0,0,0.0,0.0,0.0
2021-08-02,2021,8,2021-W31,Vakinankaratra,-19.8667,47.0333,eleve,2462316,0,0,0,0,0,0,0,0,0.0,0.0,0.0
2021-08-09,2021,8,2021-W32,Vakinankaratra,-19.8667,47.0333,eleve,2462316,0,0,0,0,0,0,0,0,0.0,0.0,0.0
2021-08-16,2021,8,2021-W33,Vakinankaratra,-19.8667,47.0333,eleve,2462316,0,0,0,0,0,0,0,0,0.0,0.0,0.0
2021-08-23,2021,8,2021-W34,Vakinankaratra,-19.8667,47.0333,eleve,2462316,0,0,0,0,0,0,0,0,0.0,0.0,0.0
2021-08-30,2021,8,2021-W35,Vakinankaratra,-19.8667,47.0333,eleve,2462316,0,0,0,0,0,0,0,0,0.0,0.0,0.0
2021-09-06,2021,9,2021-W36,Vakinankaratra,-19.8667,47.0333,eleve,2462316,0,0,0,0,0,0,0,0,0.0,0.0,0.0
2021-09-13,2021,9,2021-W37,Vakinankaratra,-19.8667,47.0333,eleve,2462316,0,0,0,0,0,0,0,0,0.0,0.0,0.0
2021-09-20,2021,9,2021-W38,Vakinankaratra,-19.8667,47.0333,eleve,2462316,0,0,0,0,0,0,0,0,0.0,0.0,0.0
2021-09-27,2021,9,2021-W39,Vakinankaratra,-19.8667,47.0333,eleve,2462316,0,0,0,0,0,0,0,0,0.0,0.0,0.0
2021-10-04,2021,10,2021-W40,Vakinankaratra,-19.8667,47.0333,eleve,2462316,0,0,0,0,0,0,0,0,0.0,0.0,0.0
2021-10-11,2021,10,2021-W41,Vakinankaratra,-19.8667,47.0333,eleve,2462316,0,0,0,0,0,0,0,0,0.0,0.0,0.0
2021-10-18,2021,10,2021-W42,Vakinankaratra,-19.8667,47.0333,eleve,2462316,0,0,0,0,0,0,0,0,0.0,0.0,0.0
2021-10-25,2021,10,2021-W43,Vakinankaratra,-19.8667,47.0333,eleve,2462316,0,0,0,0,0,0,0,0,0.0,0.0,0.0
2021-11-01,2021,11,2021-W44,Vakinankaratra,-19.8667,47.0333,eleve,2462316,0,0,0,0,0,0,0,0,0.0,0.0,0.0
2021-11-08,2021,11,2021-W45,Vakinankaratra,-19.8667,47.0333,eleve,2462316,0,0,0,0,0,0,0,0,0.0,0.0,0.0
2021-11-15,2021,11,2021-W46,Vakinankaratra,-19.8667,47.0333,eleve,2462316,0,0,0,0,0,0,0,0,0.0,0.0,0.0
2021-11-22,2021,11,2021-W47,Vakinankaratra,-19.8667,47.0333,eleve,2462316,0,0,0,0,0,0,0,0,0.0,0.0,0.0
2021-11-29,2021,11,2021-W48,Vakinankaratra,-19.8667,47.0333,eleve,2462316,0,0,0,0,0,0,0,0,0.0,0.0,0.0
2021-12-06,2021,12,2021-W49,Vakinankaratra,-19.8667,47.0333,eleve,2462316,0,0,0,0,0,0,0,0,0.0,0.0,0.0
2021-12-13,2021,12,2021-W50,Vakinankaratra,-19.8667,47.0333,eleve,2462316,0,0,0,0,0,0,0,0,0.0,0.0,0.0
2021-12-20,2021,12,2021-W51,Vakinankaratra,-19.8667,47.0333,eleve,2462316,0,0,0,0,0,0,0,0,0.0,0.0,0.0
2021-12-27,2021,12,2021-W52,Vakinankaratra,-19.8667,47.0333,eleve,2462316,0,0,0,0,0,0,0,0,0.0,0.0,0.0
2022-01-03,2022,1,2022-W01,Vakinankaratra,-19.8667,47.0333,eleve,2462316,0,0,0,0,0,0,0,0,0.0,0.0,0.0
2022-01-10,2022,1,2022-W02,Vakinankaratra,-19.8667,47.0333,eleve,2462316,0,0,0,0,0,0,0,0,0.0,0.0,0.0
2022-01-17,2022,1,2022-W03,Vakinankaratra,-19.8667,47.0333,eleve,2462316,0,0,0,0,0,0,0,0,0.0,0.0,0.0
2022-01-24,2022,1,2022-W04,Vakinankaratra,-19.8667,47.0333,eleve,2462316,0,0,0,0,0,0,0,0,0.0,0.0,0.0
2022-01-31,2022,1,2022-W05,Vakinankaratra,-19.8667,47.0333,eleve,2462316,0,0,0,0,0,0,0,0,0.0,0.0,0.0
2022-02-07,2022,2,2022-W06,Vakinankaratra,-19.8667,47.0333,eleve,2462316,0,0,0,0,0,0,0,0,0.0,0.0,0.0
2022-02-14,2022,2,2022-W07,Vakinankaratra,-19.8667,47.0333,eleve,2462316,0,0,0,0,0,0,0,0,0.0,0.0,0.0
2022-02-21,2022,2,2022-W08,Vakinankaratra,-19.8667,47.0333,eleve,2462316,0,0,0,0,0,0,0,0,0.0,0.0,0.0
2022-02-28,2022,2,2022-W09,Vakinankaratra,-19.8667,47.0333,eleve,2462316,0,0,0,0,0,0,0,0,0.0,0.0,0.0
2022-03-07,2022,3,2022-W10,Vakinankaratra,-19.8667,47.0333,eleve,2462316,0,0,0,0,0,0,0,0,0.0,0.0,0.0
2022-03-14,2022,3,2022-W11,Vakinankaratra,-19.8667,47.0333,eleve,2462316,0,0,0,0,0,0,0,0,0.0,0.0,0.0
2022-03-21,2022,3,2022-W12,Vakinankaratra,-19.8667,47.0333,eleve,2462316,0,0,0,0,0,0,0,0,0.0,0.0,0.0
2022-03-28,2022,3,2022-W13,Vakinankaratra,-19.8667,47.0333,eleve,2462316,0,0,0,0,0,0,0,0,0.0,0.0,0.0
2022-04-04,2022,4,2022-W14,Vakinankaratra,-19.8667,47.0333,eleve,2462316,0,0,0,0,0,0,0,0,0.0,0.0,0.0
2022-04-11,2022,4,2022-W15,Vakinankaratra,-19.8667,47.0333,eleve,2462316,0,0,0,0,0,0,0,0,0.0,0.0,0.0
2022-04-18,2022,4,2022-W16,Vakinankaratra,-19.8667,47.0333,eleve,2462316,0,0,0,0,0,0,0,0,0.0,0.0,0.0
2022-04-25,2022,4,2022-W17,Vakinankaratra,-19.8667,47.0333,eleve,2462316,0,0,0,0,0,0,0,0,0.0,0.0,0.0
2022-05-02,2022,5,2022-W18,Vakinankaratra,-19.8667,47.0333,eleve,2462316,0,0,0,0,0,0,0,0,0.0,0.0,0.0
2022-05-09,2022,5,2022-W19,Vakinankaratra,-19.8667,47.0333,eleve,2462316,0,0,0,0,0,0,0,0,0.0,0.0,0.0
2022-05-16,2022,5,2022-W20,Vakinankaratra,-19.8667,47.0333,eleve,2462316,0,0,0,0,0,0,0,0,0.0,0.0,0.0
2022-05-23,2022,5,2022-W21,Vakinankaratra,-19.8667,47.0333,eleve,2462316,0,0,0,0,0,0,0,0,0.0,0.0,0.0
2022-05-30,2022,5,2022-W22,Vakinankaratra,-19.8667,47.0333,eleve,2462316,0,0,0,0,0,0,0,0,0.0,0.0,0.0
2022-06-06,2022,6,2022-W23,Vakinankaratra,-19.8667,47.0333,eleve,2462316,0,0,0,0,0,0,0,0,0.0,0.0,0.0
2022-06-13,2022,6,2022-W24,Vakinankaratra,-19.8667,47.0333,eleve,2462316,0,0,0,0,0,0,0,0,0.0,0.0,0.0
2022-06-20,2022,6,2022-W25,Vakinankaratra,-19.8667,47.0333,eleve,2462316,0,0,0,0,0,0,0,0,0.0,0.0,0.0
2022-06-27,2022,6,2022-W26,Vakinankaratra,-19.8667,47.0333,eleve,2462316,0,0,0,0,0,0,0,0,0.0,0.0,0.0
2022-07-04,2022,7,2022-W27,Vakinankaratra,-19.8667,47.0333,eleve,2462316,0,0,0,0,0,0,0,0,0.0,0.0,0.0
2022-07-11,2022,7,2022-W28,Vakinankaratra,-19.8667,47.0333,eleve,2462316,0,0,0,0,0,0,0,0,0.0,0.0,0.0
2022-07-18,2022,7,2022-W29,Vakinankaratra,-19.8667,47.0333,eleve,2462316,0,0,0,0,0,0,0,0,0.0,0.0,0.0
2022-07-25,2022,7,2022-W30,Vakinankaratra,-19.8667,47.0333,eleve,2462316,0,0,0,0,0,0,0,0,0.0,0.0,0.0
2022-08-01,2022,8,2022-W31,Vakinankaratra,-19.8667,47.0333,eleve,2462316,0,0,0,0,0,0,0,0,0.0,0.0,0.0
2022-08-08,2022,8,2022-W32,Vakinankaratra,-19.8667,47.0333,eleve,2462316,0,0,0,0,0,0,0,0,0.0,0.0,0.0
2022-08-15,2022,8,2022-W33,Vakinankaratra,-19.8667,47.0333,eleve,2462316,0,0,0,0,0,0,0,0,0.0,0.0,0.0
2022-08-22,2022,8,2022-W34,Vakinankaratra,-19.8667,47.0333,eleve,2462316,0,0,0,0,0,0,0,0,0.0,0.0,0.0
2022-08-29,2022,8,2022-W35,Vakinankaratra,-19.8667,47.0333,eleve,2462316,0,0,0,0,0,0,0,0,0.0,0.0,0.0
2022-09-05,2022,9,2022-W36,Vakinankaratra,-19.8667,47.0333,eleve,2462316,0,0,0,0,0,0,0,0,0.0,0.0,0.0
2022-09-12,2022,9,2022-W37,Vakinankaratra,-19.8667,47.0333,eleve,2462316,0,0,0,0,0,0,0,0,0.0,0.0,0.0
2022-09-19,2022,9,2022-W38,Vakinankaratra,-19.8667,47.0333,eleve,2462316,0,0,0,0,0,0,0,0,0.0,0.0,0.0
2022-09-26,2022,9,2022-W39,Vakinankaratra,-19.8667,47.0333,eleve,2462316,0,0,0,0,0,0,0,0,0.0,0.0,0.0
2022-10-03,2022,10,2022-W40,Vakinankaratra,-19.8667,47.0333,eleve,2462316,0,0,0,0,0,0,0,0,0.0,0.0,0.0
2022-10-10,2022,10,2022-W41,Vakinankaratra,-19.8667,47.0333,eleve,2462316,0,0,0,0,0,0,0,0,0.0,0.0,0.0
2022-10-17,2022,10,2022-W42,Vakinankaratra,-19.8667,47.0333,eleve,2462316,0,0,0,0,0,0,0,0,0.0,0.0,0.0
2022-10-24,2022,10,2022-W43,Vakinankaratra,-19.8667,47.0333,eleve,2462316,0,0,0,0,0,0,0,0,0.0,0.0,0.0
2022-10-31,2022,10,2022-W44,Vakinankaratra,-19.8667,47.0333,eleve,2462316,0,0,0,0,0,0,0,0,0.0,0.0,0.0
2022-11-07,2022,11,2022-W45,Vakinankaratra,-19.8667,47.0333,eleve,2462316,0,0,0,0,0,0,0,0,0.0,0.0,0.0
2022-11-14,2022,11,2022-W46,Vakinankaratra,-19.8667,47.0333,eleve,2462316,0,0,0,0,0,0,0,0,0.0,0.0,0.0
2022-11-21,2022,11,2022-W47,Vakinankaratra,-19.8667,47.0333,eleve,2462316,0,0,0,0,0,0,0,0,0.0,0.0,0.0
2022-11-28,2022,11,2022-W48,Vakinankaratra,-19.8667,47.0333,eleve,2462316,0,0,0,0,0,0,0,0,0.0,0.0,0.0
2022-12-05,2022,12,2022-W49,Vakinankaratra,-19.8667,47.0333,eleve,2462316,0,0,0,0,0,0,0,0,0.0,0.0,0.0
2022-12-12,2022,12,2022-W50,Vakinankaratra,-19.8667,47.0333,eleve,2462316,0,0,0,0,0,0,0,0,0.0,0.0,0.0
2022-12-19,2022,12,2022-W51,Vakinankaratra,-19.8667,47.0333,eleve,2462316,0,0,0,0,0,0,0,0,0.0,0.0,0.0
2022-12-26,2022,12,2022-W52,Vakinankaratra,-19.8667,47.0333,eleve,2462316,0,0,0,0,0,0,0,0,0.0,0.0,0.0
2023-01-02,2023,1,2023-W01,Vakinankaratra,-19.8667,47.0333,eleve,2462316,0,0,0,0,0,0,0,0,0.0,0.0,0.0
2023-01-09,2023,1,2023-W02,Vakinankaratra,-19.8667,47.0333,eleve,2462316,0,0,0,0,0,0,0,0,0.0,0.0,0.0
2023-01-16,2023,1,2023-W03,Vakinankaratra,-19.8667,47.0333,eleve,2462316,0,0,0,0,0,0,0,0,0.0,0.0,0.0
2023-01-23,2023,1,2023-W04,Vakinankaratra,-19.8667,47.0333,eleve,2462316,0,0,0,0,0,0,0,0,0.0,0.0,0.0
2023-01-30,2023,1,2023-W05,Vakinankaratra,-19.8667,47.0333,eleve,2462316,0,0,0,0,0,0,0,0,0.0,0.0,0.0
2023-02-06,2023,2,2023-W06,Vakinankaratra,-19.8667,47.0333,eleve,2462316,0,0,0,0,0,0,0,0,0.0,0.0,0.0
2023-02-13,2023,2,2023-W07,Vakinankaratra,-19.8667,47.0333,eleve,2462316,0,0,0,0,0,0,0,0,0.0,0.0,0.0
2023-02-20,2023,2,2023-W08,Vakinankaratra,-19.8667,47.0333,eleve,2462316,0,0,0,0,0,0,0,0,0.0,0.0,0.0
2023-02-27,2023,2,2023-W09,Vakinankaratra,-19.8667,47.0333,eleve,2462316,0,0,0,0,0,0,0,0,0.0,0.0,0.0
2023-03-06,2023,3,2023-W10,Vakinankaratra,-19.8667,47.0333,eleve,2462316,0,0,0,0,0,0,0,0,0.0,0.0,0.0
2023-03-13,2023,3,2023-W11,Vakinankaratra,-19.8667,47.0333,eleve,2462316,0,0,0,0,0,0,0,0,0.0,0.0,0.0
2023-03-20,2023,3,2023-W12,Vakinankaratra,-19.8667,47.0333,eleve,2462316,0,0,0,0,0,0,0,0,0.0,0.0,0.0
2023-03-27,2023,3,2023-W13,Vakinankaratra,-19.8667,47.0333,eleve,2462316,0,0,0,0,0,0,0,0,0.0,0.0,0.0
2023-04-03,2023,4,2023-W14,Vakinankaratra,-19.8667,47.0333,eleve,2462316,0,0,0,0,0,0,0,0,0.0,0.0,0.0
2023-04-10,2023,4,2023-W15,Vakinankaratra,-19.8667,47.0333,eleve,2462316,0,0,0,0,0,0,0,0,0.0,0.0,0.0
2023-04-17,2023,4,2023-W16,Vakinankaratra,-19.8667,47.0333,eleve,2462316,0,0,0,0,0,0,0,0,0.0,0.0,0.0
2023-04-24,2023,4,2023-W17,Vakinankaratra,-19.8667,47.0333,eleve,2462316,0,0,0,0,0,0,0,0,0.0,0.0,0.0
2023-05-01,2023,5,2023-W18,Vakinankaratra,-19.8667,47.0333,eleve,2462316,0,0,0,0,0,0,0,0,0.0,0.0,0.0
2023-05-08,2023,5,2023-W19,Vakinankaratra,-19.8667,47.0333,eleve,2462316,0,0,0,0,0,0,0,0,0.0,0.0,0.0
2023-05-15,2023,5,2023-W20,Vakinankaratra,-19.8667,47.0333,eleve,2462316,0,0,0,0,0,0,0,0,0.0,0.0,0.0
2023-05-22,2023,5,2023-W21,Vakinankaratra,-19.8667,47.0333,eleve,2462316,0,0,0,0,0,0,0,0,0.0,0.0,0.0
2023-05-29,2023,5,2023-W22,Vakinankaratra,-19.8667,47.0333,eleve,2462316,0,0,0,0,0,0,0,0,0.0,0.0,0.0
2023-06-05,2023,6,2023-W23,Vakinankaratra,-19.8667,47.0333,eleve,2462316,0,0,0,0,0,0,0,0,0.0,0.0,0.0
2023-06-12,2023,6,2023-W24,Vakinankaratra,-19.8667,47.0333,eleve,2462316,0,0,0,0,0,0,0,0,0.0,0.0,0.0
2023-06-19,2023,6,2023-W25,Vakinankaratra,-19.8667,47.0333,eleve,2462316,0,0,0,0,0,0,0,0,0.0,0.0,0.0
2023-06-26,2023,6,2023-W26,Vakinankaratra,-19.8667,47.0333,eleve,2462316,0,0,0,0,0,0,0,0,0.0,0.0,0.0
2023-07-03,2023,7,2023-W27,Vakinankaratra,-19.8667,47.0333,eleve,2462316,0,0,0,0,0,0,0,0,0.0,0.0,0.0
2023-07-10,2023,7,2023-W28,Vakinankaratra,-19.8667,47.0333,eleve,2462316,0,0,0,0,0,0,0,0,0.0,0.0,0.0
2023-07-17,2023,7,2023-W29,Vakinankaratra,-19.8667,47.0333,eleve,2462316,0,0,0,0,0,0,0,0,0.0,0.0,0.0
2023-07-24,2023,7,2023-W30,Vakinankaratra,-19.8667,47.0333,eleve,2462316,0,0,0,0,0,0,0,0,0.0,0.0,0.0
2023-07-31,2023,7,2023-W31,Vakinankaratra,-19.8667,47.0333,eleve,2462316,0,0,0,0,0,0,0,0,0.0,0.0,0.0
2023-08-07,2023,8,2023-W32,Vakinankaratra,-19.8667,47.0333,eleve,2462316,0,0,0,0,0,0,0,0,0.0,0.0,0.0
2023-08-14,2023,8,2023-W33,Vakinankaratra,-19.8667,47.0333,eleve,2462316,0,0,0,0,0,0,0,0,0.0,0.0,0.0
2023-08-21,2023,8,2023-W34,Vakinankaratra,-19.8667,47.0333,eleve,2462316,0,0,0,0,0,0,0,0,0.0,0.0,0.0
2023-08-28,2023,8,2023-W35,Vakinankaratra,-19.8667,47.0333,eleve,2462316,0,0,0,0,0,0,0,0,0.0,0.0,0.0
2023-09-04,2023,9,2023-W36,Vakinankaratra,-19.8667,47.0333,eleve,2462316,0,0,0,0,0,0,0,0,0.0,0.0,0.0
2023-09-11,2023,9,2023-W37,Vakinankaratra,-19.8667,47.0333,eleve,2462316,0,0,0,0,0,0,0,0,0.0,0.0,0.0
2023-09-18,2023,9,2023-W38,Vakinankaratra,-19.8667,47.0333,eleve,2462316,0,0,0,0,0,0,0,0,0.0,0.0,0.0
2023-09-25,2023,9,2023-W39,Vakinankaratra,-19.8667,47.0333,eleve,2462316,0,0,0,0,0,0,0,0,0.0,0.0,0.0
2023-10-02,2023,10,2023-W40,Vakinankaratra,-19.8667,47.0333,eleve,2462316,0,0,0,0,0,0,0,0,0.0,0.0,0.0
2023-10-09,2023,10,2023-W41,Vakinankaratra,-19.8667,47.0333,eleve,2462316,0,0,0,0,0,0,0,0,0.0,0.0,0.0
2023-10-16,2023,10,2023-W42,Vakinankaratra,-19.8667,47.0333,eleve,2462316,0,0,0,0,0,0,0,0,0.0,0.0,0.0
2023-10-23,2023,10,2023-W43,Vakinankaratra,-19.8667,47.0333,eleve,2462316,0,0,0,0,0,0,0,0,0.0,0.0,0.0
2023-10-30,2023,10,2023-W44,Vakinankaratra,-19.8667,47.0333,eleve,2462316,0,0,0,0,0,0,0,0,0.0,0.0,0.0
2023-11-06,2023,11,2023-W45,Vakinankaratra,-19.8667,47.0333,eleve,2462316,0,0,0,0,0,0,0,0,0.0,0.0,0.0
2023-11-13,2023,11,2023-W46,Vakinankaratra,-19.8667,47.0333,eleve,2462316,0,0,0,0,0,0,0,0,0.0,0.0,0.0
2023-11-20,2023,11,2023-W47,Vakinankaratra,-19.8667,47.0333,eleve,2462316,0,0,0,0,0,0,0,0,0.0,0.0,0.0
2023-11-27,2023,11,2023-W48,Vakinankaratra,-19.8667,47.0333,eleve,2462316,0,0,0,0,0,0,0,0,0.0,0.0,0.0
2023-12-04,2023,12,2023-W49,Vakinankaratra,-19.8667,47.0333,eleve,2462316,0,0,0,0,0,0,0,0,0.0,0.0,0.0
2023-12-11,2023,12,2023-W50,Vakinankaratra,-19.8667,47.0333,eleve,2462316,0,0,0,0,0,0,0,0,0.0,0.0,0.0
2023-12-18,2023,12,2023-W51,Vakinankaratra,-19.8667,47.0333,eleve,2462316,0,0,0,0,0,0,0,0,0.0,0.0,0.0
2023-12-25,2023,12,2023-W52,Vakinankaratra,-19.8667,47.0333,eleve,2462316,0,0,0,0,0,0,0,0,0.0,0.0,0.0
2024-01-01,2024,1,2024-W01,Vakinankaratra,-19.8667,47.0333,eleve,2462316,0,0,0,0,0,0,0,0,0.0,0.0,0.0
2024-01-08,2024,1,2024-W02,Vakinankaratra,-19.8667,47.0333,eleve,2462316,0,0,0,0,0,0,0,0,0.0,0.0,0.0
2024-01-15,2024,1,2024-W03,Vakinankaratra,-19.8667,47.0333,eleve,2462316,0,0,0,0,0,0,0,0,0.0,0.0,0.0
2024-01-22,2024,1,2024-W04,Vakinankaratra,-19.8667,47.0333,eleve,2462316,0,0,0,0,0,0,0,0,0.0,0.0,0.0
2024-01-29,2024,1,2024-W05,Vakinankaratra,-19.8667,47.0333,eleve,2462316,0,0,0,0,0,0,0,0,0.0,0.0,0.0
2024-02-05,2024,2,2024-W06,Vakinankaratra,-19.8667,47.0333,eleve,2462316,0,0,0,0,0,0,0,0,0.0,0.0,0.0
2024-02-12,2024,2,2024-W07,Vakinankaratra,-19.8667,47.0333,eleve,2462316,0,0,0,0,0,0,0,0,0.0,0.0,0.0
2024-02-19,2024,2,2024-W08,Vakinankaratra,-19.8667,47.0333,eleve,2462316,0,0,0,0,0,0,0,0,0.0,0.0,0.0
2024-02-26,2024,2,2024-W09,Vakinankaratra,-19.8667,47.0333,eleve,2462316,0,0,0,0,0,0,0,0,0.0,0.0,0.0
2024-03-04,2024,3,2024-W10,Vakinankaratra,-19.8667,47.0333,eleve,2462316,0,0,0,0,0,0,0,0,0.0,0.0,0.0
2024-03-11,2024,3,2024-W11,Vakinankaratra,-19.8667,47.0333,eleve,2462316,0,0,0,0,0,0,0,0,0.0,0.0,0.0
2024-03-18,2024,3,2024-W12,Vakinankaratra,-19.8667,47.0333,eleve,2462316,0,0,0,0,0,0,0,0,0.0,0.0,0.0
2024-03-25,2024,3,2024-W13,Vakinankaratra,-19.8667,47.0333,eleve,2462316,0,0,0,0,0,0,0,0,0.0,0.0,0.0
2024-04-01,2024,4,2024-W14,Vakinankaratra,-19.8667,47.0333,eleve,2462316,0,0,0,0,0,0,0,0,0.0,0.0,0.0
2024-04-08,2024,4,2024-W15,Vakinankaratra,-19.8667,47.0333,eleve,2462316,0,0,0,0,0,0,0,0,0.0,0.0,0.0
2024-04-15,2024,4,2024-W16,Vakinankaratra,-19.8667,47.0333,eleve,2462316,0,0,0,0,0,0,0,0,0.0,0.0,0.0
2024-04-22,2024,4,2024-W17,Vakinankaratra,-19.8667,47.0333,eleve,2462316,0,0,0,0,0,0,0,0,0.0,0.0,0.0
2024-04-29,2024,4,2024-W18,Vakinankaratra,-19.8667,47.0333,eleve,2462316,0,0,0,0,0,0,0,0,0.0,0.0,0.0
2024-05-06,2024,5,2024-W19,Vakinankaratra,-19.8667,47.0333,eleve,2462316,0,0,0,0,0,0,0,0,0.0,0.0,0.0
2024-05-13,2024,5,2024-W20,Vakinankaratra,-19.8667,47.0333,eleve,2462316,0,0,0,0,0,0,0,0,0.0,0.0,0.0
2024-05-20,2024,5,2024-W21,Vakinankaratra,-19.8667,47.0333,eleve,2462316,0,0,0,0,0,0,0,0,0.0,0.0,0.0
2024-05-27,2024,5,2024-W22,Vakinankaratra,-19.8667,47.0333,eleve,2462316,0,0,0,0,0,0,0,0,0.0,0.0,0.0
2024-06-03,2024,6,2024-W23,Vakinankaratra,-19.8667,47.0333,eleve,2462316,0,0,0,0,0,0,0,0,0.0,0.0,0.0
2024-06-10,2024,6,2024-W24,Vakinankaratra,-19.8667,47.0333,eleve,2462316,0,0,0,0,0,0,0,0,0.0,0.0,0.0
2024-06-17,2024,6,2024-W25,Vakinankaratra,-19.8667,47.0333,eleve,2462316,0,0,0,0,0,0,0,0,0.0,0.0,0.0
2024-06-24,2024,6,2024-W26,Vakinankaratra,-19.8667,47.0333,eleve,2462316,0,0,0,0,0,0,0,0,0.0,0.0,0.0
2024-07-01,2024,7,2024-W27,Vakinankaratra,-19.8667,47.0333,eleve,2462316,0,0,0,0,0,0,0,0,0.0,0.0,0.0
2024-07-08,2024,7,2024-W28,Vakinankaratra,-19.8667,47.0333,eleve,2462316,0,0,0,0,0,0,0,0,0.0,0.0,0.0
2024-07-15,2024,7,2024-W29,Vakinankaratra,-19.8667,47.0333,eleve,2462316,0,0,0,0,0,0,0,0,0.0,0.0,0.0
2024-07-22,2024,7,2024-W30,Vakinankaratra,-19.8667,47.0333,eleve,2462316,0,0,0,0,0,0,0,0,0.0,0.0,0.0
2024-07-29,2024,7,2024-W31,Vakinankaratra,-19.8667,47.0333,eleve,2462316,0,0,0,0,0,0,0,0,0.0,0.0,0.0
2024-08-05,2024,8,2024-W32,Vakinankaratra,-19.8667,47.0333,eleve,2462316,0,0,0,0,0,0,0,0,0.0,0.0,0.0
2024-08-12,2024,8,2024-W33,Vakinankaratra,-19.8667,47.0333,eleve,2462316,0,0,0,0,0,0,0,0,0.0,0.0,0.0
2024-08-19,2024,8,2024-W34,Vakinankaratra,-19.8667,47.0333,eleve,2462316,0,0,0,0,0,0,0,0,0.0,0.0,0.0
2024-08-26,2024,8,2024-W35,Vakinankaratra,-19.8667,47.0333,eleve,2462316,0,0,0,0,0,0,0,0,0.0,0.0,0.0
2024-09-02,2024,9,2024-W36,Vakinankaratra,-19.8667,47.0333,eleve,2462316,0,0,0,0,0,0,0,0,0.0,0.0,0.0
2024-09-09,2024,9,2024-W37,Vakinankaratra,-19.8667,47.0333,eleve,2462316,0,0,0,0,0,0,0,0,0.0,0.0,0.0
2024-09-16,2024,9,2024-W38,Vakinankaratra,-19.8667,47.0333,eleve,2462316,0,0,0,0,0,0,0,0,0.0,0.0,0.0
2024-09-23,2024,9,2024-W39,Vakinankaratra,-19.8667,47.0333,eleve,2462316,0,0,0,0,0,0,0,0,0.0,0.0,0.0
2024-09-30,2024,9,2024-W40,Vakinankaratra,-19.8667,47.0333,eleve,2462316,0,0,0,0,0,0,0,0,0.0,0.0,0.0
2024-10-07,2024,10,2024-W41,Vakinankaratra,-19.8667,47.0333,eleve,2462316,0,0,0,0,0,0,0,0,0.0,0.0,0.0
2024-10-14,2024,10,2024-W42,Vakinankaratra,-19.8667,47.0333,eleve,2462316,0,0,0,0,0,0,0,0,0.0,0.0,0.0
2024-10-21,2024,10,2024-W43,Vakinankaratra,-19.8667,47.0333,eleve,2462316,0,0,0,0,0,0,0,0,0.0,0.0,0.0
2024-10-28,2024,10,2024-W44,Vakinankaratra,-19.8667,47.0333,eleve,2462316,0,0,0,0,0,0,0,0,0.0,0.0,0.0
2024-11-04,2024,11,2024-W45,Vakinankaratra,-19.8667,47.0333,eleve,2462316,0,0,0,0,0,0,0,0,0.0,0.0,0.0
2024-11-11,2024,11,2024-W46,Vakinankaratra,-19.8667,47.0333,eleve,2462316,0,0,0,0,0,0,0,0,0.0,0.0,0.0
2024-11-18,2024,11,2024-W47,Vakinankaratra,-19.8667,47.0333,eleve,2462316,0,0,0,0,0,0,0,0,0.0,0.0,0.0
2024-11-25,2024,11,2024-W48,Vakinankaratra,-19.8667,47.0333,eleve,2462316,0,0,0,0,0,0,0,0,0.0,0.0,0.0
2024-12-02,2024,12,2024-W49,Vakinankaratra,-19.8667,47.0333,eleve,2462316,0,0,0,0,0,0,0,0,0.0,0.0,0.0
2024-12-09,2024,12,2024-W50,Vakinankaratra,-19.8667,47.0333,eleve,2462316,0,0,0,0,0,0,0,0,0.0,0.0,0.0
2024-12-16,2024,12,2024-W51,Vakinankaratra,-19.8667,47.0333,eleve,2462316,0,0,0,0,0,0,0,0,0.0,0.0,0.0
2024-12-23,2024,12,2024-W52,Vakinankaratra,-19.8667,47.0333,eleve,2462316,0,0,0,0,0,0,0,0,0.0,0.0,0.0
2024-12-30,2024,12,2025-W01,Vakinankaratra,-19.8667,47.0333,eleve,2462316,0,0,0,0,0,0,0,0,0.0,0.0,0.0
2025-01-06,2025,1,2025-W02,Vakinankaratra,-19.8667,47.0333,eleve,2462316,0,0,0,0,0,0,0,0,0.0,0.0,0.0
2025-01-13,2025,1,2025-W03,Vakinankaratra,-19.8667,47.0333,eleve,2462316,0,0,0,0,0,0,0,0,0.0,0.0,0.0
2025-01-20,2025,1,2025-W04,Vakinankaratra,-19.8667,47.0333,eleve,2462316,0,0,0,0,0,0,0,0,0.0,0.0,0.0
2025-01-27,2025,1,2025-W05,Vakinankaratra,-19.8667,47.0333,eleve,2462316,0,0,0,0,0,0,0,0,0.0,0.0,0.0
2025-02-03,2025,2,2025-W06,Vakinankaratra,-19.8667,47.0333,eleve,2462316,0,0,0,0,0,0,0,0,0.0,0.0,0.0
2025-02-10,2025,2,2025-W07,Vakinankaratra,-19.8667,47.0333,eleve,2462316,0,0,0,0,0,0,0,0,0.0,0.0,0.0
2025-02-17,2025,2,2025-W08,Vakinankaratra,-19.8667,47.0333,eleve,2462316,0,0,0,0,0,0,0,0,0.0,0.0,0.0
2025-02-24,2025,2,2025-W09,Vakinankaratra,-19.8667,47.0333,eleve,2462316,0,0,0,0,0,0,0,0,0.0,0.0,0.0
2025-03-03,2025,3,2025-W10,Vakinankaratra,-19.8667,47.0333,eleve,2462316,0,0,0,0,0,0,0,0,0.0,0.0,0.0
2025-03-10,2025,3,2025-W11,Vakinankaratra,-19.8667,47.0333,eleve,2462316,0,0,0,0,0,0,0,0,0.0,0.0,0.0
2025-03-17,2025,3,2025-W12,Vakinankaratra,-19.8667,47.0333,eleve,2462316,0,0,0,0,0,0,0,0,0.0,0.0,0.0
2025-03-24,2025,3,2025-W13,Vakinankaratra,-19.8667,47.0333,eleve,2462316,0,0,0,0,0,0,0,0,0.0,0.0,0.0
2025-03-31,2025,3,2025-W14,Vakinankaratra,-19.8667,47.0333,eleve,2462316,0,0,0,0,0,0,0,0,0.0,0.0,0.0
2025-04-07,2025,4,2025-W15,Vakinankaratra,-19.8667,47.0333,eleve,2462316,0,0,0,0,0,0,0,0,0.0,0.0,0.0
2025-04-14,2025,4,2025-W16,Vakinankaratra,-19.8667,47.0333,eleve,2462316,0,0,0,0,0,0,0,0,0.0,0.0,0.0
2025-04-21,2025,4,2025-W17,Vakinankaratra,-19.8667,47.0333,eleve,2462316,0,0,0,0,0,0,0,0,0.0,0.0,0.0
2025-04-28,2025,4,2025-W18,Vakinankaratra,-19.8667,47.0333,eleve,2462316,0,0,0,0,0,0,0,0,0.0,0.0,0.0
2025-05-05,2025,5,2025-W19,Vakinankaratra,-19.8667,47.0333,eleve,2462316,0,0,0,0,0,0,0,0,0.0,0.0,0.0
2025-05-12,2025,5,2025-W20,Vakinankaratra,-19.8667,47.0333,eleve,2462316,0,0,0,0,0,0,0,0,0.0,0.0,0.0
2025-05-19,2025,5,2025-W21,Vakinankaratra,-19.8667,47.0333,eleve,2462316,0,0,0,0,0,0,0,0,0.0,0.0,0.0
2025-05-26,2025,5,2025-W22,Vakinankaratra,-19.8667,47.0333,eleve,2462316,0,0,0,0,0,0,0,0,0.0,0.0,0.0
2025-06-02,2025,6,2025-W23,Vakinankaratra,-19.8667,47.0333,eleve,2462316,0,0,0,0,0,0,0,0,0.0,0.0,0.0
2025-06-09,2025,6,2025-W24,Vakinankaratra,-19.8667,47.0333,eleve,2462316,0,0,0,0,0,0,0,0,0.0,0.0,0.0
2025-06-16,2025,6,2025-W25,Vakinankaratra,-19.8667,47.0333,eleve,2462316,0,0,0,0,0,0,0,0,0.0,0.0,0.0
2025-06-23,2025,6,2025-W26,Vakinankaratra,-19.8667,47.0333,eleve,2462316,0,0,0,0,0,0,0,0,0.0,0.0,0.0
2025-06-30,2025,6,2025-W27,Vakinankaratra,-19.8667,47.0333,eleve,2462316,0,0,0,0,0,0,0,0,0.0,0.0,0.0
2025-07-07,2025,7,2025-W28,Vakinankaratra,-19.8667,47.0333,eleve,2462316,0,0,0,0,0,0,0,0,0.0,0.0,0.0
2025-07-14,2025,7,2025-W29,Vakinankaratra,-19.8667,47.0333,eleve,2462316,0,0,0,0,0,0,0,0,0.0,0.0,0.0
2025-07-21,2025,7,2025-W30,Vakinankaratra,-19.8667,47.0333,eleve,2462316,0,0,0,0,0,0,0,0,0.0,0.0,0.0
2025-07-28,2025,7,2025-W31,Vakinankaratra,-19.8667,47.0333,eleve,2462316,0,0,0,0,0,0,0,0,0.0,0.0,0.0
2025-08-04,2025,8,2025-W32,Vakinankaratra,-19.8667,47.0333,eleve,2462316,0,0,0,0,0,0,0,0,0.0,0.0,0.0
2025-08-11,2025,8,2025-W33,Vakinankaratra,-19.8667,47.0333,eleve,2462316,0,0,0,0,0,0,0,0,0.0,0.0,0.0
2025-08-18,2025,8,2025-W34,Vakinankaratra,-19.8667,47.0333,eleve,2462316,0,0,0,0,0,0,0,0,0.0,0.0,0.0
2025-08-25,2025,8,2025-W35,Vakinankaratra,-19.8667,47.0333,eleve,2462316,0,0,0,0,0,0,0,0,0.0,0.0,0.0
2025-09-01,2025,9,2025-W36,Vakinankaratra,-19.8667,47.0333,eleve,2462316,0,0,0,0,0,0,0,0,0.0,0.0,0.0
2025-09-08,2025,9,2025-W37,Vakinankaratra,-19.8667,47.0333,eleve,2462316,0,0,0,0,0,0,0,0,0.0,0.0,0.0
2025-09-15,2025,9,2025-W38,Vakinankaratra,-19.8667,47.0333,eleve,2462316,0,0,0,0,0,0,0,0,0.0,0.0,0.0
2025-09-22,2025,9,2025-W39,Vakinankaratra,-19.8667,47.0333,eleve,2462316,0,0,0,0,0,0,0,0,0.0,0.0,0.0
2025-09-29,2025,9,2025-W40,Vakinankaratra,-19.8667,47.0333,eleve,2462316,0,0,0,0,0,0,0,0,0.0,0.0,0.0
2025-10-06,2025,10,2025-W41,Vakinankaratra,-19.8667,47.0333,eleve,2462316,0,0,0,0,0,0,0,0,0.0,0.0,0.0
2025-10-13,2025,10,2025-W42,Vakinankaratra,-19.8667,47.0333,eleve,2462316,0,0,0,0,0,0,0,0,0.0,0.0,0.0
2025-10-20,2025,10,2025-W43,Vakinankaratra,-19.8667,47.0333,eleve,2462316,0,0,0,0,0,0,0,0,0.0,0.0,0.0
2025-10-27,2025,10,2025-W44,Vakinankaratra,-19.8667,47.0333,eleve,2462316,0,0,0,0,0,0,0,0,0.0,0.0,0.0
2025-11-03,2025,11,2025-W45,Vakinankaratra,-19.8667,47.0333,eleve,2462316,0,0,0,0,0,0,0,0,0.0,0.0,0.0
2025-11-10,2025,11,2025-W46,Vakinankaratra,-19.8667,47.0333,eleve,2462316,0,0,0,0,0,0,0,0,0.0,0.0,0.0
2025-11-17,2025,11,2025-W47,Vakinankaratra,-19.8667,47.0333,eleve,2462316,0,0,0,0,0,0,0,0,0.0,0.0,0.0
2025-11-24,2025,11,2025-W48,Vakinankaratra,-19.8667,47.0333,eleve,2462316,0,0,0,0,0,0,0,0,0.0,0.0,0.0
2025-12-01,2025,12,2025-W49,Vakinankaratra,-19.8667,47.0333,eleve,2462316,0,0,0,0,0,0,0,0,0.0,0.0,0.0
2025-12-08,2025,12,2025-W50,Vakinankaratra,-19.8667,47.0333,eleve,2462316,0,0,0,0,0,0,0,0,0.0,0.0,0.0
2025-12-15,2025,12,2025-W51,Vakinankaratra,-19.8667,47.0333,eleve,2462316,0,0,0,0,0,0,0,0,0.0,0.0,0.0
2025-12-22,2025,12,2025-W52,Vakinankaratra,-19.8667,47.0333,eleve,2462316,0,0,0,0,0,0,0,0,0.0,0.0,0.0
2025-12-29,2025,12,2026-W01,Vakinankaratra,-19.8667,47.0333,eleve,2462316,0,0,0,0,0,0,0,0,0.0,0.0,0.0
2026-01-05,2026,1,2026-W02,Vakinankaratra,-19.8667,47.0333,eleve,2462316,0,0,0,0,0,0,0,0,0.0,0.0,0.0
2026-01-12,2026,1,2026-W03,Vakinankaratra,-19.8667,47.0333,eleve,2462316,0,0,0,0,0,0,0,0,0.0,0.0,0.0
2026-01-19,2026,1,2026-W04,Vakinankaratra,-19.8667,47.0333,eleve,2462316,0,0,0,0,0,0,0,0,0.0,0.0,0.0
2026-01-26,2026,1,2026-W05,Vakinankaratra,-19.8667,47.0333,eleve,2462316,0,0,0,0,0,0,0,0,0.0,0.0,0.0
2026-02-02,2026,2,2026-W06,Vakinankaratra,-19.8667,47.0333,eleve,2462316,0,0,0,0,0,0,0,0,0.0,0.0,0.0
2026-02-09,2026,2,2026-W07,Vakinankaratra,-19.8667,47.0333,eleve,2462316,0,0,0,0,0,0,0,0,0.0,0.0,0.0
2026-02-16,2026,2,2026-W08,Vakinankaratra,-19.8667,47.0333,eleve,2462316,0,0,0,0,0,0,0,0,0.0,0.0,0.0
2026-02-23,2026,2,2026-W09,Vakinankaratra,-19.8667,47.0333,eleve,2462316,0,0,0,0,0,0,0,0,0.0,0.0,0.0
2026-03-02,2026,3,2026-W10,Vakinankaratra,-19.8667,47.0333,eleve,2462316,0,0,0,0,0,0,0,0,0.0,0.0,0.0
2026-03-09,2026,3,2026-W11,Vakinankaratra,-19.8667,47.0333,eleve,2462316,0,0,0,0,0,0,0,0,0.0,0.0,0.0
2026-03-16,2026,3,2026-W12,Vakinankaratra,-19.8667,47.0333,eleve,2462316,0,0,0,0,0,0,0,0,0.0,0.0,0.0
2026-03-23,2026,3,2026-W13,Vakinankaratra,-19.8667,47.0333,eleve,2462316,0,0,0,0,0,0,0,0,0.0,0.0,0.0
2026-03-30,2026,3,2026-W14,Vakinankaratra,-19.8667,47.0333,eleve,2462316,0,0,0,0,0,0,0,0,0.0,0.0,0.0
2026-04-06,2026,4,2026-W15,Vakinankaratra,-19.8667,47.0333,eleve,2462316,0,0,0,0,0,0,0,0,0.0,0.0,0.0
2026-04-13,2026,4,2026-W16,Vakinankaratra,-19.8667,47.0333,eleve,2462316,0,0,0,0,0,0,0,0,0.0,0.0,0.0
2026-04-20,2026,4,2026-W17,Vakinankaratra,-19.8667,47.0333,eleve,2462316,0,0,0,0,0,0,0,0,0.0,0.0,0.0
2026-04-27,2026,4,2026-W18,Vakinankaratra,-19.8667,47.0333,eleve,2462316,0,0,0,0,0,0,0,0,0.0,0.0,0.0
2026-05-04,2026,5,2026-W19,Vakinankaratra,-19.8667,47.0333,eleve,2462316,0,0,0,0,0,0,0,0,0.0,0.0,0.0
2026-05-11,2026,5,2026-W20,Vakinankaratra,-19.8667,47.0333,eleve,2462316,0,0,0,0,0,0,0,0,0.0,0.0,0.0
2026-05-18,2026,5,2026-W21,Vakinankaratra,-19.8667,47.0333,eleve,2462316,0,0,0,0,0,0,0,0,0.0,0.0,0.0
2026-05-25,2026,5,2026-W22,Vakinankaratra,-19.8667,47.0333,eleve,2462316,0,0,0,0,0,0,0,0,0.0,0.0,0.0
2026-06-01,2026,6,2026-W23,Vakinankaratra,-19.8667,47.0333,eleve,2462316,0,0,0,0,0,0,0,0,0.0,0.0,0.0
2026-06-08,2026,6,2026-W24,Vakinankaratra,-19.8667,47.0333,eleve,2462316,0,0,0,0,0,0,0,0,0.0,0.0,0.0
2026-06-15,2026,6,2026-W25,Vakinankaratra,-19.8667,47.0333,eleve,2462316,0,0,0,0,0,0,0,0,0.0,0.0,0.0
2026-06-22,2026,6,2026-W26,Vakinankaratra,-19.8667,47.0333,eleve,2462316,0,0,0,0,0,0,0,0,0.0,0.0,0.0
2026-06-29,2026,6,2026-W27,Vakinankaratra,-19.8667,47.0333,eleve,2462316,0,0,0,0,0,0,0,0,0.0,0.0,0.0
2026-07-06,2026,7,2026-W28,Vakinankaratra,-19.8667,47.0333,eleve,2462316,0,0,0,0,0,0,0,0,0.0,0.0,0.0
2026-07-13,2026,7,2026-W29,Vakinankaratra,-19.8667,47.0333,eleve,2462316,0,0,0,0,0,0,0,0,0.0,0.0,0.0
2026-07-20,2026,7,2026-W30,Vakinankaratra,-19.8667,47.0333,eleve,2462316,0,0,0,0,0,0,0,0,0.0,0.0,0.0
2026-07-27,2026,7,2026-W31,Vakinankaratra,-19.8667,47.0333,eleve,2462316,0,0,0,0,0,0,0,0,0.0,0.0,0.0
2020-01-06,2020,1,2020-W02,Itasy,-19.0167,46.7667,eleve,1063882,0,0,0,0,0,0,0,0,0.0,0.0,0.0
2020-01-13,2020,1,2020-W03,Itasy,-19.0167,46.7667,eleve,1063882,0,0,0,0,0,0,0,0,0.0,0.0,0.0
2020-01-20,2020,1,2020-W04,Itasy,-19.0167,46.7667,eleve,1063882,0,0,0,0,0,0,0,0,0.0,0.0,0.0
2020-01-27,2020,1,2020-W05,Itasy,-19.0167,46.7667,eleve,1063882,0,0,0,0,0,0,0,0,0.0,0.0,0.0
2020-02-03,2020,2,2020-W06,Itasy,-19.0167,46.7667,eleve,1063882,0,0,0,0,0,0,0,0,0.0,0.0,0.0
2020-02-10,2020,2,2020-W07,Itasy,-19.0167,46.7667,eleve,1063882,0,0,0,0,0,0,0,0,0.0,0.0,0.0
2020-02-17,2020,2,2020-W08,Itasy,-19.0167,46.7667,eleve,1063882,0,0,0,0,0,0,0,0,0.0,0.0,0.0
2020-02-24,2020,2,2020-W09,Itasy,-19.0167,46.7667,eleve,1063882,0,0,0,0,0,0,0,0,0.0,0.0,0.0
2020-03-02,2020,3,2020-W10,Itasy,-19.0167,46.7667,eleve,1063882,0,0,0,0,0,0,0,0,0.0,0.0,0.0
2020-03-09,2020,3,2020-W11,Itasy,-19.0167,46.7667,eleve,1063882,0,0,0,0,0,0,0,0,0.0,0.0,0.0
2020-03-16,2020,3,2020-W12,Itasy,-19.0167,46.7667,eleve,1063882,0,0,0,0,0,0,0,0,0.0,0.0,0.0
2020-03-23,2020,3,2020-W13,Itasy,-19.0167,46.7667,eleve,1063882,0,0,0,0,0,0,0,0,0.0,0.0,0.0
2020-03-30,2020,3,2020-W14,Itasy,-19.0167,46.7667,eleve,1063882,0,0,0,0,0,0,0,0,0.0,0.0,0.0
2020-04-06,2020,4,2020-W15,Itasy,-19.0167,46.7667,eleve,1063882,0,0,0,0,0,0,0,0,0.0,0.0,0.0
2020-04-13,2020,4,2020-W16,Itasy,-19.0167,46.7667,eleve,1063882,0,0,0,0,0,0,0,0,0.0,0.0,0.0
2020-04-20,2020,4,2020-W17,Itasy,-19.0167,46.7667,eleve,1063882,0,0,0,0,0,0,0,0,0.0,0.0,0.0
2020-04-27,2020,4,2020-W18,Itasy,-19.0167,46.7667,eleve,1063882,0,0,0,0,0,0,0,0,0.0,0.0,0.0
2020-05-04,2020,5,2020-W19,Itasy,-19.0167,46.7667,eleve,1063882,0,0,0,0,0,0,0,0,0.0,0.0,0.0
2020-05-11,2020,5,2020-W20,Itasy,-19.0167,46.7667,eleve,1063882,0,0,0,0,0,0,0,0,0.0,0.0,0.0
2020-05-18,2020,5,2020-W21,Itasy,-19.0167,46.7667,eleve,1063882,0,0,0,0,0,0,0,0,0.0,0.0,0.0
2020-05-25,2020,5,2020-W22,Itasy,-19.0167,46.7667,eleve,1063882,0,0,0,0,0,0,0,0,0.0,0.0,0.0
2020-06-01,2020,6,2020-W23,Itasy,-19.0167,46.7667,eleve,1063882,0,0,0,0,0,0,0,0,0.0,0.0,0.0
2020-06-08,2020,6,2020-W24,Itasy,-19.0167,46.7667,eleve,1063882,0,0,0,0,0,0,0,0,0.0,0.0,0.0
2020-06-15,2020,6,2020-W25,Itasy,-19.0167,46.7667,eleve,1063882,0,0,0,0,0,0,0,0,0.0,0.0,0.0
2020-06-22,2020,6,2020-W26,Itasy,-19.0167,46.7667,eleve,1063882,0,0,0,0,0,0,0,0,0.0,0.0,0.0
2020-06-29,2020,6,2020-W27,Itasy,-19.0167,46.7667,eleve,1063882,0,0,0,0,0,0,0,0,0.0,0.0,0.0
2020-07-06,2020,7,2020-W28,Itasy,-19.0167,46.7667,eleve,1063882,0,0,0,0,0,0,0,0,0.0,0.0,0.0
2020-07-13,2020,7,2020-W29,Itasy,-19.0167,46.7667,eleve,1063882,0,0,0,0,0,0,0,0,0.0,0.0,0.0
2020-07-20,2020,7,2020-W30,Itasy,-19.0167,46.7667,eleve,1063882,0,0,0,0,0,0,0,0,0.0,0.0,0.0
2020-07-27,2020,7,2020-W31,Itasy,-19.0167,46.7667,eleve,1063882,0,0,0,0,0,0,0,0,0.0,0.0,0.0
2020-08-03,2020,8,2020-W32,Itasy,-19.0167,46.7667,eleve,1063882,0,0,0,0,0,0,0,0,0.0,0.0,0.0
2020-08-10,2020,8,2020-W33,Itasy,-19.0167,46.7667,eleve,1063882,0,0,0,0,0,0,0,0,0.0,0.0,0.0
2020-08-17,2020,8,2020-W34,Itasy,-19.0167,46.7667,eleve,1063882,0,0,0,0,0,0,0,0,0.0,0.0,0.0
2020-08-24,2020,8,2020-W35,Itasy,-19.0167,46.7667,eleve,1063882,0,0,0,0,0,0,0,0,0.0,0.0,0.0
2020-08-31,2020,8,2020-W36,Itasy,-19.0167,46.7667,eleve,1063882,0,0,0,0,0,0,0,0,0.0,0.0,0.0
2020-09-07,2020,9,2020-W37,Itasy,-19.0167,46.7667,eleve,1063882,0,0,0,0,0,0,0,0,0.0,0.0,0.0
2020-09-14,2020,9,2020-W38,Itasy,-19.0167,46.7667,eleve,1063882,0,0,0,0,0,0,0,0,0.0,0.0,0.0
2020-09-21,2020,9,2020-W39,Itasy,-19.0167,46.7667,eleve,1063882,0,0,0,0,0,0,0,0,0.0,0.0,0.0
2020-09-28,2020,9,2020-W40,Itasy,-19.0167,46.7667,eleve,1063882,0,0,0,0,0,0,0,0,0.0,0.0,0.0
2020-10-05,2020,10,2020-W41,Itasy,-19.0167,46.7667,eleve,1063882,0,0,0,0,0,0,0,0,0.0,0.0,0.0
2020-10-12,2020,10,2020-W42,Itasy,-19.0167,46.7667,eleve,1063882,0,0,0,0,0,0,0,0,0.0,0.0,0.0
2020-10-19,2020,10,2020-W43,Itasy,-19.0167,46.7667,eleve,1063882,0,0,0,0,0,0,0,0,0.0,0.0,0.0
2020-10-26,2020,10,2020-W44,Itasy,-19.0167,46.7667,eleve,1063882,0,0,0,0,0,0,0,0,0.0,0.0,0.0
2020-11-02,2020,11,2020-W45,Itasy,-19.0167,46.7667,eleve,1063882,0,0,0,0,0,0,0,0,0.0,0.0,0.0
2020-11-09,2020,11,2020-W46,Itasy,-19.0167,46.7667,eleve,1063882,0,0,0,0,0,0,0,0,0.0,0.0,0.0
2020-11-16,2020,11,2020-W47,Itasy,-19.0167,46.7667,eleve,1063882,0,0,0,0,0,0,0,0,0.0,0.0,0.0
2020-11-23,2020,11,2020-W48,Itasy,-19.0167,46.7667,eleve,1063882,0,0,0,0,0,0,0,0,0.0,0.0,0.0
2020-11-30,2020,11,2020-W49,Itasy,-19.0167,46.7667,eleve,1063882,0,0,0,0,0,0,0,0,0.0,0.0,0.0
2020-12-07,2020,12,2020-W50,Itasy,-19.0167,46.7667,eleve,1063882,0,0,0,0,0,0,0,0,0.0,0.0,0.0
2020-12-14,2020,12,2020-W51,Itasy,-19.0167,46.7667,eleve,1063882,0,0,0,0,0,0,0,0,0.0,0.0,0.0
2020-12-21,2020,12,2020-W52,Itasy,-19.0167,46.7667,eleve,1063882,0,0,0,0,0,0,0,0,0.0,0.0,0.0
2020-12-28,2020,12,2020-W53,Itasy,-19.0167,46.7667,eleve,1063882,0,0,0,0,0,0,0,0,0.0,0.0,0.0
2021-01-04,2021,1,2021-W01,Itasy,-19.0167,46.7667,eleve,1063882,0,0,1,1,1,0,0,0,0.094,0.0,0.0
2021-01-11,2021,1,2021-W02,Itasy,-19.0167,46.7667,eleve,1063882,3,0,1,4,1,1,0,0,0.376,25.0,0.0
2021-01-18,2021,1,2021-W03,Itasy,-19.0167,46.7667,eleve,1063882,3,0,1,4,1,1,0,0,0.376,25.0,0.0
2021-01-25,2021,1,2021-W04,Itasy,-19.0167,46.7667,eleve,1063882,3,0,1,4,1,1,0,0,0.376,25.0,0.0
2021-02-01,2021,2,2021-W05,Itasy,-19.0167,46.7667,eleve,1063882,3,0,1,4,1,1,0,0,0.376,25.0,0.0
2021-02-08,2021,2,2021-W06,Itasy,-19.0167,46.7667,eleve,1063882,3,0,1,4,1,1,0,0,0.376,25.0,0.0
2021-02-15,2021,2,2021-W07,Itasy,-19.0167,46.7667,eleve,1063882,3,0,1,4,1,1,0,0,0.376,25.0,0.0
2021-02-22,2021,2,2021-W08,Itasy,-19.0167,46.7667,eleve,1063882,3,0,1,4,1,1,0,0,0.376,25.0,0.0
2021-03-01,2021,3,2021-W09,Itasy,-19.0167,46.7667,eleve,1063882,2,0,1,3,1,1,0,0,0.282,33.33,0.0
2021-03-08,2021,3,2021-W10,Itasy,-19.0167,46.7667,eleve,1063882,2,0,1,3,1,1,0,0,0.282,33.33,0.0
2021-03-15,2021,3,2021-W11,Itasy,-19.0167,46.7667,eleve,1063882,2,0,1,3,1,1,0,0,0.282,33.33,0.0
2021-03-22,2021,3,2021-W12,Itasy,-19.0167,46.7667,eleve,1063882,2,0,1,3,1,1,0,0,0.282,33.33,0.0
2021-03-29,2021,3,2021-W13,Itasy,-19.0167,46.7667,eleve,1063882,2,0,1,3,1,1,0,0,0.282,33.33,0.0
2021-04-05,2021,4,2021-W14,Itasy,-19.0167,46.7667,eleve,1063882,1,0,1,2,1,0,0,0,0.188,0.0,0.0
2021-04-12,2021,4,2021-W15,Itasy,-19.0167,46.7667,eleve,1063882,1,0,1,2,1,0,0,0,0.188,0.0,0.0
2021-04-19,2021,4,2021-W16,Itasy,-19.0167,46.7667,eleve,1063882,1,0,1,2,1,0,0,0,0.188,0.0,0.0
2021-04-26,2021,4,2021-W17,Itasy,-19.0167,46.7667,eleve,1063882,1,0,1,2,1,0,0,0,0.188,0.0,0.0
2021-05-03,2021,5,2021-W18,Itasy,-19.0167,46.7667,eleve,1063882,0,0,0,0,0,0,0,0,0.0,0.0,0.0
2021-05-10,2021,5,2021-W19,Itasy,-19.0167,46.7667,eleve,1063882,0,0,0,0,0,0,0,0,0.0,0.0,0.0
2021-05-17,2021,5,2021-W20,Itasy,-19.0167,46.7667,eleve,1063882,0,0,0,0,0,0,0,0,0.0,0.0,0.0
2021-05-24,2021,5,2021-W21,Itasy,-19.0167,46.7667,eleve,1063882,0,0,0,0,0,0,0,0,0.0,0.0,0.0
2021-05-31,2021,5,2021-W22,Itasy,-19.0167,46.7667,eleve,1063882,0,0,0,0,0,0,0,0,0.0,0.0,0.0
2021-06-07,2021,6,2021-W23,Itasy,-19.0167,46.7667,eleve,1063882,0,0,0,0,0,0,0,0,0.0,0.0,0.0
2021-06-14,2021,6,2021-W24,Itasy,-19.0167,46.7667,eleve,1063882,0,0,0,0,0,0,0,0,0.0,0.0,0.0
2021-06-21,2021,6,2021-W25,Itasy,-19.0167,46.7667,eleve,1063882,0,0,0,0,0,0,0,0,0.0,0.0,0.0
2021-06-28,2021,6,2021-W26,Itasy,-19.0167,46.7667,eleve,1063882,0,0,0,0,0,0,0,0,0.0,0.0,0.0
2021-07-05,2021,7,2021-W27,Itasy,-19.0167,46.7667,eleve,1063882,0,0,0,0,0,0,0,0,0.0,0.0,0.0
2021-07-12,2021,7,2021-W28,Itasy,-19.0167,46.7667,eleve,1063882,0,0,0,0,0,0,0,0,0.0,0.0,0.0
2021-07-19,2021,7,2021-W29,Itasy,-19.0167,46.7667,eleve,1063882,0,0,0,0,0,0,0,0,0.0,0.0,0.0
2021-07-26,2021,7,2021-W30,Itasy,-19.0167,46.7667,eleve,1063882,0,0,0,0,0,0,0,0,0.0,0.0,0.0
2021-08-02,2021,8,2021-W31,Itasy,-19.0167,46.7667,eleve,1063882,0,0,0,0,0,0,0,0,0.0,0.0,0.0
2021-08-09,2021,8,2021-W32,Itasy,-19.0167,46.7667,eleve,1063882,0,0,0,0,0,0,0,0,0.0,0.0,0.0
2021-08-16,2021,8,2021-W33,Itasy,-19.0167,46.7667,eleve,1063882,0,0,0,0,0,0,0,0,0.0,0.0,0.0
2021-08-23,2021,8,2021-W34,Itasy,-19.0167,46.7667,eleve,1063882,0,0,0,0,0,0,0,0,0.0,0.0,0.0
2021-08-30,2021,8,2021-W35,Itasy,-19.0167,46.7667,eleve,1063882,0,0,0,0,0,0,0,0,0.0,0.0,0.0
2021-09-06,2021,9,2021-W36,Itasy,-19.0167,46.7667,eleve,1063882,0,0,1,1,1,0,0,0,0.094,0.0,0.0
2021-09-13,2021,9,2021-W37,Itasy,-19.0167,46.7667,eleve,1063882,0,0,1,1,1,0,0,0,0.094,0.0,0.0
2021-09-20,2021,9,2021-W38,Itasy,-19.0167,46.7667,eleve,1063882,0,0,1,1,1,0,0,0,0.094,0.0,0.0
2021-09-27,2021,9,2021-W39,Itasy,-19.0167,46.7667,eleve,1063882,0,0,1,1,1,0,0,0,0.094,0.0,0.0
2021-10-04,2021,10,2021-W40,Itasy,-19.0167,46.7667,eleve,1063882,2,0,1,3,1,1,0,0,0.282,33.33,0.0
2021-10-11,2021,10,2021-W41,Itasy,-19.0167,46.7667,eleve,1063882,2,0,1,3,1,1,0,0,0.282,33.33,0.0
2021-10-18,2021,10,2021-W42,Itasy,-19.0167,46.7667,eleve,1063882,2,0,1,3,1,1,0,0,0.282,33.33,0.0
2021-10-25,2021,10,2021-W43,Itasy,-19.0167,46.7667,eleve,1063882,2,0,1,3,1,1,0,0,0.282,33.33,0.0
2021-11-01,2021,11,2021-W44,Itasy,-19.0167,46.7667,eleve,1063882,3,0,1,4,1,1,0,0,0.376,25.0,0.0
2021-11-08,2021,11,2021-W45,Itasy,-19.0167,46.7667,eleve,1063882,3,0,1,4,1,1,0,0,0.376,25.0,0.0
2021-11-15,2021,11,2021-W46,Itasy,-19.0167,46.7667,eleve,1063882,3,0,1,4,1,1,0,0,0.376,25.0,0.0
2021-11-22,2021,11,2021-W47,Itasy,-19.0167,46.7667,eleve,1063882,3,0,1,4,1,1,0,0,0.376,25.0,0.0
2021-11-29,2021,11,2021-W48,Itasy,-19.0167,46.7667,eleve,1063882,3,0,1,4,1,1,0,0,0.376,25.0,0.0
2021-12-06,2021,12,2021-W49,Itasy,-19.0167,46.7667,eleve,1063882,3,0,1,4,1,1,0,0,0.376,25.0,0.0
2021-12-13,2021,12,2021-W50,Itasy,-19.0167,46.7667,eleve,1063882,3,0,1,4,1,1,0,0,0.376,25.0,0.0
2021-12-20,2021,12,2021-W51,Itasy,-19.0167,46.7667,eleve,1063882,3,0,1,4,1,1,0,0,0.376,25.0,0.0
2021-12-27,2021,12,2021-W52,Itasy,-19.0167,46.7667,eleve,1063882,3,0,1,4,1,1,0,0,0.376,25.0,0.0
2022-01-03,2022,1,2022-W01,Itasy,-19.0167,46.7667,eleve,1063882,0,0,0,0,0,0,0,0,0.0,0.0,0.0
2022-01-10,2022,1,2022-W02,Itasy,-19.0167,46.7667,eleve,1063882,0,0,0,0,0,0,0,0,0.0,0.0,0.0
2022-01-17,2022,1,2022-W03,Itasy,-19.0167,46.7667,eleve,1063882,0,0,0,0,0,0,0,0,0.0,0.0,0.0
2022-01-24,2022,1,2022-W04,Itasy,-19.0167,46.7667,eleve,1063882,0,0,0,0,0,0,0,0,0.0,0.0,0.0
2022-01-31,2022,1,2022-W05,Itasy,-19.0167,46.7667,eleve,1063882,0,0,0,0,0,0,0,0,0.0,0.0,0.0
2022-02-07,2022,2,2022-W06,Itasy,-19.0167,46.7667,eleve,1063882,0,0,0,0,0,0,0,0,0.0,0.0,0.0
2022-02-14,2022,2,2022-W07,Itasy,-19.0167,46.7667,eleve,1063882,0,0,0,0,0,0,0,0,0.0,0.0,0.0
2022-02-21,2022,2,2022-W08,Itasy,-19.0167,46.7667,eleve,1063882,0,0,0,0,0,0,0,0,0.0,0.0,0.0
2022-02-28,2022,2,2022-W09,Itasy,-19.0167,46.7667,eleve,1063882,0,0,0,0,0,0,0,0,0.0,0.0,0.0
2022-03-07,2022,3,2022-W10,Itasy,-19.0167,46.7667,eleve,1063882,0,0,0,0,0,0,0,0,0.0,0.0,0.0
2022-03-14,2022,3,2022-W11,Itasy,-19.0167,46.7667,eleve,1063882,0,0,0,0,0,0,0,0,0.0,0.0,0.0
2022-03-21,2022,3,2022-W12,Itasy,-19.0167,46.7667,eleve,1063882,0,0,0,0,0,0,0,0,0.0,0.0,0.0
2022-03-28,2022,3,2022-W13,Itasy,-19.0167,46.7667,eleve,1063882,0,0,0,0,0,0,0,0,0.0,0.0,0.0
2022-04-04,2022,4,2022-W14,Itasy,-19.0167,46.7667,eleve,1063882,0,0,0,0,0,0,0,0,0.0,0.0,0.0
2022-04-11,2022,4,2022-W15,Itasy,-19.0167,46.7667,eleve,1063882,0,0,0,0,0,0,0,0,0.0,0.0,0.0
2022-04-18,2022,4,2022-W16,Itasy,-19.0167,46.7667,eleve,1063882,0,0,0,0,0,0,0,0,0.0,0.0,0.0
2022-04-25,2022,4,2022-W17,Itasy,-19.0167,46.7667,eleve,1063882,0,0,0,0,0,0,0,0,0.0,0.0,0.0
2022-05-02,2022,5,2022-W18,Itasy,-19.0167,46.7667,eleve,1063882,0,0,0,0,0,0,0,0,0.0,0.0,0.0
2022-05-09,2022,5,2022-W19,Itasy,-19.0167,46.7667,eleve,1063882,0,0,0,0,0,0,0,0,0.0,0.0,0.0
2022-05-16,2022,5,2022-W20,Itasy,-19.0167,46.7667,eleve,1063882,0,0,0,0,0,0,0,0,0.0,0.0,0.0
2022-05-23,2022,5,2022-W21,Itasy,-19.0167,46.7667,eleve,1063882,0,0,0,0,0,0,0,0,0.0,0.0,0.0
2022-05-30,2022,5,2022-W22,Itasy,-19.0167,46.7667,eleve,1063882,0,0,0,0,0,0,0,0,0.0,0.0,0.0
2022-06-06,2022,6,2022-W23,Itasy,-19.0167,46.7667,eleve,1063882,0,0,0,0,0,0,0,0,0.0,0.0,0.0
2022-06-13,2022,6,2022-W24,Itasy,-19.0167,46.7667,eleve,1063882,0,0,0,0,0,0,0,0,0.0,0.0,0.0
2022-06-20,2022,6,2022-W25,Itasy,-19.0167,46.7667,eleve,1063882,0,0,0,0,0,0,0,0,0.0,0.0,0.0
2022-06-27,2022,6,2022-W26,Itasy,-19.0167,46.7667,eleve,1063882,0,0,0,0,0,0,0,0,0.0,0.0,0.0
2022-07-04,2022,7,2022-W27,Itasy,-19.0167,46.7667,eleve,1063882,0,0,0,0,0,0,0,0,0.0,0.0,0.0
2022-07-11,2022,7,2022-W28,Itasy,-19.0167,46.7667,eleve,1063882,0,0,0,0,0,0,0,0,0.0,0.0,0.0
2022-07-18,2022,7,2022-W29,Itasy,-19.0167,46.7667,eleve,1063882,0,0,0,0,0,0,0,0,0.0,0.0,0.0
2022-07-25,2022,7,2022-W30,Itasy,-19.0167,46.7667,eleve,1063882,0,0,0,0,0,0,0,0,0.0,0.0,0.0
2022-08-01,2022,8,2022-W31,Itasy,-19.0167,46.7667,eleve,1063882,0,0,0,0,0,0,0,0,0.0,0.0,0.0
2022-08-08,2022,8,2022-W32,Itasy,-19.0167,46.7667,eleve,1063882,0,0,0,0,0,0,0,0,0.0,0.0,0.0
2022-08-15,2022,8,2022-W33,Itasy,-19.0167,46.7667,eleve,1063882,0,0,0,0,0,0,0,0,0.0,0.0,0.0
2022-08-22,2022,8,2022-W34,Itasy,-19.0167,46.7667,eleve,1063882,0,0,0,0,0,0,0,0,0.0,0.0,0.0
2022-08-29,2022,8,2022-W35,Itasy,-19.0167,46.7667,eleve,1063882,0,0,0,0,0,0,0,0,0.0,0.0,0.0
2022-09-05,2022,9,2022-W36,Itasy,-19.0167,46.7667,eleve,1063882,0,0,0,0,0,0,0,0,0.0,0.0,0.0
2022-09-12,2022,9,2022-W37,Itasy,-19.0167,46.7667,eleve,1063882,0,0,0,0,0,0,0,0,0.0,0.0,0.0
2022-09-19,2022,9,2022-W38,Itasy,-19.0167,46.7667,eleve,1063882,0,0,0,0,0,0,0,0,0.0,0.0,0.0
2022-09-26,2022,9,2022-W39,Itasy,-19.0167,46.7667,eleve,1063882,0,0,0,0,0,0,0,0,0.0,0.0,0.0
2022-10-03,2022,10,2022-W40,Itasy,-19.0167,46.7667,eleve,1063882,0,0,0,0,0,0,0,0,0.0,0.0,0.0
2022-10-10,2022,10,2022-W41,Itasy,-19.0167,46.7667,eleve,1063882,0,0,0,0,0,0,0,0,0.0,0.0,0.0
2022-10-17,2022,10,2022-W42,Itasy,-19.0167,46.7667,eleve,1063882,0,0,0,0,0,0,0,0,0.0,0.0,0.0
2022-10-24,2022,10,2022-W43,Itasy,-19.0167,46.7667,eleve,1063882,0,0,0,0,0,0,0,0,0.0,0.0,0.0
2022-10-31,2022,10,2022-W44,Itasy,-19.0167,46.7667,eleve,1063882,0,0,0,0,0,0,0,0,0.0,0.0,0.0
2022-11-07,2022,11,2022-W45,Itasy,-19.0167,46.7667,eleve,1063882,0,0,0,0,0,0,0,0,0.0,0.0,0.0
2022-11-14,2022,11,2022-W46,Itasy,-19.0167,46.7667,eleve,1063882,0,0,0,0,0,0,0,0,0.0,0.0,0.0
2022-11-21,2022,11,2022-W47,Itasy,-19.0167,46.7667,eleve,1063882,0,0,0,0,0,0,0,0,0.0,0.0,0.0
2022-11-28,2022,11,2022-W48,Itasy,-19.0167,46.7667,eleve,1063882,0,0,0,0,0,0,0,0,0.0,0.0,0.0
2022-12-05,2022,12,2022-W49,Itasy,-19.0167,46.7667,eleve,1063882,0,0,0,0,0,0,0,0,0.0,0.0,0.0
2022-12-12,2022,12,2022-W50,Itasy,-19.0167,46.7667,eleve,1063882,0,0,0,0,0,0,0,0,0.0,0.0,0.0
2022-12-19,2022,12,2022-W51,Itasy,-19.0167,46.7667,eleve,1063882,0,0,0,0,0,0,0,0,0.0,0.0,0.0
2022-12-26,2022,12,2022-W52,Itasy,-19.0167,46.7667,eleve,1063882,0,0,0,0,0,0,0,0,0.0,0.0,0.0
2023-01-02,2023,1,2023-W01,Itasy,-19.0167,46.7667,eleve,1063882,0,0,0,0,0,0,0,0,0.0,0.0,0.0
2023-01-09,2023,1,2023-W02,Itasy,-19.0167,46.7667,eleve,1063882,0,0,0,0,0,0,0,0,0.0,0.0,0.0
2023-01-16,2023,1,2023-W03,Itasy,-19.0167,46.7667,eleve,1063882,0,0,0,0,0,0,0,0,0.0,0.0,0.0
2023-01-23,2023,1,2023-W04,Itasy,-19.0167,46.7667,eleve,1063882,0,0,0,0,0,0,0,0,0.0,0.0,0.0
2023-01-30,2023,1,2023-W05,Itasy,-19.0167,46.7667,eleve,1063882,0,0,0,0,0,0,0,0,0.0,0.0,0.0
2023-02-06,2023,2,2023-W06,Itasy,-19.0167,46.7667,eleve,1063882,0,0,0,0,0,0,0,0,0.0,0.0,0.0
2023-02-13,2023,2,2023-W07,Itasy,-19.0167,46.7667,eleve,1063882,0,0,0,0,0,0,0,0,0.0,0.0,0.0
2023-02-20,2023,2,2023-W08,Itasy,-19.0167,46.7667,eleve,1063882,0,0,0,0,0,0,0,0,0.0,0.0,0.0
2023-02-27,2023,2,2023-W09,Itasy,-19.0167,46.7667,eleve,1063882,0,0,0,0,0,0,0,0,0.0,0.0,0.0
2023-03-06,2023,3,2023-W10,Itasy,-19.0167,46.7667,eleve,1063882,0,0,0,0,0,0,0,0,0.0,0.0,0.0
2023-03-13,2023,3,2023-W11,Itasy,-19.0167,46.7667,eleve,1063882,0,0,0,0,0,0,0,0,0.0,0.0,0.0
2023-03-20,2023,3,2023-W12,Itasy,-19.0167,46.7667,eleve,1063882,0,0,0,0,0,0,0,0,0.0,0.0,0.0
2023-03-27,2023,3,2023-W13,Itasy,-19.0167,46.7667,eleve,1063882,0,0,0,0,0,0,0,0,0.0,0.0,0.0
2023-04-03,2023,4,2023-W14,Itasy,-19.0167,46.7667,eleve,1063882,0,0,0,0,0,0,0,0,0.0,0.0,0.0
2023-04-10,2023,4,2023-W15,Itasy,-19.0167,46.7667,eleve,1063882,0,0,0,0,0,0,0,0,0.0,0.0,0.0
2023-04-17,2023,4,2023-W16,Itasy,-19.0167,46.7667,eleve,1063882,0,0,0,0,0,0,0,0,0.0,0.0,0.0
2023-04-24,2023,4,2023-W17,Itasy,-19.0167,46.7667,eleve,1063882,0,0,0,0,0,0,0,0,0.0,0.0,0.0
2023-05-01,2023,5,2023-W18,Itasy,-19.0167,46.7667,eleve,1063882,0,0,0,0,0,0,0,0,0.0,0.0,0.0
2023-05-08,2023,5,2023-W19,Itasy,-19.0167,46.7667,eleve,1063882,0,0,0,0,0,0,0,0,0.0,0.0,0.0
2023-05-15,2023,5,2023-W20,Itasy,-19.0167,46.7667,eleve,1063882,0,0,0,0,0,0,0,0,0.0,0.0,0.0
2023-05-22,2023,5,2023-W21,Itasy,-19.0167,46.7667,eleve,1063882,0,0,0,0,0,0,0,0,0.0,0.0,0.0
2023-05-29,2023,5,2023-W22,Itasy,-19.0167,46.7667,eleve,1063882,0,0,0,0,0,0,0,0,0.0,0.0,0.0
2023-06-05,2023,6,2023-W23,Itasy,-19.0167,46.7667,eleve,1063882,0,0,0,0,0,0,0,0,0.0,0.0,0.0
2023-06-12,2023,6,2023-W24,Itasy,-19.0167,46.7667,eleve,1063882,0,0,0,0,0,0,0,0,0.0,0.0,0.0
2023-06-19,2023,6,2023-W25,Itasy,-19.0167,46.7667,eleve,1063882,0,0,0,0,0,0,0,0,0.0,0.0,0.0
2023-06-26,2023,6,2023-W26,Itasy,-19.0167,46.7667,eleve,1063882,0,0,0,0,0,0,0,0,0.0,0.0,0.0
2023-07-03,2023,7,2023-W27,Itasy,-19.0167,46.7667,eleve,1063882,0,0,0,0,0,0,0,0,0.0,0.0,0.0
2023-07-10,2023,7,2023-W28,Itasy,-19.0167,46.7667,eleve,1063882,0,0,0,0,0,0,0,0,0.0,0.0,0.0
2023-07-17,2023,7,2023-W29,Itasy,-19.0167,46.7667,eleve,1063882,0,0,0,0,0,0,0,0,0.0,0.0,0.0
2023-07-24,2023,7,2023-W30,Itasy,-19.0167,46.7667,eleve,1063882,0,0,0,0,0,0,0,0,0.0,0.0,0.0
2023-07-31,2023,7,2023-W31,Itasy,-19.0167,46.7667,eleve,1063882,0,0,0,0,0,0,0,0,0.0,0.0,0.0
2023-08-07,2023,8,2023-W32,Itasy,-19.0167,46.7667,eleve,1063882,0,0,0,0,0,0,0,0,0.0,0.0,0.0
2023-08-14,2023,8,2023-W33,Itasy,-19.0167,46.7667,eleve,1063882,0,0,0,0,0,0,0,0,0.0,0.0,0.0
2023-08-21,2023,8,2023-W34,Itasy,-19.0167,46.7667,eleve,1063882,0,0,0,0,0,0,0,0,0.0,0.0,0.0
2023-08-28,2023,8,2023-W35,Itasy,-19.0167,46.7667,eleve,1063882,0,0,0,0,0,0,0,0,0.0,0.0,0.0
2023-09-04,2023,9,2023-W36,Itasy,-19.0167,46.7667,eleve,1063882,0,0,0,0,0,0,0,0,0.0,0.0,0.0
2023-09-11,2023,9,2023-W37,Itasy,-19.0167,46.7667,eleve,1063882,0,0,0,0,0,0,0,0,0.0,0.0,0.0
2023-09-18,2023,9,2023-W38,Itasy,-19.0167,46.7667,eleve,1063882,0,0,0,0,0,0,0,0,0.0,0.0,0.0
2023-09-25,2023,9,2023-W39,Itasy,-19.0167,46.7667,eleve,1063882,0,0,0,0,0,0,0,0,0.0,0.0,0.0
2023-10-02,2023,10,2023-W40,Itasy,-19.0167,46.7667,eleve,1063882,0,0,0,0,0,0,0,0,0.0,0.0,0.0
2023-10-09,2023,10,2023-W41,Itasy,-19.0167,46.7667,eleve,1063882,0,0,0,0,0,0,0,0,0.0,0.0,0.0
2023-10-16,2023,10,2023-W42,Itasy,-19.0167,46.7667,eleve,1063882,0,0,0,0,0,0,0,0,0.0,0.0,0.0
2023-10-23,2023,10,2023-W43,Itasy,-19.0167,46.7667,eleve,1063882,0,0,0,0,0,0,0,0,0.0,0.0,0.0
2023-10-30,2023,10,2023-W44,Itasy,-19.0167,46.7667,eleve,1063882,0,0,0,0,0,0,0,0,0.0,0.0,0.0
2023-11-06,2023,11,2023-W45,Itasy,-19.0167,46.7667,eleve,1063882,0,0,0,0,0,0,0,0,0.0,0.0,0.0
2023-11-13,2023,11,2023-W46,Itasy,-19.0167,46.7667,eleve,1063882,0,0,0,0,0,0,0,0,0.0,0.0,0.0
2023-11-20,2023,11,2023-W47,Itasy,-19.0167,46.7667,eleve,1063882,0,0,0,0,0,0,0,0,0.0,0.0,0.0
2023-11-27,2023,11,2023-W48,Itasy,-19.0167,46.7667,eleve,1063882,0,0,0,0,0,0,0,0,0.0,0.0,0.0
2023-12-04,2023,12,2023-W49,Itasy,-19.0167,46.7667,eleve,1063882,0,0,0,0,0,0,0,0,0.0,0.0,0.0
2023-12-11,2023,12,2023-W50,Itasy,-19.0167,46.7667,eleve,1063882,0,0,0,0,0,0,0,0,0.0,0.0,0.0
2023-12-18,2023,12,2023-W51,Itasy,-19.0167,46.7667,eleve,1063882,0,0,0,0,0,0,0,0,0.0,0.0,0.0
2023-12-25,2023,12,2023-W52,Itasy,-19.0167,46.7667,eleve,1063882,0,0,0,0,0,0,0,0,0.0,0.0,0.0
2024-01-01,2024,1,2024-W01,Itasy,-19.0167,46.7667,eleve,1063882,0,0,0,0,0,0,0,0,0.0,0.0,0.0
2024-01-08,2024,1,2024-W02,Itasy,-19.0167,46.7667,eleve,1063882,0,0,0,0,0,0,0,0,0.0,0.0,0.0
2024-01-15,2024,1,2024-W03,Itasy,-19.0167,46.7667,eleve,1063882,0,0,0,0,0,0,0,0,0.0,0.0,0.0
2024-01-22,2024,1,2024-W04,Itasy,-19.0167,46.7667,eleve,1063882,0,0,0,0,0,0,0,0,0.0,0.0,0.0
2024-01-29,2024,1,2024-W05,Itasy,-19.0167,46.7667,eleve,1063882,0,0,0,0,0,0,0,0,0.0,0.0,0.0
2024-02-05,2024,2,2024-W06,Itasy,-19.0167,46.7667,eleve,1063882,0,0,0,0,0,0,0,0,0.0,0.0,0.0
2024-02-12,2024,2,2024-W07,Itasy,-19.0167,46.7667,eleve,1063882,0,0,0,0,0,0,0,0,0.0,0.0,0.0
2024-02-19,2024,2,2024-W08,Itasy,-19.0167,46.7667,eleve,1063882,0,0,0,0,0,0,0,0,0.0,0.0,0.0
2024-02-26,2024,2,2024-W09,Itasy,-19.0167,46.7667,eleve,1063882,0,0,0,0,0,0,0,0,0.0,0.0,0.0
2024-03-04,2024,3,2024-W10,Itasy,-19.0167,46.7667,eleve,1063882,0,0,0,0,0,0,0,0,0.0,0.0,0.0
2024-03-11,2024,3,2024-W11,Itasy,-19.0167,46.7667,eleve,1063882,0,0,0,0,0,0,0,0,0.0,0.0,0.0
2024-03-18,2024,3,2024-W12,Itasy,-19.0167,46.7667,eleve,1063882,0,0,0,0,0,0,0,0,0.0,0.0,0.0
2024-03-25,2024,3,2024-W13,Itasy,-19.0167,46.7667,eleve,1063882,0,0,0,0,0,0,0,0,0.0,0.0,0.0
2024-04-01,2024,4,2024-W14,Itasy,-19.0167,46.7667,eleve,1063882,0,0,0,0,0,0,0,0,0.0,0.0,0.0
2024-04-08,2024,4,2024-W15,Itasy,-19.0167,46.7667,eleve,1063882,0,0,0,0,0,0,0,0,0.0,0.0,0.0
2024-04-15,2024,4,2024-W16,Itasy,-19.0167,46.7667,eleve,1063882,0,0,0,0,0,0,0,0,0.0,0.0,0.0
2024-04-22,2024,4,2024-W17,Itasy,-19.0167,46.7667,eleve,1063882,0,0,0,0,0,0,0,0,0.0,0.0,0.0
2024-04-29,2024,4,2024-W18,Itasy,-19.0167,46.7667,eleve,1063882,0,0,0,0,0,0,0,0,0.0,0.0,0.0
2024-05-06,2024,5,2024-W19,Itasy,-19.0167,46.7667,eleve,1063882,0,0,0,0,0,0,0,0,0.0,0.0,0.0
2024-05-13,2024,5,2024-W20,Itasy,-19.0167,46.7667,eleve,1063882,0,0,0,0,0,0,0,0,0.0,0.0,0.0
2024-05-20,2024,5,2024-W21,Itasy,-19.0167,46.7667,eleve,1063882,0,0,0,0,0,0,0,0,0.0,0.0,0.0
2024-05-27,2024,5,2024-W22,Itasy,-19.0167,46.7667,eleve,1063882,0,0,0,0,0,0,0,0,0.0,0.0,0.0
2024-06-03,2024,6,2024-W23,Itasy,-19.0167,46.7667,eleve,1063882,0,0,0,0,0,0,0,0,0.0,0.0,0.0
2024-06-10,2024,6,2024-W24,Itasy,-19.0167,46.7667,eleve,1063882,0,0,0,0,0,0,0,0,0.0,0.0,0.0
2024-06-17,2024,6,2024-W25,Itasy,-19.0167,46.7667,eleve,1063882,0,0,0,0,0,0,0,0,0.0,0.0,0.0
2024-06-24,2024,6,2024-W26,Itasy,-19.0167,46.7667,eleve,1063882,0,0,0,0,0,0,0,0,0.0,0.0,0.0
2024-07-01,2024,7,2024-W27,Itasy,-19.0167,46.7667,eleve,1063882,0,0,0,0,0,0,0,0,0.0,0.0,0.0
2024-07-08,2024,7,2024-W28,Itasy,-19.0167,46.7667,eleve,1063882,0,0,0,0,0,0,0,0,0.0,0.0,0.0
2024-07-15,2024,7,2024-W29,Itasy,-19.0167,46.7667,eleve,1063882,0,0,0,0,0,0,0,0,0.0,0.0,0.0
2024-07-22,2024,7,2024-W30,Itasy,-19.0167,46.7667,eleve,1063882,0,0,0,0,0,0,0,0,0.0,0.0,0.0
2024-07-29,2024,7,2024-W31,Itasy,-19.0167,46.7667,eleve,1063882,0,0,0,0,0,0,0,0,0.0,0.0,0.0
2024-08-05,2024,8,2024-W32,Itasy,-19.0167,46.7667,eleve,1063882,0,0,0,0,0,0,0,0,0.0,0.0,0.0
2024-08-12,2024,8,2024-W33,Itasy,-19.0167,46.7667,eleve,1063882,0,0,0,0,0,0,0,0,0.0,0.0,0.0
2024-08-19,2024,8,2024-W34,Itasy,-19.0167,46.7667,eleve,1063882,0,0,0,0,0,0,0,0,0.0,0.0,0.0
2024-08-26,2024,8,2024-W35,Itasy,-19.0167,46.7667,eleve,1063882,0,0,0,0,0,0,0,0,0.0,0.0,0.0
2024-09-02,2024,9,2024-W36,Itasy,-19.0167,46.7667,eleve,1063882,0,0,0,0,0,0,0,0,0.0,0.0,0.0
2024-09-09,2024,9,2024-W37,Itasy,-19.0167,46.7667,eleve,1063882,0,0,0,0,0,0,0,0,0.0,0.0,0.0
2024-09-16,2024,9,2024-W38,Itasy,-19.0167,46.7667,eleve,1063882,0,0,0,0,0,0,0,0,0.0,0.0,0.0
2024-09-23,2024,9,2024-W39,Itasy,-19.0167,46.7667,eleve,1063882,0,0,0,0,0,0,0,0,0.0,0.0,0.0
2024-09-30,2024,9,2024-W40,Itasy,-19.0167,46.7667,eleve,1063882,0,0,0,0,0,0,0,0,0.0,0.0,0.0
2024-10-07,2024,10,2024-W41,Itasy,-19.0167,46.7667,eleve,1063882,0,0,0,0,0,0,0,0,0.0,0.0,0.0
2024-10-14,2024,10,2024-W42,Itasy,-19.0167,46.7667,eleve,1063882,0,0,0,0,0,0,0,0,0.0,0.0,0.0
2024-10-21,2024,10,2024-W43,Itasy,-19.0167,46.7667,eleve,1063882,0,0,0,0,0,0,0,0,0.0,0.0,0.0
2024-10-28,2024,10,2024-W44,Itasy,-19.0167,46.7667,eleve,1063882,0,0,0,0,0,0,0,0,0.0,0.0,0.0
2024-11-04,2024,11,2024-W45,Itasy,-19.0167,46.7667,eleve,1063882,0,0,0,0,0,0,0,0,0.0,0.0,0.0
2024-11-11,2024,11,2024-W46,Itasy,-19.0167,46.7667,eleve,1063882,0,0,0,0,0,0,0,0,0.0,0.0,0.0
2024-11-18,2024,11,2024-W47,Itasy,-19.0167,46.7667,eleve,1063882,0,0,0,0,0,0,0,0,0.0,0.0,0.0
2024-11-25,2024,11,2024-W48,Itasy,-19.0167,46.7667,eleve,1063882,0,0,0,0,0,0,0,0,0.0,0.0,0.0
2024-12-02,2024,12,2024-W49,Itasy,-19.0167,46.7667,eleve,1063882,0,0,0,0,0,0,0,0,0.0,0.0,0.0
2024-12-09,2024,12,2024-W50,Itasy,-19.0167,46.7667,eleve,1063882,0,0,0,0,0,0,0,0,0.0,0.0,0.0
2024-12-16,2024,12,2024-W51,Itasy,-19.0167,46.7667,eleve,1063882,0,0,0,0,0,0,0,0,0.0,0.0,0.0
2024-12-23,2024,12,2024-W52,Itasy,-19.0167,46.7667,eleve,1063882,0,0,0,0,0,0,0,0,0.0,0.0,0.0
2024-12-30,2024,12,2025-W01,Itasy,-19.0167,46.7667,eleve,1063882,0,0,0,0,0,0,0,0,0.0,0.0,0.0
2025-01-06,2025,1,2025-W02,Itasy,-19.0167,46.7667,eleve,1063882,0,0,0,0,0,0,0,0,0.0,0.0,0.0
2025-01-13,2025,1,2025-W03,Itasy,-19.0167,46.7667,eleve,1063882,0,0,0,0,0,0,0,0,0.0,0.0,0.0
2025-01-20,2025,1,2025-W04,Itasy,-19.0167,46.7667,eleve,1063882,0,0,0,0,0,0,0,0,0.0,0.0,0.0
2025-01-27,2025,1,2025-W05,Itasy,-19.0167,46.7667,eleve,1063882,0,0,0,0,0,0,0,0,0.0,0.0,0.0
2025-02-03,2025,2,2025-W06,Itasy,-19.0167,46.7667,eleve,1063882,0,0,0,0,0,0,0,0,0.0,0.0,0.0
2025-02-10,2025,2,2025-W07,Itasy,-19.0167,46.7667,eleve,1063882,0,0,0,0,0,0,0,0,0.0,0.0,0.0
2025-02-17,2025,2,2025-W08,Itasy,-19.0167,46.7667,eleve,1063882,0,0,0,0,0,0,0,0,0.0,0.0,0.0
2025-02-24,2025,2,2025-W09,Itasy,-19.0167,46.7667,eleve,1063882,0,0,0,0,0,0,0,0,0.0,0.0,0.0
2025-03-03,2025,3,2025-W10,Itasy,-19.0167,46.7667,eleve,1063882,0,0,0,0,0,0,0,0,0.0,0.0,0.0
2025-03-10,2025,3,2025-W11,Itasy,-19.0167,46.7667,eleve,1063882,0,0,0,0,0,0,0,0,0.0,0.0,0.0
2025-03-17,2025,3,2025-W12,Itasy,-19.0167,46.7667,eleve,1063882,0,0,0,0,0,0,0,0,0.0,0.0,0.0
2025-03-24,2025,3,2025-W13,Itasy,-19.0167,46.7667,eleve,1063882,0,0,0,0,0,0,0,0,0.0,0.0,0.0
2025-03-31,2025,3,2025-W14,Itasy,-19.0167,46.7667,eleve,1063882,0,0,0,0,0,0,0,0,0.0,0.0,0.0
2025-04-07,2025,4,2025-W15,Itasy,-19.0167,46.7667,eleve,1063882,0,0,0,0,0,0,0,0,0.0,0.0,0.0
2025-04-14,2025,4,2025-W16,Itasy,-19.0167,46.7667,eleve,1063882,0,0,0,0,0,0,0,0,0.0,0.0,0.0
2025-04-21,2025,4,2025-W17,Itasy,-19.0167,46.7667,eleve,1063882,0,0,0,0,0,0,0,0,0.0,0.0,0.0
2025-04-28,2025,4,2025-W18,Itasy,-19.0167,46.7667,eleve,1063882,0,0,0,0,0,0,0,0,0.0,0.0,0.0
2025-05-05,2025,5,2025-W19,Itasy,-19.0167,46.7667,eleve,1063882,0,0,0,0,0,0,0,0,0.0,0.0,0.0
2025-05-12,2025,5,2025-W20,Itasy,-19.0167,46.7667,eleve,1063882,0,0,0,0,0,0,0,0,0.0,0.0,0.0
2025-05-19,2025,5,2025-W21,Itasy,-19.0167,46.7667,eleve,1063882,0,0,0,0,0,0,0,0,0.0,0.0,0.0
2025-05-26,2025,5,2025-W22,Itasy,-19.0167,46.7667,eleve,1063882,0,0,0,0,0,0,0,0,0.0,0.0,0.0
2025-06-02,2025,6,2025-W23,Itasy,-19.0167,46.7667,eleve,1063882,0,0,0,0,0,0,0,0,0.0,0.0,0.0
2025-06-09,2025,6,2025-W24,Itasy,-19.0167,46.7667,eleve,1063882,0,0,0,0,0,0,0,0,0.0,0.0,0.0
2025-06-16,2025,6,2025-W25,Itasy,-19.0167,46.7667,eleve,1063882,0,0,0,0,0,0,0,0,0.0,0.0,0.0
2025-06-23,2025,6,2025-W26,Itasy,-19.0167,46.7667,eleve,1063882,0,0,0,0,0,0,0,0,0.0,0.0,0.0
2025-06-30,2025,6,2025-W27,Itasy,-19.0167,46.7667,eleve,1063882,0,0,0,0,0,0,0,0,0.0,0.0,0.0
2025-07-07,2025,7,2025-W28,Itasy,-19.0167,46.7667,eleve,1063882,0,0,0,0,0,0,0,0,0.0,0.0,0.0
2025-07-14,2025,7,2025-W29,Itasy,-19.0167,46.7667,eleve,1063882,0,0,0,0,0,0,0,0,0.0,0.0,0.0
2025-07-21,2025,7,2025-W30,Itasy,-19.0167,46.7667,eleve,1063882,0,0,0,0,0,0,0,0,0.0,0.0,0.0
2025-07-28,2025,7,2025-W31,Itasy,-19.0167,46.7667,eleve,1063882,0,0,0,0,0,0,0,0,0.0,0.0,0.0
2025-08-04,2025,8,2025-W32,Itasy,-19.0167,46.7667,eleve,1063882,0,0,0,0,0,0,0,0,0.0,0.0,0.0
2025-08-11,2025,8,2025-W33,Itasy,-19.0167,46.7667,eleve,1063882,0,0,0,0,0,0,0,0,0.0,0.0,0.0
2025-08-18,2025,8,2025-W34,Itasy,-19.0167,46.7667,eleve,1063882,0,0,0,0,0,0,0,0,0.0,0.0,0.0
2025-08-25,2025,8,2025-W35,Itasy,-19.0167,46.7667,eleve,1063882,0,0,0,0,0,0,0,0,0.0,0.0,0.0
2025-09-01,2025,9,2025-W36,Itasy,-19.0167,46.7667,eleve,1063882,0,0,0,0,0,0,0,0,0.0,0.0,0.0
2025-09-08,2025,9,2025-W37,Itasy,-19.0167,46.7667,eleve,1063882,0,0,0,0,0,0,0,0,0.0,0.0,0.0
2025-09-15,2025,9,2025-W38,Itasy,-19.0167,46.7667,eleve,1063882,0,0,0,0,0,0,0,0,0.0,0.0,0.0
2025-09-22,2025,9,2025-W39,Itasy,-19.0167,46.7667,eleve,1063882,0,0,0,0,0,0,0,0,0.0,0.0,0.0
2025-09-29,2025,9,2025-W40,Itasy,-19.0167,46.7667,eleve,1063882,0,0,0,0,0,0,0,0,0.0,0.0,0.0
2025-10-06,2025,10,2025-W41,Itasy,-19.0167,46.7667,eleve,1063882,0,0,0,0,0,0,0,0,0.0,0.0,0.0
2025-10-13,2025,10,2025-W42,Itasy,-19.0167,46.7667,eleve,1063882,0,0,0,0,0,0,0,0,0.0,0.0,0.0
2025-10-20,2025,10,2025-W43,Itasy,-19.0167,46.7667,eleve,1063882,0,0,0,0,0,0,0,0,0.0,0.0,0.0
2025-10-27,2025,10,2025-W44,Itasy,-19.0167,46.7667,eleve,1063882,0,0,0,0,0,0,0,0,0.0,0.0,0.0
2025-11-03,2025,11,2025-W45,Itasy,-19.0167,46.7667,eleve,1063882,0,0,0,0,0,0,0,0,0.0,0.0,0.0
2025-11-10,2025,11,2025-W46,Itasy,-19.0167,46.7667,eleve,1063882,0,0,0,0,0,0,0,0,0.0,0.0,0.0
2025-11-17,2025,11,2025-W47,Itasy,-19.0167,46.7667,eleve,1063882,0,0,0,0,0,0,0,0,0.0,0.0,0.0
2025-11-24,2025,11,2025-W48,Itasy,-19.0167,46.7667,eleve,1063882,0,0,0,0,0,0,0,0,0.0,0.0,0.0
2025-12-01,2025,12,2025-W49,Itasy,-19.0167,46.7667,eleve,1063882,0,0,0,0,0,0,0,0,0.0,0.0,0.0
2025-12-08,2025,12,2025-W50,Itasy,-19.0167,46.7667,eleve,1063882,0,0,0,0,0,0,0,0,0.0,0.0,0.0
2025-12-15,2025,12,2025-W51,Itasy,-19.0167,46.7667,eleve,1063882,0,0,0,0,0,0,0,0,0.0,0.0,0.0
2025-12-22,2025,12,2025-W52,Itasy,-19.0167,46.7667,eleve,1063882,0,0,0,0,0,0,0,0,0.0,0.0,0.0
2025-12-29,2025,12,2026-W01,Itasy,-19.0167,46.7667,eleve,1063882,0,0,0,0,0,0,0,0,0.0,0.0,0.0
2026-01-05,2026,1,2026-W02,Itasy,-19.0167,46.7667,eleve,1063882,0,0,0,0,0,0,0,0,0.0,0.0,0.0
2026-01-12,2026,1,2026-W03,Itasy,-19.0167,46.7667,eleve,1063882,0,0,0,0,0,0,0,0,0.0,0.0,0.0
2026-01-19,2026,1,2026-W04,Itasy,-19.0167,46.7667,eleve,1063882,0,0,0,0,0,0,0,0,0.0,0.0,0.0
2026-01-26,2026,1,2026-W05,Itasy,-19.0167,46.7667,eleve,1063882,0,0,0,0,0,0,0,0,0.0,0.0,0.0
2026-02-02,2026,2,2026-W06,Itasy,-19.0167,46.7667,eleve,1063882,0,0,0,0,0,0,0,0,0.0,0.0,0.0
2026-02-09,2026,2,2026-W07,Itasy,-19.0167,46.7667,eleve,1063882,0,0,0,0,0,0,0,0,0.0,0.0,0.0
2026-02-16,2026,2,2026-W08,Itasy,-19.0167,46.7667,eleve,1063882,0,0,0,0,0,0,0,0,0.0,0.0,0.0
2026-02-23,2026,2,2026-W09,Itasy,-19.0167,46.7667,eleve,1063882,0,0,0,0,0,0,0,0,0.0,0.0,0.0
2026-03-02,2026,3,2026-W10,Itasy,-19.0167,46.7667,eleve,1063882,0,0,0,0,0,0,0,0,0.0,0.0,0.0
2026-03-09,2026,3,2026-W11,Itasy,-19.0167,46.7667,eleve,1063882,0,0,0,0,0,0,0,0,0.0,0.0,0.0
2026-03-16,2026,3,2026-W12,Itasy,-19.0167,46.7667,eleve,1063882,0,0,0,0,0,0,0,0,0.0,0.0,0.0
2026-03-23,2026,3,2026-W13,Itasy,-19.0167,46.7667,eleve,1063882,0,0,0,0,0,0,0,0,0.0,0.0,0.0
2026-03-30,2026,3,2026-W14,Itasy,-19.0167,46.7667,eleve,1063882,0,0,0,0,0,0,0,0,0.0,0.0,0.0
2026-04-06,2026,4,2026-W15,Itasy,-19.0167,46.7667,eleve,1063882,0,0,0,0,0,0,0,0,0.0,0.0,0.0
2026-04-13,2026,4,2026-W16,Itasy,-19.0167,46.7667,eleve,1063882,0,0,0,0,0,0,0,0,0.0,0.0,0.0
2026-04-20,2026,4,2026-W17,Itasy,-19.0167,46.7667,eleve,1063882,0,0,0,0,0,0,0,0,0.0,0.0,0.0
2026-04-27,2026,4,2026-W18,Itasy,-19.0167,46.7667,eleve,1063882,0,0,0,0,0,0,0,0,0.0,0.0,0.0
2026-05-04,2026,5,2026-W19,Itasy,-19.0167,46.7667,eleve,1063882,0,0,0,0,0,0,0,0,0.0,0.0,0.0
2026-05-11,2026,5,2026-W20,Itasy,-19.0167,46.7667,eleve,1063882,0,0,0,0,0,0,0,0,0.0,0.0,0.0
2026-05-18,2026,5,2026-W21,Itasy,-19.0167,46.7667,eleve,1063882,0,0,0,0,0,0,0,0,0.0,0.0,0.0
2026-05-25,2026,5,2026-W22,Itasy,-19.0167,46.7667,eleve,1063882,0,0,0,0,0,0,0,0,0.0,0.0,0.0
2026-06-01,2026,6,2026-W23,Itasy,-19.0167,46.7667,eleve,1063882,0,0,0,0,0,0,0,0,0.0,0.0,0.0
2026-06-08,2026,6,2026-W24,Itasy,-19.0167,46.7667,eleve,1063882,0,0,0,0,0,0,0,0,0.0,0.0,0.0
2026-06-15,2026,6,2026-W25,Itasy,-19.0167,46.7667,eleve,1063882,0,0,0,0,0,0,0,0,0.0,0.0,0.0
2026-06-22,2026,6,2026-W26,Itasy,-19.0167,46.7667,eleve,1063882,0,0,0,0,0,0,0,0,0.0,0.0,0.0
2026-06-29,2026,6,2026-W27,Itasy,-19.0167,46.7667,eleve,1063882,0,0,0,0,0,0,0,0,0.0,0.0,0.0
2026-07-06,2026,7,2026-W28,Itasy,-19.0167,46.7667,eleve,1063882,0,0,0,0,0,0,0,0,0.0,0.0,0.0
2026-07-13,2026,7,2026-W29,Itasy,-19.0167,46.7667,eleve,1063882,0,0,0,0,0,0,0,0,0.0,0.0,0.0
2026-07-20,2026,7,2026-W30,Itasy,-19.0167,46.7667,eleve,1063882,0,0,0,0,0,0,0,0,0.0,0.0,0.0
2026-07-27,2026,7,2026-W31,Itasy,-19.0167,46.7667,eleve,1063882,0,0,0,0,0,0,0,0,0.0,0.0,0.0
2020-01-06,2020,1,2020-W02,Amoron'i Mania,-20.0,47.1167,eleve,991145,0,0,0,0,0,0,0,0,0.0,0.0,0.0
2020-01-13,2020,1,2020-W03,Amoron'i Mania,-20.0,47.1167,eleve,991145,0,0,0,0,0,0,0,0,0.0,0.0,0.0
2020-01-20,2020,1,2020-W04,Amoron'i Mania,-20.0,47.1167,eleve,991145,0,0,0,0,0,0,0,0,0.0,0.0,0.0
2020-01-27,2020,1,2020-W05,Amoron'i Mania,-20.0,47.1167,eleve,991145,0,0,0,0,0,0,0,0,0.0,0.0,0.0
2020-02-03,2020,2,2020-W06,Amoron'i Mania,-20.0,47.1167,eleve,991145,0,0,0,0,0,0,0,0,0.0,0.0,0.0
2020-02-10,2020,2,2020-W07,Amoron'i Mania,-20.0,47.1167,eleve,991145,0,0,0,0,0,0,0,0,0.0,0.0,0.0
2020-02-17,2020,2,2020-W08,Amoron'i Mania,-20.0,47.1167,eleve,991145,0,0,0,0,0,0,0,0,0.0,0.0,0.0
2020-02-24,2020,2,2020-W09,Amoron'i Mania,-20.0,47.1167,eleve,991145,0,0,0,0,0,0,0,0,0.0,0.0,0.0
2020-03-02,2020,3,2020-W10,Amoron'i Mania,-20.0,47.1167,eleve,991145,0,0,0,0,0,0,0,0,0.0,0.0,0.0
2020-03-09,2020,3,2020-W11,Amoron'i Mania,-20.0,47.1167,eleve,991145,0,0,0,0,0,0,0,0,0.0,0.0,0.0
2020-03-16,2020,3,2020-W12,Amoron'i Mania,-20.0,47.1167,eleve,991145,0,0,0,0,0,0,0,0,0.0,0.0,0.0
2020-03-23,2020,3,2020-W13,Amoron'i Mania,-20.0,47.1167,eleve,991145,0,0,0,0,0,0,0,0,0.0,0.0,0.0
2020-03-30,2020,3,2020-W14,Amoron'i Mania,-20.0,47.1167,eleve,991145,0,0,0,0,0,0,0,0,0.0,0.0,0.0
2020-04-06,2020,4,2020-W15,Amoron'i Mania,-20.0,47.1167,eleve,991145,0,0,0,0,0,0,0,0,0.0,0.0,0.0
2020-04-13,2020,4,2020-W16,Amoron'i Mania,-20.0,47.1167,eleve,991145,0,0,0,0,0,0,0,0,0.0,0.0,0.0
2020-04-20,2020,4,2020-W17,Amoron'i Mania,-20.0,47.1167,eleve,991145,0,0,0,0,0,0,0,0,0.0,0.0,0.0
2020-04-27,2020,4,2020-W18,Amoron'i Mania,-20.0,47.1167,eleve,991145,0,0,0,0,0,0,0,0,0.0,0.0,0.0
2020-05-04,2020,5,2020-W19,Amoron'i Mania,-20.0,47.1167,eleve,991145,0,0,0,0,0,0,0,0,0.0,0.0,0.0
2020-05-11,2020,5,2020-W20,Amoron'i Mania,-20.0,47.1167,eleve,991145,0,0,0,0,0,0,0,0,0.0,0.0,0.0
2020-05-18,2020,5,2020-W21,Amoron'i Mania,-20.0,47.1167,eleve,991145,0,0,0,0,0,0,0,0,0.0,0.0,0.0
2020-05-25,2020,5,2020-W22,Amoron'i Mania,-20.0,47.1167,eleve,991145,0,0,0,0,0,0,0,0,0.0,0.0,0.0
2020-06-01,2020,6,2020-W23,Amoron'i Mania,-20.0,47.1167,eleve,991145,0,0,0,0,0,0,0,0,0.0,0.0,0.0
2020-06-08,2020,6,2020-W24,Amoron'i Mania,-20.0,47.1167,eleve,991145,0,0,0,0,0,0,0,0,0.0,0.0,0.0
2020-06-15,2020,6,2020-W25,Amoron'i Mania,-20.0,47.1167,eleve,991145,0,0,0,0,0,0,0,0,0.0,0.0,0.0
2020-06-22,2020,6,2020-W26,Amoron'i Mania,-20.0,47.1167,eleve,991145,0,0,0,0,0,0,0,0,0.0,0.0,0.0
2020-06-29,2020,6,2020-W27,Amoron'i Mania,-20.0,47.1167,eleve,991145,0,0,0,0,0,0,0,0,0.0,0.0,0.0
2020-07-06,2020,7,2020-W28,Amoron'i Mania,-20.0,47.1167,eleve,991145,0,0,0,0,0,0,0,0,0.0,0.0,0.0
2020-07-13,2020,7,2020-W29,Amoron'i Mania,-20.0,47.1167,eleve,991145,0,0,0,0,0,0,0,0,0.0,0.0,0.0
2020-07-20,2020,7,2020-W30,Amoron'i Mania,-20.0,47.1167,eleve,991145,0,0,0,0,0,0,0,0,0.0,0.0,0.0
2020-07-27,2020,7,2020-W31,Amoron'i Mania,-20.0,47.1167,eleve,991145,0,0,0,0,0,0,0,0,0.0,0.0,0.0
2020-08-03,2020,8,2020-W32,Amoron'i Mania,-20.0,47.1167,eleve,991145,0,0,0,0,0,0,0,0,0.0,0.0,0.0
2020-08-10,2020,8,2020-W33,Amoron'i Mania,-20.0,47.1167,eleve,991145,0,0,0,0,0,0,0,0,0.0,0.0,0.0
2020-08-17,2020,8,2020-W34,Amoron'i Mania,-20.0,47.1167,eleve,991145,0,0,0,0,0,0,0,0,0.0,0.0,0.0
2020-08-24,2020,8,2020-W35,Amoron'i Mania,-20.0,47.1167,eleve,991145,0,0,0,0,0,0,0,0,0.0,0.0,0.0
2020-08-31,2020,8,2020-W36,Amoron'i Mania,-20.0,47.1167,eleve,991145,0,0,0,0,0,0,0,0,0.0,0.0,0.0
2020-09-07,2020,9,2020-W37,Amoron'i Mania,-20.0,47.1167,eleve,991145,0,0,0,0,0,0,0,0,0.0,0.0,0.0
2020-09-14,2020,9,2020-W38,Amoron'i Mania,-20.0,47.1167,eleve,991145,0,0,0,0,0,0,0,0,0.0,0.0,0.0
2020-09-21,2020,9,2020-W39,Amoron'i Mania,-20.0,47.1167,eleve,991145,0,0,0,0,0,0,0,0,0.0,0.0,0.0
2020-09-28,2020,9,2020-W40,Amoron'i Mania,-20.0,47.1167,eleve,991145,0,0,0,0,0,0,0,0,0.0,0.0,0.0
2020-10-05,2020,10,2020-W41,Amoron'i Mania,-20.0,47.1167,eleve,991145,0,0,0,0,0,0,0,0,0.0,0.0,0.0
2020-10-12,2020,10,2020-W42,Amoron'i Mania,-20.0,47.1167,eleve,991145,0,0,0,0,0,0,0,0,0.0,0.0,0.0
2020-10-19,2020,10,2020-W43,Amoron'i Mania,-20.0,47.1167,eleve,991145,0,0,0,0,0,0,0,0,0.0,0.0,0.0
2020-10-26,2020,10,2020-W44,Amoron'i Mania,-20.0,47.1167,eleve,991145,0,0,0,0,0,0,0,0,0.0,0.0,0.0
2020-11-02,2020,11,2020-W45,Amoron'i Mania,-20.0,47.1167,eleve,991145,0,0,0,0,0,0,0,0,0.0,0.0,0.0
2020-11-09,2020,11,2020-W46,Amoron'i Mania,-20.0,47.1167,eleve,991145,0,0,0,0,0,0,0,0,0.0,0.0,0.0
2020-11-16,2020,11,2020-W47,Amoron'i Mania,-20.0,47.1167,eleve,991145,0,0,0,0,0,0,0,0,0.0,0.0,0.0
2020-11-23,2020,11,2020-W48,Amoron'i Mania,-20.0,47.1167,eleve,991145,0,0,0,0,0,0,0,0,0.0,0.0,0.0
2020-11-30,2020,11,2020-W49,Amoron'i Mania,-20.0,47.1167,eleve,991145,0,0,0,0,0,0,0,0,0.0,0.0,0.0
2020-12-07,2020,12,2020-W50,Amoron'i Mania,-20.0,47.1167,eleve,991145,0,0,0,0,0,0,0,0,0.0,0.0,0.0
2020-12-14,2020,12,2020-W51,Amoron'i Mania,-20.0,47.1167,eleve,991145,0,0,0,0,0,0,0,0,0.0,0.0,0.0
2020-12-21,2020,12,2020-W52,Amoron'i Mania,-20.0,47.1167,eleve,991145,0,0,0,0,0,0,0,0,0.0,0.0,0.0
2020-12-28,2020,12,2020-W53,Amoron'i Mania,-20.0,47.1167,eleve,991145,0,0,0,0,0,0,0,0,0.0,0.0,0.0
2021-01-04,2021,1,2021-W01,Amoron'i Mania,-20.0,47.1167,eleve,991145,0,0,0,0,0,0,0,0,0.0,0.0,0.0
2021-01-11,2021,1,2021-W02,Amoron'i Mania,-20.0,47.1167,eleve,991145,0,0,0,0,0,0,0,0,0.0,0.0,0.0
2021-01-18,2021,1,2021-W03,Amoron'i Mania,-20.0,47.1167,eleve,991145,0,0,0,0,0,0,0,0,0.0,0.0,0.0
2021-01-25,2021,1,2021-W04,Amoron'i Mania,-20.0,47.1167,eleve,991145,0,0,0,0,0,0,0,0,0.0,0.0,0.0
2021-02-01,2021,2,2021-W05,Amoron'i Mania,-20.0,47.1167,eleve,991145,0,0,0,0,0,0,0,0,0.0,0.0,0.0
2021-02-08,2021,2,2021-W06,Amoron'i Mania,-20.0,47.1167,eleve,991145,0,0,0,0,0,0,0,0,0.0,0.0,0.0
2021-02-15,2021,2,2021-W07,Amoron'i Mania,-20.0,47.1167,eleve,991145,0,0,0,0,0,0,0,0,0.0,0.0,0.0
2021-02-22,2021,2,2021-W08,Amoron'i Mania,-20.0,47.1167,eleve,991145,0,0,0,0,0,0,0,0,0.0,0.0,0.0
2021-03-01,2021,3,2021-W09,Amoron'i Mania,-20.0,47.1167,eleve,991145,0,0,0,0,0,0,0,0,0.0,0.0,0.0
2021-03-08,2021,3,2021-W10,Amoron'i Mania,-20.0,47.1167,eleve,991145,0,0,0,0,0,0,0,0,0.0,0.0,0.0
2021-03-15,2021,3,2021-W11,Amoron'i Mania,-20.0,47.1167,eleve,991145,0,0,0,0,0,0,0,0,0.0,0.0,0.0
2021-03-22,2021,3,2021-W12,Amoron'i Mania,-20.0,47.1167,eleve,991145,0,0,0,0,0,0,0,0,0.0,0.0,0.0
2021-03-29,2021,3,2021-W13,Amoron'i Mania,-20.0,47.1167,eleve,991145,0,0,0,0,0,0,0,0,0.0,0.0,0.0
2021-04-05,2021,4,2021-W14,Amoron'i Mania,-20.0,47.1167,eleve,991145,0,0,0,0,0,0,0,0,0.0,0.0,0.0
2021-04-12,2021,4,2021-W15,Amoron'i Mania,-20.0,47.1167,eleve,991145,0,0,0,0,0,0,0,0,0.0,0.0,0.0
2021-04-19,2021,4,2021-W16,Amoron'i Mania,-20.0,47.1167,eleve,991145,0,0,0,0,0,0,0,0,0.0,0.0,0.0
2021-04-26,2021,4,2021-W17,Amoron'i Mania,-20.0,47.1167,eleve,991145,0,0,0,0,0,0,0,0,0.0,0.0,0.0
2021-05-03,2021,5,2021-W18,Amoron'i Mania,-20.0,47.1167,eleve,991145,0,0,0,0,0,0,0,0,0.0,0.0,0.0
2021-05-10,2021,5,2021-W19,Amoron'i Mania,-20.0,47.1167,eleve,991145,0,0,0,0,0,0,0,0,0.0,0.0,0.0
2021-05-17,2021,5,2021-W20,Amoron'i Mania,-20.0,47.1167,eleve,991145,0,0,0,0,0,0,0,0,0.0,0.0,0.0
2021-05-24,2021,5,2021-W21,Amoron'i Mania,-20.0,47.1167,eleve,991145,0,0,0,0,0,0,0,0,0.0,0.0,0.0
2021-05-31,2021,5,2021-W22,Amoron'i Mania,-20.0,47.1167,eleve,991145,0,0,0,0,0,0,0,0,0.0,0.0,0.0
2021-06-07,2021,6,2021-W23,Amoron'i Mania,-20.0,47.1167,eleve,991145,0,0,0,0,0,0,0,0,0.0,0.0,0.0
2021-06-14,2021,6,2021-W24,Amoron'i Mania,-20.0,47.1167,eleve,991145,0,0,0,0,0,0,0,0,0.0,0.0,0.0
2021-06-21,2021,6,2021-W25,Amoron'i Mania,-20.0,47.1167,eleve,991145,0,0,0,0,0,0,0,0,0.0,0.0,0.0
2021-06-28,2021,6,2021-W26,Amoron'i Mania,-20.0,47.1167,eleve,991145,0,0,0,0,0,0,0,0,0.0,0.0,0.0
2021-07-05,2021,7,2021-W27,Amoron'i Mania,-20.0,47.1167,eleve,991145,0,0,0,0,0,0,0,0,0.0,0.0,0.0
2021-07-12,2021,7,2021-W28,Amoron'i Mania,-20.0,47.1167,eleve,991145,0,0,0,0,0,0,0,0,0.0,0.0,0.0
2021-07-19,2021,7,2021-W29,Amoron'i Mania,-20.0,47.1167,eleve,991145,0,0,0,0,0,0,0,0,0.0,0.0,0.0
2021-07-26,2021,7,2021-W30,Amoron'i Mania,-20.0,47.1167,eleve,991145,0,0,0,0,0,0,0,0,0.0,0.0,0.0
2021-08-02,2021,8,2021-W31,Amoron'i Mania,-20.0,47.1167,eleve,991145,0,0,0,0,0,0,0,0,0.0,0.0,0.0
2021-08-09,2021,8,2021-W32,Amoron'i Mania,-20.0,47.1167,eleve,991145,0,0,0,0,0,0,0,0,0.0,0.0,0.0
2021-08-16,2021,8,2021-W33,Amoron'i Mania,-20.0,47.1167,eleve,991145,0,0,0,0,0,0,0,0,0.0,0.0,0.0
2021-08-23,2021,8,2021-W34,Amoron'i Mania,-20.0,47.1167,eleve,991145,0,0,0,0,0,0,0,0,0.0,0.0,0.0
2021-08-30,2021,8,2021-W35,Amoron'i Mania,-20.0,47.1167,eleve,991145,0,0,0,0,0,0,0,0,0.0,0.0,0.0
2021-09-06,2021,9,2021-W36,Amoron'i Mania,-20.0,47.1167,eleve,991145,0,0,0,0,0,0,0,0,0.0,0.0,0.0
2021-09-13,2021,9,2021-W37,Amoron'i Mania,-20.0,47.1167,eleve,991145,0,0,0,0,0,0,0,0,0.0,0.0,0.0
2021-09-20,2021,9,2021-W38,Amoron'i Mania,-20.0,47.1167,eleve,991145,0,0,0,0,0,0,0,0,0.0,0.0,0.0
2021-09-27,2021,9,2021-W39,Amoron'i Mania,-20.0,47.1167,eleve,991145,0,0,0,0,0,0,0,0,0.0,0.0,0.0
2021-10-04,2021,10,2021-W40,Amoron'i Mania,-20.0,47.1167,eleve,991145,0,0,0,0,0,0,0,0,0.0,0.0,0.0
2021-10-11,2021,10,2021-W41,Amoron'i Mania,-20.0,47.1167,eleve,991145,0,0,0,0,0,0,0,0,0.0,0.0,0.0
2021-10-18,2021,10,2021-W42,Amoron'i Mania,-20.0,47.1167,eleve,991145,0,0,0,0,0,0,0,0,0.0,0.0,0.0
2021-10-25,2021,10,2021-W43,Amoron'i Mania,-20.0,47.1167,eleve,991145,0,0,0,0,0,0,0,0,0.0,0.0,0.0
2021-11-01,2021,11,2021-W44,Amoron'i Mania,-20.0,47.1167,eleve,991145,0,0,0,0,0,0,0,0,0.0,0.0,0.0
2021-11-08,2021,11,2021-W45,Amoron'i Mania,-20.0,47.1167,eleve,991145,0,0,0,0,0,0,0,0,0.0,0.0,0.0
2021-11-15,2021,11,2021-W46,Amoron'i Mania,-20.0,47.1167,eleve,991145,0,0,0,0,0,0,0,0,0.0,0.0,0.0
2021-11-22,2021,11,2021-W47,Amoron'i Mania,-20.0,47.1167,eleve,991145,0,0,0,0,0,0,0,0,0.0,0.0,0.0
2021-11-29,2021,11,2021-W48,Amoron'i Mania,-20.0,47.1167,eleve,991145,0,0,0,0,0,0,0,0,0.0,0.0,0.0
2021-12-06,2021,12,2021-W49,Amoron'i Mania,-20.0,47.1167,eleve,991145,0,0,0,0,0,0,0,0,0.0,0.0,0.0
2021-12-13,2021,12,2021-W50,Amoron'i Mania,-20.0,47.1167,eleve,991145,0,0,0,0,0,0,0,0,0.0,0.0,0.0
2021-12-20,2021,12,2021-W51,Amoron'i Mania,-20.0,47.1167,eleve,991145,0,0,0,0,0,0,0,0,0.0,0.0,0.0
2021-12-27,2021,12,2021-W52,Amoron'i Mania,-20.0,47.1167,eleve,991145,0,0,0,0,0,0,0,0,0.0,0.0,0.0
2022-01-03,2022,1,2022-W01,Amoron'i Mania,-20.0,47.1167,eleve,991145,0,0,0,0,0,0,0,0,0.0,0.0,0.0
2022-01-10,2022,1,2022-W02,Amoron'i Mania,-20.0,47.1167,eleve,991145,0,0,0,0,0,0,0,0,0.0,0.0,0.0
2022-01-17,2022,1,2022-W03,Amoron'i Mania,-20.0,47.1167,eleve,991145,0,0,0,0,0,0,0,0,0.0,0.0,0.0
2022-01-24,2022,1,2022-W04,Amoron'i Mania,-20.0,47.1167,eleve,991145,0,0,0,0,0,0,0,0,0.0,0.0,0.0
2022-01-31,2022,1,2022-W05,Amoron'i Mania,-20.0,47.1167,eleve,991145,0,0,0,0,0,0,0,0,0.0,0.0,0.0
2022-02-07,2022,2,2022-W06,Amoron'i Mania,-20.0,47.1167,eleve,991145,0,0,0,0,0,0,0,0,0.0,0.0,0.0
2022-02-14,2022,2,2022-W07,Amoron'i Mania,-20.0,47.1167,eleve,991145,0,0,0,0,0,0,0,0,0.0,0.0,0.0
2022-02-21,2022,2,2022-W08,Amoron'i Mania,-20.0,47.1167,eleve,991145,0,0,0,0,0,0,0,0,0.0,0.0,0.0
2022-02-28,2022,2,2022-W09,Amoron'i Mania,-20.0,47.1167,eleve,991145,0,0,0,0,0,0,0,0,0.0,0.0,0.0
2022-03-07,2022,3,2022-W10,Amoron'i Mania,-20.0,47.1167,eleve,991145,0,0,0,0,0,0,0,0,0.0,0.0,0.0
2022-03-14,2022,3,2022-W11,Amoron'i Mania,-20.0,47.1167,eleve,991145,0,0,0,0,0,0,0,0,0.0,0.0,0.0
2022-03-21,2022,3,2022-W12,Amoron'i Mania,-20.0,47.1167,eleve,991145,0,0,0,0,0,0,0,0,0.0,0.0,0.0
2022-03-28,2022,3,2022-W13,Amoron'i Mania,-20.0,47.1167,eleve,991145,0,0,0,0,0,0,0,0,0.0,0.0,0.0
2022-04-04,2022,4,2022-W14,Amoron'i Mania,-20.0,47.1167,eleve,991145,0,0,0,0,0,0,0,0,0.0,0.0,0.0
2022-04-11,2022,4,2022-W15,Amoron'i Mania,-20.0,47.1167,eleve,991145,0,0,0,0,0,0,0,0,0.0,0.0,0.0
2022-04-18,2022,4,2022-W16,Amoron'i Mania,-20.0,47.1167,eleve,991145,0,0,0,0,0,0,0,0,0.0,0.0,0.0
2022-04-25,2022,4,2022-W17,Amoron'i Mania,-20.0,47.1167,eleve,991145,0,0,0,0,0,0,0,0,0.0,0.0,0.0
2022-05-02,2022,5,2022-W18,Amoron'i Mania,-20.0,47.1167,eleve,991145,0,0,0,0,0,0,0,0,0.0,0.0,0.0
2022-05-09,2022,5,2022-W19,Amoron'i Mania,-20.0,47.1167,eleve,991145,0,0,0,0,0,0,0,0,0.0,0.0,0.0
2022-05-16,2022,5,2022-W20,Amoron'i Mania,-20.0,47.1167,eleve,991145,0,0,0,0,0,0,0,0,0.0,0.0,0.0
2022-05-23,2022,5,2022-W21,Amoron'i Mania,-20.0,47.1167,eleve,991145,0,0,0,0,0,0,0,0,0.0,0.0,0.0
2022-05-30,2022,5,2022-W22,Amoron'i Mania,-20.0,47.1167,eleve,991145,0,0,0,0,0,0,0,0,0.0,0.0,0.0
2022-06-06,2022,6,2022-W23,Amoron'i Mania,-20.0,47.1167,eleve,991145,0,0,0,0,0,0,0,0,0.0,0.0,0.0
2022-06-13,2022,6,2022-W24,Amoron'i Mania,-20.0,47.1167,eleve,991145,0,0,0,0,0,0,0,0,0.0,0.0,0.0
2022-06-20,2022,6,2022-W25,Amoron'i Mania,-20.0,47.1167,eleve,991145,0,0,0,0,0,0,0,0,0.0,0.0,0.0
2022-06-27,2022,6,2022-W26,Amoron'i Mania,-20.0,47.1167,eleve,991145,0,0,0,0,0,0,0,0,0.0,0.0,0.0
2022-07-04,2022,7,2022-W27,Amoron'i Mania,-20.0,47.1167,eleve,991145,0,0,0,0,0,0,0,0,0.0,0.0,0.0
2022-07-11,2022,7,2022-W28,Amoron'i Mania,-20.0,47.1167,eleve,991145,0,0,0,0,0,0,0,0,0.0,0.0,0.0
2022-07-18,2022,7,2022-W29,Amoron'i Mania,-20.0,47.1167,eleve,991145,0,0,0,0,0,0,0,0,0.0,0.0,0.0
2022-07-25,2022,7,2022-W30,Amoron'i Mania,-20.0,47.1167,eleve,991145,0,0,0,0,0,0,0,0,0.0,0.0,0.0
2022-08-01,2022,8,2022-W31,Amoron'i Mania,-20.0,47.1167,eleve,991145,0,0,0,0,0,0,0,0,0.0,0.0,0.0
2022-08-08,2022,8,2022-W32,Amoron'i Mania,-20.0,47.1167,eleve,991145,0,0,0,0,0,0,0,0,0.0,0.0,0.0
2022-08-15,2022,8,2022-W33,Amoron'i Mania,-20.0,47.1167,eleve,991145,0,0,0,0,0,0,0,0,0.0,0.0,0.0
2022-08-22,2022,8,2022-W34,Amoron'i Mania,-20.0,47.1167,eleve,991145,0,0,0,0,0,0,0,0,0.0,0.0,0.0
2022-08-29,2022,8,2022-W35,Amoron'i Mania,-20.0,47.1167,eleve,991145,0,0,0,0,0,0,0,0,0.0,0.0,0.0
2022-09-05,2022,9,2022-W36,Amoron'i Mania,-20.0,47.1167,eleve,991145,0,0,0,0,0,0,0,0,0.0,0.0,0.0
2022-09-12,2022,9,2022-W37,Amoron'i Mania,-20.0,47.1167,eleve,991145,0,0,0,0,0,0,0,0,0.0,0.0,0.0
2022-09-19,2022,9,2022-W38,Amoron'i Mania,-20.0,47.1167,eleve,991145,0,0,0,0,0,0,0,0,0.0,0.0,0.0
2022-09-26,2022,9,2022-W39,Amoron'i Mania,-20.0,47.1167,eleve,991145,0,0,0,0,0,0,0,0,0.0,0.0,0.0
2022-10-03,2022,10,2022-W40,Amoron'i Mania,-20.0,47.1167,eleve,991145,0,0,0,0,0,0,0,0,0.0,0.0,0.0
2022-10-10,2022,10,2022-W41,Amoron'i Mania,-20.0,47.1167,eleve,991145,0,0,0,0,0,0,0,0,0.0,0.0,0.0
2022-10-17,2022,10,2022-W42,Amoron'i Mania,-20.0,47.1167,eleve,991145,0,0,0,0,0,0,0,0,0.0,0.0,0.0
2022-10-24,2022,10,2022-W43,Amoron'i Mania,-20.0,47.1167,eleve,991145,0,0,0,0,0,0,0,0,0.0,0.0,0.0
2022-10-31,2022,10,2022-W44,Amoron'i Mania,-20.0,47.1167,eleve,991145,0,0,0,0,0,0,0,0,0.0,0.0,0.0
2022-11-07,2022,11,2022-W45,Amoron'i Mania,-20.0,47.1167,eleve,991145,0,0,0,0,0,0,0,0,0.0,0.0,0.0
2022-11-14,2022,11,2022-W46,Amoron'i Mania,-20.0,47.1167,eleve,991145,0,0,0,0,0,0,0,0,0.0,0.0,0.0
2022-11-21,2022,11,2022-W47,Amoron'i Mania,-20.0,47.1167,eleve,991145,0,0,0,0,0,0,0,0,0.0,0.0,0.0
2022-11-28,2022,11,2022-W48,Amoron'i Mania,-20.0,47.1167,eleve,991145,0,0,0,0,0,0,0,0,0.0,0.0,0.0
2022-12-05,2022,12,2022-W49,Amoron'i Mania,-20.0,47.1167,eleve,991145,0,0,0,0,0,0,0,0,0.0,0.0,0.0
2022-12-12,2022,12,2022-W50,Amoron'i Mania,-20.0,47.1167,eleve,991145,0,0,0,0,0,0,0,0,0.0,0.0,0.0
2022-12-19,2022,12,2022-W51,Amoron'i Mania,-20.0,47.1167,eleve,991145,0,0,0,0,0,0,0,0,0.0,0.0,0.0
2022-12-26,2022,12,2022-W52,Amoron'i Mania,-20.0,47.1167,eleve,991145,0,0,0,0,0,0,0,0,0.0,0.0,0.0
2023-01-02,2023,1,2023-W01,Amoron'i Mania,-20.0,47.1167,eleve,991145,0,0,0,0,0,0,0,0,0.0,0.0,0.0
2023-01-09,2023,1,2023-W02,Amoron'i Mania,-20.0,47.1167,eleve,991145,0,0,0,0,0,0,0,0,0.0,0.0,0.0
2023-01-16,2023,1,2023-W03,Amoron'i Mania,-20.0,47.1167,eleve,991145,0,0,0,0,0,0,0,0,0.0,0.0,0.0
2023-01-23,2023,1,2023-W04,Amoron'i Mania,-20.0,47.1167,eleve,991145,0,0,0,0,0,0,0,0,0.0,0.0,0.0
2023-01-30,2023,1,2023-W05,Amoron'i Mania,-20.0,47.1167,eleve,991145,0,0,0,0,0,0,0,0,0.0,0.0,0.0
2023-02-06,2023,2,2023-W06,Amoron'i Mania,-20.0,47.1167,eleve,991145,0,0,0,0,0,0,0,0,0.0,0.0,0.0
2023-02-13,2023,2,2023-W07,Amoron'i Mania,-20.0,47.1167,eleve,991145,0,0,0,0,0,0,0,0,0.0,0.0,0.0
2023-02-20,2023,2,2023-W08,Amoron'i Mania,-20.0,47.1167,eleve,991145,0,0,0,0,0,0,0,0,0.0,0.0,0.0
2023-02-27,2023,2,2023-W09,Amoron'i Mania,-20.0,47.1167,eleve,991145,0,0,0,0,0,0,0,0,0.0,0.0,0.0
2023-03-06,2023,3,2023-W10,Amoron'i Mania,-20.0,47.1167,eleve,991145,0,0,0,0,0,0,0,0,0.0,0.0,0.0
2023-03-13,2023,3,2023-W11,Amoron'i Mania,-20.0,47.1167,eleve,991145,0,0,0,0,0,0,0,0,0.0,0.0,0.0
2023-03-20,2023,3,2023-W12,Amoron'i Mania,-20.0,47.1167,eleve,991145,0,0,0,0,0,0,0,0,0.0,0.0,0.0
2023-03-27,2023,3,2023-W13,Amoron'i Mania,-20.0,47.1167,eleve,991145,0,0,0,0,0,0,0,0,0.0,0.0,0.0
2023-04-03,2023,4,2023-W14,Amoron'i Mania,-20.0,47.1167,eleve,991145,0,0,0,0,0,0,0,0,0.0,0.0,0.0
2023-04-10,2023,4,2023-W15,Amoron'i Mania,-20.0,47.1167,eleve,991145,0,0,0,0,0,0,0,0,0.0,0.0,0.0
2023-04-17,2023,4,2023-W16,Amoron'i Mania,-20.0,47.1167,eleve,991145,0,0,0,0,0,0,0,0,0.0,0.0,0.0
2023-04-24,2023,4,2023-W17,Amoron'i Mania,-20.0,47.1167,eleve,991145,0,0,0,0,0,0,0,0,0.0,0.0,0.0
2023-05-01,2023,5,2023-W18,Amoron'i Mania,-20.0,47.1167,eleve,991145,0,0,0,0,0,0,0,0,0.0,0.0,0.0
2023-05-08,2023,5,2023-W19,Amoron'i Mania,-20.0,47.1167,eleve,991145,0,0,0,0,0,0,0,0,0.0,0.0,0.0
2023-05-15,2023,5,2023-W20,Amoron'i Mania,-20.0,47.1167,eleve,991145,0,0,0,0,0,0,0,0,0.0,0.0,0.0
2023-05-22,2023,5,2023-W21,Amoron'i Mania,-20.0,47.1167,eleve,991145,0,0,0,0,0,0,0,0,0.0,0.0,0.0
2023-05-29,2023,5,2023-W22,Amoron'i Mania,-20.0,47.1167,eleve,991145,0,0,0,0,0,0,0,0,0.0,0.0,0.0
2023-06-05,2023,6,2023-W23,Amoron'i Mania,-20.0,47.1167,eleve,991145,0,0,0,0,0,0,0,0,0.0,0.0,0.0
2023-06-12,2023,6,2023-W24,Amoron'i Mania,-20.0,47.1167,eleve,991145,0,0,0,0,0,0,0,0,0.0,0.0,0.0
2023-06-19,2023,6,2023-W25,Amoron'i Mania,-20.0,47.1167,eleve,991145,0,0,0,0,0,0,0,0,0.0,0.0,0.0
2023-06-26,2023,6,2023-W26,Amoron'i Mania,-20.0,47.1167,eleve,991145,0,0,0,0,0,0,0,0,0.0,0.0,0.0
2023-07-03,2023,7,2023-W27,Amoron'i Mania,-20.0,47.1167,eleve,991145,0,0,0,0,0,0,0,0,0.0,0.0,0.0
2023-07-10,2023,7,2023-W28,Amoron'i Mania,-20.0,47.1167,eleve,991145,0,0,0,0,0,0,0,0,0.0,0.0,0.0
2023-07-17,2023,7,2023-W29,Amoron'i Mania,-20.0,47.1167,eleve,991145,0,0,0,0,0,0,0,0,0.0,0.0,0.0
2023-07-24,2023,7,2023-W30,Amoron'i Mania,-20.0,47.1167,eleve,991145,0,0,0,0,0,0,0,0,0.0,0.0,0.0
2023-07-31,2023,7,2023-W31,Amoron'i Mania,-20.0,47.1167,eleve,991145,0,0,0,0,0,0,0,0,0.0,0.0,0.0
2023-08-07,2023,8,2023-W32,Amoron'i Mania,-20.0,47.1167,eleve,991145,0,0,0,0,0,0,0,0,0.0,0.0,0.0
2023-08-14,2023,8,2023-W33,Amoron'i Mania,-20.0,47.1167,eleve,991145,0,0,0,0,0,0,0,0,0.0,0.0,0.0
2023-08-21,2023,8,2023-W34,Amoron'i Mania,-20.0,47.1167,eleve,991145,0,0,0,0,0,0,0,0,0.0,0.0,0.0
2023-08-28,2023,8,2023-W35,Amoron'i Mania,-20.0,47.1167,eleve,991145,0,0,0,0,0,0,0,0,0.0,0.0,0.0
2023-09-04,2023,9,2023-W36,Amoron'i Mania,-20.0,47.1167,eleve,991145,0,0,0,0,0,0,0,0,0.0,0.0,0.0
2023-09-11,2023,9,2023-W37,Amoron'i Mania,-20.0,47.1167,eleve,991145,0,0,0,0,0,0,0,0,0.0,0.0,0.0
2023-09-18,2023,9,2023-W38,Amoron'i Mania,-20.0,47.1167,eleve,991145,0,0,0,0,0,0,0,0,0.0,0.0,0.0
2023-09-25,2023,9,2023-W39,Amoron'i Mania,-20.0,47.1167,eleve,991145,0,0,0,0,0,0,0,0,0.0,0.0,0.0
2023-10-02,2023,10,2023-W40,Amoron'i Mania,-20.0,47.1167,eleve,991145,0,0,0,0,0,0,0,0,0.0,0.0,0.0
2023-10-09,2023,10,2023-W41,Amoron'i Mania,-20.0,47.1167,eleve,991145,0,0,0,0,0,0,0,0,0.0,0.0,0.0
2023-10-16,2023,10,2023-W42,Amoron'i Mania,-20.0,47.1167,eleve,991145,0,0,0,0,0,0,0,0,0.0,0.0,0.0
2023-10-23,2023,10,2023-W43,Amoron'i Mania,-20.0,47.1167,eleve,991145,0,0,0,0,0,0,0,0,0.0,0.0,0.0
2023-10-30,2023,10,2023-W44,Amoron'i Mania,-20.0,47.1167,eleve,991145,0,0,0,0,0,0,0,0,0.0,0.0,0.0
2023-11-06,2023,11,2023-W45,Amoron'i Mania,-20.0,47.1167,eleve,991145,0,0,0,0,0,0,0,0,0.0,0.0,0.0
2023-11-13,2023,11,2023-W46,Amoron'i Mania,-20.0,47.1167,eleve,991145,0,0,0,0,0,0,0,0,0.0,0.0,0.0
2023-11-20,2023,11,2023-W47,Amoron'i Mania,-20.0,47.1167,eleve,991145,0,0,0,0,0,0,0,0,0.0,0.0,0.0
2023-11-27,2023,11,2023-W48,Amoron'i Mania,-20.0,47.1167,eleve,991145,0,0,0,0,0,0,0,0,0.0,0.0,0.0
2023-12-04,2023,12,2023-W49,Amoron'i Mania,-20.0,47.1167,eleve,991145,0,0,0,0,0,0,0,0,0.0,0.0,0.0
2023-12-11,2023,12,2023-W50,Amoron'i Mania,-20.0,47.1167,eleve,991145,0,0,0,0,0,0,0,0,0.0,0.0,0.0
2023-12-18,2023,12,2023-W51,Amoron'i Mania,-20.0,47.1167,eleve,991145,0,0,0,0,0,0,0,0,0.0,0.0,0.0
2023-12-25,2023,12,2023-W52,Amoron'i Mania,-20.0,47.1167,eleve,991145,0,0,0,0,0,0,0,0,0.0,0.0,0.0
2024-01-01,2024,1,2024-W01,Amoron'i Mania,-20.0,47.1167,eleve,991145,0,0,0,0,0,0,0,0,0.0,0.0,0.0
2024-01-08,2024,1,2024-W02,Amoron'i Mania,-20.0,47.1167,eleve,991145,0,0,0,0,0,0,0,0,0.0,0.0,0.0
2024-01-15,2024,1,2024-W03,Amoron'i Mania,-20.0,47.1167,eleve,991145,0,0,0,0,0,0,0,0,0.0,0.0,0.0
2024-01-22,2024,1,2024-W04,Amoron'i Mania,-20.0,47.1167,eleve,991145,0,0,0,0,0,0,0,0,0.0,0.0,0.0
2024-01-29,2024,1,2024-W05,Amoron'i Mania,-20.0,47.1167,eleve,991145,0,0,0,0,0,0,0,0,0.0,0.0,0.0
2024-02-05,2024,2,2024-W06,Amoron'i Mania,-20.0,47.1167,eleve,991145,0,0,0,0,0,0,0,0,0.0,0.0,0.0
2024-02-12,2024,2,2024-W07,Amoron'i Mania,-20.0,47.1167,eleve,991145,0,0,0,0,0,0,0,0,0.0,0.0,0.0
2024-02-19,2024,2,2024-W08,Amoron'i Mania,-20.0,47.1167,eleve,991145,0,0,0,0,0,0,0,0,0.0,0.0,0.0
2024-02-26,2024,2,2024-W09,Amoron'i Mania,-20.0,47.1167,eleve,991145,0,0,0,0,0,0,0,0,0.0,0.0,0.0
2024-03-04,2024,3,2024-W10,Amoron'i Mania,-20.0,47.1167,eleve,991145,0,0,0,0,0,0,0,0,0.0,0.0,0.0
2024-03-11,2024,3,2024-W11,Amoron'i Mania,-20.0,47.1167,eleve,991145,0,0,0,0,0,0,0,0,0.0,0.0,0.0
2024-03-18,2024,3,2024-W12,Amoron'i Mania,-20.0,47.1167,eleve,991145,0,0,0,0,0,0,0,0,0.0,0.0,0.0
2024-03-25,2024,3,2024-W13,Amoron'i Mania,-20.0,47.1167,eleve,991145,0,0,0,0,0,0,0,0,0.0,0.0,0.0
2024-04-01,2024,4,2024-W14,Amoron'i Mania,-20.0,47.1167,eleve,991145,0,0,0,0,0,0,0,0,0.0,0.0,0.0
2024-04-08,2024,4,2024-W15,Amoron'i Mania,-20.0,47.1167,eleve,991145,0,0,0,0,0,0,0,0,0.0,0.0,0.0
2024-04-15,2024,4,2024-W16,Amoron'i Mania,-20.0,47.1167,eleve,991145,0,0,0,0,0,0,0,0,0.0,0.0,0.0
2024-04-22,2024,4,2024-W17,Amoron'i Mania,-20.0,47.1167,eleve,991145,0,0,0,0,0,0,0,0,0.0,0.0,0.0
2024-04-29,2024,4,2024-W18,Amoron'i Mania,-20.0,47.1167,eleve,991145,0,0,0,0,0,0,0,0,0.0,0.0,0.0
2024-05-06,2024,5,2024-W19,Amoron'i Mania,-20.0,47.1167,eleve,991145,0,0,0,0,0,0,0,0,0.0,0.0,0.0
2024-05-13,2024,5,2024-W20,Amoron'i Mania,-20.0,47.1167,eleve,991145,0,0,0,0,0,0,0,0,0.0,0.0,0.0
2024-05-20,2024,5,2024-W21,Amoron'i Mania,-20.0,47.1167,eleve,991145,0,0,0,0,0,0,0,0,0.0,0.0,0.0
2024-05-27,2024,5,2024-W22,Amoron'i Mania,-20.0,47.1167,eleve,991145,0,0,0,0,0,0,0,0,0.0,0.0,0.0
2024-06-03,2024,6,2024-W23,Amoron'i Mania,-20.0,47.1167,eleve,991145,0,0,0,0,0,0,0,0,0.0,0.0,0.0
2024-06-10,2024,6,2024-W24,Amoron'i Mania,-20.0,47.1167,eleve,991145,0,0,0,0,0,0,0,0,0.0,0.0,0.0
2024-06-17,2024,6,2024-W25,Amoron'i Mania,-20.0,47.1167,eleve,991145,0,0,0,0,0,0,0,0,0.0,0.0,0.0
2024-06-24,2024,6,2024-W26,Amoron'i Mania,-20.0,47.1167,eleve,991145,0,0,0,0,0,0,0,0,0.0,0.0,0.0
2024-07-01,2024,7,2024-W27,Amoron'i Mania,-20.0,47.1167,eleve,991145,0,0,0,0,0,0,0,0,0.0,0.0,0.0
2024-07-08,2024,7,2024-W28,Amoron'i Mania,-20.0,47.1167,eleve,991145,0,0,0,0,0,0,0,0,0.0,0.0,0.0
2024-07-15,2024,7,2024-W29,Amoron'i Mania,-20.0,47.1167,eleve,991145,0,0,0,0,0,0,0,0,0.0,0.0,0.0
2024-07-22,2024,7,2024-W30,Amoron'i Mania,-20.0,47.1167,eleve,991145,0,0,0,0,0,0,0,0,0.0,0.0,0.0
2024-07-29,2024,7,2024-W31,Amoron'i Mania,-20.0,47.1167,eleve,991145,0,0,0,0,0,0,0,0,0.0,0.0,0.0
2024-08-05,2024,8,2024-W32,Amoron'i Mania,-20.0,47.1167,eleve,991145,0,0,0,0,0,0,0,0,0.0,0.0,0.0
2024-08-12,2024,8,2024-W33,Amoron'i Mania,-20.0,47.1167,eleve,991145,0,0,0,0,0,0,0,0,0.0,0.0,0.0
2024-08-19,2024,8,2024-W34,Amoron'i Mania,-20.0,47.1167,eleve,991145,0,0,0,0,0,0,0,0,0.0,0.0,0.0
2024-08-26,2024,8,2024-W35,Amoron'i Mania,-20.0,47.1167,eleve,991145,0,0,0,0,0,0,0,0,0.0,0.0,0.0
2024-09-02,2024,9,2024-W36,Amoron'i Mania,-20.0,47.1167,eleve,991145,0,0,0,0,0,0,0,0,0.0,0.0,0.0
2024-09-09,2024,9,2024-W37,Amoron'i Mania,-20.0,47.1167,eleve,991145,0,0,0,0,0,0,0,0,0.0,0.0,0.0
2024-09-16,2024,9,2024-W38,Amoron'i Mania,-20.0,47.1167,eleve,991145,0,0,0,0,0,0,0,0,0.0,0.0,0.0
2024-09-23,2024,9,2024-W39,Amoron'i Mania,-20.0,47.1167,eleve,991145,0,0,0,0,0,0,0,0,0.0,0.0,0.0
2024-09-30,2024,9,2024-W40,Amoron'i Mania,-20.0,47.1167,eleve,991145,0,0,0,0,0,0,0,0,0.0,0.0,0.0
2024-10-07,2024,10,2024-W41,Amoron'i Mania,-20.0,47.1167,eleve,991145,0,0,0,0,0,0,0,0,0.0,0.0,0.0
2024-10-14,2024,10,2024-W42,Amoron'i Mania,-20.0,47.1167,eleve,991145,0,0,0,0,0,0,0,0,0.0,0.0,0.0
2024-10-21,2024,10,2024-W43,Amoron'i Mania,-20.0,47.1167,eleve,991145,0,0,0,0,0,0,0,0,0.0,0.0,0.0
2024-10-28,2024,10,2024-W44,Amoron'i Mania,-20.0,47.1167,eleve,991145,0,0,0,0,0,0,0,0,0.0,0.0,0.0
2024-11-04,2024,11,2024-W45,Amoron'i Mania,-20.0,47.1167,eleve,991145,0,0,0,0,0,0,0,0,0.0,0.0,0.0
2024-11-11,2024,11,2024-W46,Amoron'i Mania,-20.0,47.1167,eleve,991145,0,0,0,0,0,0,0,0,0.0,0.0,0.0
2024-11-18,2024,11,2024-W47,Amoron'i Mania,-20.0,47.1167,eleve,991145,0,0,0,0,0,0,0,0,0.0,0.0,0.0
2024-11-25,2024,11,2024-W48,Amoron'i Mania,-20.0,47.1167,eleve,991145,0,0,0,0,0,0,0,0,0.0,0.0,0.0
2024-12-02,2024,12,2024-W49,Amoron'i Mania,-20.0,47.1167,eleve,991145,0,0,0,0,0,0,0,0,0.0,0.0,0.0
2024-12-09,2024,12,2024-W50,Amoron'i Mania,-20.0,47.1167,eleve,991145,0,0,0,0,0,0,0,0,0.0,0.0,0.0
2024-12-16,2024,12,2024-W51,Amoron'i Mania,-20.0,47.1167,eleve,991145,0,0,0,0,0,0,0,0,0.0,0.0,0.0
2024-12-23,2024,12,2024-W52,Amoron'i Mania,-20.0,47.1167,eleve,991145,0,0,0,0,0,0,0,0,0.0,0.0,0.0
2024-12-30,2024,12,2025-W01,Amoron'i Mania,-20.0,47.1167,eleve,991145,0,0,0,0,0,0,0,0,0.0,0.0,0.0
2025-01-06,2025,1,2025-W02,Amoron'i Mania,-20.0,47.1167,eleve,991145,0,0,0,0,0,0,0,0,0.0,0.0,0.0
2025-01-13,2025,1,2025-W03,Amoron'i Mania,-20.0,47.1167,eleve,991145,0,0,0,0,0,0,0,0,0.0,0.0,0.0
2025-01-20,2025,1,2025-W04,Amoron'i Mania,-20.0,47.1167,eleve,991145,0,0,0,0,0,0,0,0,0.0,0.0,0.0
2025-01-27,2025,1,2025-W05,Amoron'i Mania,-20.0,47.1167,eleve,991145,0,0,0,0,0,0,0,0,0.0,0.0,0.0
2025-02-03,2025,2,2025-W06,Amoron'i Mania,-20.0,47.1167,eleve,991145,0,0,0,0,0,0,0,0,0.0,0.0,0.0
2025-02-10,2025,2,2025-W07,Amoron'i Mania,-20.0,47.1167,eleve,991145,0,0,0,0,0,0,0,0,0.0,0.0,0.0
2025-02-17,2025,2,2025-W08,Amoron'i Mania,-20.0,47.1167,eleve,991145,0,0,0,0,0,0,0,0,0.0,0.0,0.0
2025-02-24,2025,2,2025-W09,Amoron'i Mania,-20.0,47.1167,eleve,991145,0,0,0,0,0,0,0,0,0.0,0.0,0.0
2025-03-03,2025,3,2025-W10,Amoron'i Mania,-20.0,47.1167,eleve,991145,0,0,0,0,0,0,0,0,0.0,0.0,0.0
2025-03-10,2025,3,2025-W11,Amoron'i Mania,-20.0,47.1167,eleve,991145,0,0,0,0,0,0,0,0,0.0,0.0,0.0
2025-03-17,2025,3,2025-W12,Amoron'i Mania,-20.0,47.1167,eleve,991145,0,0,0,0,0,0,0,0,0.0,0.0,0.0
2025-03-24,2025,3,2025-W13,Amoron'i Mania,-20.0,47.1167,eleve,991145,0,0,0,0,0,0,0,0,0.0,0.0,0.0
2025-03-31,2025,3,2025-W14,Amoron'i Mania,-20.0,47.1167,eleve,991145,0,0,0,0,0,0,0,0,0.0,0.0,0.0
2025-04-07,2025,4,2025-W15,Amoron'i Mania,-20.0,47.1167,eleve,991145,0,0,0,0,0,0,0,0,0.0,0.0,0.0
2025-04-14,2025,4,2025-W16,Amoron'i Mania,-20.0,47.1167,eleve,991145,0,0,0,0,0,0,0,0,0.0,0.0,0.0
2025-04-21,2025,4,2025-W17,Amoron'i Mania,-20.0,47.1167,eleve,991145,0,0,0,0,0,0,0,0,0.0,0.0,0.0
2025-04-28,2025,4,2025-W18,Amoron'i Mania,-20.0,47.1167,eleve,991145,0,0,0,0,0,0,0,0,0.0,0.0,0.0
2025-05-05,2025,5,2025-W19,Amoron'i Mania,-20.0,47.1167,eleve,991145,0,0,0,0,0,0,0,0,0.0,0.0,0.0
2025-05-12,2025,5,2025-W20,Amoron'i Mania,-20.0,47.1167,eleve,991145,0,0,0,0,0,0,0,0,0.0,0.0,0.0
2025-05-19,2025,5,2025-W21,Amoron'i Mania,-20.0,47.1167,eleve,991145,0,0,0,0,0,0,0,0,0.0,0.0,0.0
2025-05-26,2025,5,2025-W22,Amoron'i Mania,-20.0,47.1167,eleve,991145,0,0,0,0,0,0,0,0,0.0,0.0,0.0
2025-06-02,2025,6,2025-W23,Amoron'i Mania,-20.0,47.1167,eleve,991145,0,0,0,0,0,0,0,0,0.0,0.0,0.0
2025-06-09,2025,6,2025-W24,Amoron'i Mania,-20.0,47.1167,eleve,991145,0,0,0,0,0,0,0,0,0.0,0.0,0.0
2025-06-16,2025,6,2025-W25,Amoron'i Mania,-20.0,47.1167,eleve,991145,0,0,0,0,0,0,0,0,0.0,0.0,0.0
2025-06-23,2025,6,2025-W26,Amoron'i Mania,-20.0,47.1167,eleve,991145,0,0,0,0,0,0,0,0,0.0,0.0,0.0
2025-06-30,2025,6,2025-W27,Amoron'i Mania,-20.0,47.1167,eleve,991145,0,0,0,0,0,0,0,0,0.0,0.0,0.0
2025-07-07,2025,7,2025-W28,Amoron'i Mania,-20.0,47.1167,eleve,991145,0,0,0,0,0,0,0,0,0.0,0.0,0.0
2025-07-14,2025,7,2025-W29,Amoron'i Mania,-20.0,47.1167,eleve,991145,0,0,0,0,0,0,0,0,0.0,0.0,0.0
2025-07-21,2025,7,2025-W30,Amoron'i Mania,-20.0,47.1167,eleve,991145,0,0,0,0,0,0,0,0,0.0,0.0,0.0
2025-07-28,2025,7,2025-W31,Amoron'i Mania,-20.0,47.1167,eleve,991145,0,0,0,0,0,0,0,0,0.0,0.0,0.0
2025-08-04,2025,8,2025-W32,Amoron'i Mania,-20.0,47.1167,eleve,991145,0,0,0,0,0,0,0,0,0.0,0.0,0.0
2025-08-11,2025,8,2025-W33,Amoron'i Mania,-20.0,47.1167,eleve,991145,0,0,0,0,0,0,0,0,0.0,0.0,0.0
2025-08-18,2025,8,2025-W34,Amoron'i Mania,-20.0,47.1167,eleve,991145,0,0,0,0,0,0,0,0,0.0,0.0,0.0
2025-08-25,2025,8,2025-W35,Amoron'i Mania,-20.0,47.1167,eleve,991145,0,0,0,0,0,0,0,0,0.0,0.0,0.0
2025-09-01,2025,9,2025-W36,Amoron'i Mania,-20.0,47.1167,eleve,991145,0,0,0,0,0,0,0,0,0.0,0.0,0.0
2025-09-08,2025,9,2025-W37,Amoron'i Mania,-20.0,47.1167,eleve,991145,0,0,0,0,0,0,0,0,0.0,0.0,0.0
2025-09-15,2025,9,2025-W38,Amoron'i Mania,-20.0,47.1167,eleve,991145,0,0,0,0,0,0,0,0,0.0,0.0,0.0
2025-09-22,2025,9,2025-W39,Amoron'i Mania,-20.0,47.1167,eleve,991145,0,0,0,0,0,0,0,0,0.0,0.0,0.0
2025-09-29,2025,9,2025-W40,Amoron'i Mania,-20.0,47.1167,eleve,991145,0,0,0,0,0,0,0,0,0.0,0.0,0.0
2025-10-06,2025,10,2025-W41,Amoron'i Mania,-20.0,47.1167,eleve,991145,0,0,0,0,0,0,0,0,0.0,0.0,0.0
2025-10-13,2025,10,2025-W42,Amoron'i Mania,-20.0,47.1167,eleve,991145,0,0,0,0,0,0,0,0,0.0,0.0,0.0
2025-10-20,2025,10,2025-W43,Amoron'i Mania,-20.0,47.1167,eleve,991145,0,0,0,0,0,0,0,0,0.0,0.0,0.0
2025-10-27,2025,10,2025-W44,Amoron'i Mania,-20.0,47.1167,eleve,991145,0,0,0,0,0,0,0,0,0.0,0.0,0.0
2025-11-03,2025,11,2025-W45,Amoron'i Mania,-20.0,47.1167,eleve,991145,0,0,0,0,0,0,0,0,0.0,0.0,0.0
2025-11-10,2025,11,2025-W46,Amoron'i Mania,-20.0,47.1167,eleve,991145,0,0,0,0,0,0,0,0,0.0,0.0,0.0
2025-11-17,2025,11,2025-W47,Amoron'i Mania,-20.0,47.1167,eleve,991145,0,0,0,0,0,0,0,0,0.0,0.0,0.0
2025-11-24,2025,11,2025-W48,Amoron'i Mania,-20.0,47.1167,eleve,991145,0,0,0,0,0,0,0,0,0.0,0.0,0.0
2025-12-01,2025,12,2025-W49,Amoron'i Mania,-20.0,47.1167,eleve,991145,0,0,0,0,0,0,0,0,0.0,0.0,0.0
2025-12-08,2025,12,2025-W50,Amoron'i Mania,-20.0,47.1167,eleve,991145,0,0,0,0,0,0,0,0,0.0,0.0,0.0
2025-12-15,2025,12,2025-W51,Amoron'i Mania,-20.0,47.1167,eleve,991145,0,0,0,0,0,0,0,0,0.0,0.0,0.0
2025-12-22,2025,12,2025-W52,Amoron'i Mania,-20.0,47.1167,eleve,991145,0,0,0,0,0,0,0,0,0.0,0.0,0.0
2025-12-29,2025,12,2026-W01,Amoron'i Mania,-20.0,47.1167,eleve,991145,0,0,0,0,0,0,0,0,0.0,0.0,0.0
2026-01-05,2026,1,2026-W02,Amoron'i Mania,-20.0,47.1167,eleve,991145,0,0,0,0,0,0,0,0,0.0,0.0,0.0
2026-01-12,2026,1,2026-W03,Amoron'i Mania,-20.0,47.1167,eleve,991145,0,0,0,0,0,0,0,0,0.0,0.0,0.0
2026-01-19,2026,1,2026-W04,Amoron'i Mania,-20.0,47.1167,eleve,991145,0,0,0,0,0,0,0,0,0.0,0.0,0.0
2026-01-26,2026,1,2026-W05,Amoron'i Mania,-20.0,47.1167,eleve,991145,0,0,0,0,0,0,0,0,0.0,0.0,0.0
2026-02-02,2026,2,2026-W06,Amoron'i Mania,-20.0,47.1167,eleve,991145,0,0,0,0,0,0,0,0,0.0,0.0,0.0
2026-02-09,2026,2,2026-W07,Amoron'i Mania,-20.0,47.1167,eleve,991145,0,0,0,0,0,0,0,0,0.0,0.0,0.0
2026-02-16,2026,2,2026-W08,Amoron'i Mania,-20.0,47.1167,eleve,991145,0,0,0,0,0,0,0,0,0.0,0.0,0.0
2026-02-23,2026,2,2026-W09,Amoron'i Mania,-20.0,47.1167,eleve,991145,0,0,0,0,0,0,0,0,0.0,0.0,0.0
2026-03-02,2026,3,2026-W10,Amoron'i Mania,-20.0,47.1167,eleve,991145,0,0,0,0,0,0,0,0,0.0,0.0,0.0
2026-03-09,2026,3,2026-W11,Amoron'i Mania,-20.0,47.1167,eleve,991145,0,0,0,0,0,0,0,0,0.0,0.0,0.0
2026-03-16,2026,3,2026-W12,Amoron'i Mania,-20.0,47.1167,eleve,991145,0,0,0,0,0,0,0,0,0.0,0.0,0.0
2026-03-23,2026,3,2026-W13,Amoron'i Mania,-20.0,47.1167,eleve,991145,0,0,0,0,0,0,0,0,0.0,0.0,0.0
2026-03-30,2026,3,2026-W14,Amoron'i Mania,-20.0,47.1167,eleve,991145,0,0,0,0,0,0,0,0,0.0,0.0,0.0
2026-04-06,2026,4,2026-W15,Amoron'i Mania,-20.0,47.1167,eleve,991145,0,0,0,0,0,0,0,0,0.0,0.0,0.0
2026-04-13,2026,4,2026-W16,Amoron'i Mania,-20.0,47.1167,eleve,991145,0,0,0,0,0,0,0,0,0.0,0.0,0.0
2026-04-20,2026,4,2026-W17,Amoron'i Mania,-20.0,47.1167,eleve,991145,0,0,0,0,0,0,0,0,0.0,0.0,0.0
2026-04-27,2026,4,2026-W18,Amoron'i Mania,-20.0,47.1167,eleve,991145,0,0,0,0,0,0,0,0,0.0,0.0,0.0
2026-05-04,2026,5,2026-W19,Amoron'i Mania,-20.0,47.1167,eleve,991145,0,0,0,0,0,0,0,0,0.0,0.0,0.0
2026-05-11,2026,5,2026-W20,Amoron'i Mania,-20.0,47.1167,eleve,991145,0,0,0,0,0,0,0,0,0.0,0.0,0.0
2026-05-18,2026,5,2026-W21,Amoron'i Mania,-20.0,47.1167,eleve,991145,0,0,0,0,0,0,0,0,0.0,0.0,0.0
2026-05-25,2026,5,2026-W22,Amoron'i Mania,-20.0,47.1167,eleve,991145,0,0,0,0,0,0,0,0,0.0,0.0,0.0
2026-06-01,2026,6,2026-W23,Amoron'i Mania,-20.0,47.1167,eleve,991145,0,0,0,0,0,0,0,0,0.0,0.0,0.0
2026-06-08,2026,6,2026-W24,Amoron'i Mania,-20.0,47.1167,eleve,991145,0,0,0,0,0,0,0,0,0.0,0.0,0.0
2026-06-15,2026,6,2026-W25,Amoron'i Mania,-20.0,47.1167,eleve,991145,0,0,0,0,0,0,0,0,0.0,0.0,0.0
2026-06-22,2026,6,2026-W26,Amoron'i Mania,-20.0,47.1167,eleve,991145,0,0,0,0,0,0,0,0,0.0,0.0,0.0
2026-06-29,2026,6,2026-W27,Amoron'i Mania,-20.0,47.1167,eleve,991145,0,0,0,0,0,0,0,0,0.0,0.0,0.0
2026-07-06,2026,7,2026-W28,Amoron'i Mania,-20.0,47.1167,eleve,991145,0,0,0,0,0,0,0,0,0.0,0.0,0.0
2026-07-13,2026,7,2026-W29,Amoron'i Mania,-20.0,47.1167,eleve,991145,0,0,0,0,0,0,0,0,0.0,0.0,0.0
2026-07-20,2026,7,2026-W30,Amoron'i Mania,-20.0,47.1167,eleve,991145,0,0,0,0,0,0,0,0,0.0,0.0,0.0
2026-07-27,2026,7,2026-W31,Amoron'i Mania,-20.0,47.1167,eleve,991145,0,0,0,0,0,0,0,0,0.0,0.0,0.0
2020-01-06,2020,1,2020-W02,Haute Matsiatra,-21.4536,47.0854,eleve,1710391,0,0,0,0,0,0,0,0,0.0,0.0,0.0
2020-01-13,2020,1,2020-W03,Haute Matsiatra,-21.4536,47.0854,eleve,1710391,0,0,0,0,0,0,0,0,0.0,0.0,0.0
2020-01-20,2020,1,2020-W04,Haute Matsiatra,-21.4536,47.0854,eleve,1710391,0,0,0,0,0,0,0,0,0.0,0.0,0.0
2020-01-27,2020,1,2020-W05,Haute Matsiatra,-21.4536,47.0854,eleve,1710391,0,0,0,0,0,0,0,0,0.0,0.0,0.0
2020-02-03,2020,2,2020-W06,Haute Matsiatra,-21.4536,47.0854,eleve,1710391,0,0,0,0,0,0,0,0,0.0,0.0,0.0
2020-02-10,2020,2,2020-W07,Haute Matsiatra,-21.4536,47.0854,eleve,1710391,0,0,0,0,0,0,0,0,0.0,0.0,0.0
2020-02-17,2020,2,2020-W08,Haute Matsiatra,-21.4536,47.0854,eleve,1710391,0,0,0,0,0,0,0,0,0.0,0.0,0.0
2020-02-24,2020,2,2020-W09,Haute Matsiatra,-21.4536,47.0854,eleve,1710391,0,0,0,0,0,0,0,0,0.0,0.0,0.0
2020-03-02,2020,3,2020-W10,Haute Matsiatra,-21.4536,47.0854,eleve,1710391,0,0,0,0,0,0,0,0,0.0,0.0,0.0
2020-03-09,2020,3,2020-W11,Haute Matsiatra,-21.4536,47.0854,eleve,1710391,0,0,0,0,0,0,0,0,0.0,0.0,0.0
2020-03-16,2020,3,2020-W12,Haute Matsiatra,-21.4536,47.0854,eleve,1710391,0,0,0,0,0,0,0,0,0.0,0.0,0.0
2020-03-23,2020,3,2020-W13,Haute Matsiatra,-21.4536,47.0854,eleve,1710391,0,0,0,0,0,0,0,0,0.0,0.0,0.0
2020-03-30,2020,3,2020-W14,Haute Matsiatra,-21.4536,47.0854,eleve,1710391,0,0,0,0,0,0,0,0,0.0,0.0,0.0
2020-04-06,2020,4,2020-W15,Haute Matsiatra,-21.4536,47.0854,eleve,1710391,0,0,0,0,0,0,0,0,0.0,0.0,0.0
2020-04-13,2020,4,2020-W16,Haute Matsiatra,-21.4536,47.0854,eleve,1710391,0,0,0,0,0,0,0,0,0.0,0.0,0.0
2020-04-20,2020,4,2020-W17,Haute Matsiatra,-21.4536,47.0854,eleve,1710391,0,0,0,0,0,0,0,0,0.0,0.0,0.0
2020-04-27,2020,4,2020-W18,Haute Matsiatra,-21.4536,47.0854,eleve,1710391,0,0,0,0,0,0,0,0,0.0,0.0,0.0
2020-05-04,2020,5,2020-W19,Haute Matsiatra,-21.4536,47.0854,eleve,1710391,0,0,0,0,0,0,0,0,0.0,0.0,0.0
2020-05-11,2020,5,2020-W20,Haute Matsiatra,-21.4536,47.0854,eleve,1710391,0,0,0,0,0,0,0,0,0.0,0.0,0.0
2020-05-18,2020,5,2020-W21,Haute Matsiatra,-21.4536,47.0854,eleve,1710391,0,0,0,0,0,0,0,0,0.0,0.0,0.0
2020-05-25,2020,5,2020-W22,Haute Matsiatra,-21.4536,47.0854,eleve,1710391,0,0,0,0,0,0,0,0,0.0,0.0,0.0
2020-06-01,2020,6,2020-W23,Haute Matsiatra,-21.4536,47.0854,eleve,1710391,0,0,0,0,0,0,0,0,0.0,0.0,0.0
2020-06-08,2020,6,2020-W24,Haute Matsiatra,-21.4536,47.0854,eleve,1710391,0,0,0,0,0,0,0,0,0.0,0.0,0.0
2020-06-15,2020,6,2020-W25,Haute Matsiatra,-21.4536,47.0854,eleve,1710391,0,0,0,0,0,0,0,0,0.0,0.0,0.0
2020-06-22,2020,6,2020-W26,Haute Matsiatra,-21.4536,47.0854,eleve,1710391,0,0,0,0,0,0,0,0,0.0,0.0,0.0
2020-06-29,2020,6,2020-W27,Haute Matsiatra,-21.4536,47.0854,eleve,1710391,0,0,0,0,0,0,0,0,0.0,0.0,0.0
2020-07-06,2020,7,2020-W28,Haute Matsiatra,-21.4536,47.0854,eleve,1710391,0,0,0,0,0,0,0,0,0.0,0.0,0.0
2020-07-13,2020,7,2020-W29,Haute Matsiatra,-21.4536,47.0854,eleve,1710391,0,0,0,0,0,0,0,0,0.0,0.0,0.0
2020-07-20,2020,7,2020-W30,Haute Matsiatra,-21.4536,47.0854,eleve,1710391,0,0,0,0,0,0,0,0,0.0,0.0,0.0
2020-07-27,2020,7,2020-W31,Haute Matsiatra,-21.4536,47.0854,eleve,1710391,0,0,0,0,0,0,0,0,0.0,0.0,0.0
2020-08-03,2020,8,2020-W32,Haute Matsiatra,-21.4536,47.0854,eleve,1710391,0,0,0,0,0,0,0,0,0.0,0.0,0.0
2020-08-10,2020,8,2020-W33,Haute Matsiatra,-21.4536,47.0854,eleve,1710391,0,0,0,0,0,0,0,0,0.0,0.0,0.0
2020-08-17,2020,8,2020-W34,Haute Matsiatra,-21.4536,47.0854,eleve,1710391,0,0,0,0,0,0,0,0,0.0,0.0,0.0
2020-08-24,2020,8,2020-W35,Haute Matsiatra,-21.4536,47.0854,eleve,1710391,0,0,0,0,0,0,0,0,0.0,0.0,0.0
2020-08-31,2020,8,2020-W36,Haute Matsiatra,-21.4536,47.0854,eleve,1710391,0,0,0,0,0,0,0,0,0.0,0.0,0.0
2020-09-07,2020,9,2020-W37,Haute Matsiatra,-21.4536,47.0854,eleve,1710391,0,0,0,0,0,0,0,0,0.0,0.0,0.0
2020-09-14,2020,9,2020-W38,Haute Matsiatra,-21.4536,47.0854,eleve,1710391,0,0,0,0,0,0,0,0,0.0,0.0,0.0
2020-09-21,2020,9,2020-W39,Haute Matsiatra,-21.4536,47.0854,eleve,1710391,0,0,0,0,0,0,0,0,0.0,0.0,0.0
2020-09-28,2020,9,2020-W40,Haute Matsiatra,-21.4536,47.0854,eleve,1710391,0,0,0,0,0,0,0,0,0.0,0.0,0.0
2020-10-05,2020,10,2020-W41,Haute Matsiatra,-21.4536,47.0854,eleve,1710391,0,0,0,0,0,0,0,0,0.0,0.0,0.0
2020-10-12,2020,10,2020-W42,Haute Matsiatra,-21.4536,47.0854,eleve,1710391,0,0,0,0,0,0,0,0,0.0,0.0,0.0
2020-10-19,2020,10,2020-W43,Haute Matsiatra,-21.4536,47.0854,eleve,1710391,0,0,0,0,0,0,0,0,0.0,0.0,0.0
2020-10-26,2020,10,2020-W44,Haute Matsiatra,-21.4536,47.0854,eleve,1710391,0,0,0,0,0,0,0,0,0.0,0.0,0.0
2020-11-02,2020,11,2020-W45,Haute Matsiatra,-21.4536,47.0854,eleve,1710391,0,0,0,0,0,0,0,0,0.0,0.0,0.0
2020-11-09,2020,11,2020-W46,Haute Matsiatra,-21.4536,47.0854,eleve,1710391,0,0,0,0,0,0,0,0,0.0,0.0,0.0
2020-11-16,2020,11,2020-W47,Haute Matsiatra,-21.4536,47.0854,eleve,1710391,0,0,0,0,0,0,0,0,0.0,0.0,0.0
2020-11-23,2020,11,2020-W48,Haute Matsiatra,-21.4536,47.0854,eleve,1710391,0,0,0,0,0,0,0,0,0.0,0.0,0.0
2020-11-30,2020,11,2020-W49,Haute Matsiatra,-21.4536,47.0854,eleve,1710391,0,0,0,0,0,0,0,0,0.0,0.0,0.0
2020-12-07,2020,12,2020-W50,Haute Matsiatra,-21.4536,47.0854,eleve,1710391,0,0,0,0,0,0,0,0,0.0,0.0,0.0
2020-12-14,2020,12,2020-W51,Haute Matsiatra,-21.4536,47.0854,eleve,1710391,0,0,0,0,0,0,0,0,0.0,0.0,0.0
2020-12-21,2020,12,2020-W52,Haute Matsiatra,-21.4536,47.0854,eleve,1710391,0,0,0,0,0,0,0,0,0.0,0.0,0.0
2020-12-28,2020,12,2020-W53,Haute Matsiatra,-21.4536,47.0854,eleve,1710391,0,0,0,0,0,0,0,0,0.0,0.0,0.0
2021-01-04,2021,1,2021-W01,Haute Matsiatra,-21.4536,47.0854,eleve,1710391,0,0,0,0,0,0,0,0,0.0,0.0,0.0
2021-01-11,2021,1,2021-W02,Haute Matsiatra,-21.4536,47.0854,eleve,1710391,0,0,0,0,0,0,0,0,0.0,0.0,0.0
2021-01-18,2021,1,2021-W03,Haute Matsiatra,-21.4536,47.0854,eleve,1710391,0,0,0,0,0,0,0,0,0.0,0.0,0.0
2021-01-25,2021,1,2021-W04,Haute Matsiatra,-21.4536,47.0854,eleve,1710391,0,0,0,0,0,0,0,0,0.0,0.0,0.0
2021-02-01,2021,2,2021-W05,Haute Matsiatra,-21.4536,47.0854,eleve,1710391,0,0,0,0,0,0,0,0,0.0,0.0,0.0
2021-02-08,2021,2,2021-W06,Haute Matsiatra,-21.4536,47.0854,eleve,1710391,0,0,0,0,0,0,0,0,0.0,0.0,0.0
2021-02-15,2021,2,2021-W07,Haute Matsiatra,-21.4536,47.0854,eleve,1710391,0,0,0,0,0,0,0,0,0.0,0.0,0.0
2021-02-22,2021,2,2021-W08,Haute Matsiatra,-21.4536,47.0854,eleve,1710391,0,0,0,0,0,0,0,0,0.0,0.0,0.0
2021-03-01,2021,3,2021-W09,Haute Matsiatra,-21.4536,47.0854,eleve,1710391,0,0,0,0,0,0,0,0,0.0,0.0,0.0
2021-03-08,2021,3,2021-W10,Haute Matsiatra,-21.4536,47.0854,eleve,1710391,0,0,0,0,0,0,0,0,0.0,0.0,0.0
2021-03-15,2021,3,2021-W11,Haute Matsiatra,-21.4536,47.0854,eleve,1710391,0,0,0,0,0,0,0,0,0.0,0.0,0.0
2021-03-22,2021,3,2021-W12,Haute Matsiatra,-21.4536,47.0854,eleve,1710391,0,0,0,0,0,0,0,0,0.0,0.0,0.0
2021-03-29,2021,3,2021-W13,Haute Matsiatra,-21.4536,47.0854,eleve,1710391,0,0,0,0,0,0,0,0,0.0,0.0,0.0
2021-04-05,2021,4,2021-W14,Haute Matsiatra,-21.4536,47.0854,eleve,1710391,0,0,0,0,0,0,0,0,0.0,0.0,0.0
2021-04-12,2021,4,2021-W15,Haute Matsiatra,-21.4536,47.0854,eleve,1710391,0,0,0,0,0,0,0,0,0.0,0.0,0.0
2021-04-19,2021,4,2021-W16,Haute Matsiatra,-21.4536,47.0854,eleve,1710391,0,0,0,0,0,0,0,0,0.0,0.0,0.0
2021-04-26,2021,4,2021-W17,Haute Matsiatra,-21.4536,47.0854,eleve,1710391,0,0,0,0,0,0,0,0,0.0,0.0,0.0
2021-05-03,2021,5,2021-W18,Haute Matsiatra,-21.4536,47.0854,eleve,1710391,0,0,0,0,0,0,0,0,0.0,0.0,0.0
2021-05-10,2021,5,2021-W19,Haute Matsiatra,-21.4536,47.0854,eleve,1710391,0,0,0,0,0,0,0,0,0.0,0.0,0.0
2021-05-17,2021,5,2021-W20,Haute Matsiatra,-21.4536,47.0854,eleve,1710391,0,0,0,0,0,0,0,0,0.0,0.0,0.0
2021-05-24,2021,5,2021-W21,Haute Matsiatra,-21.4536,47.0854,eleve,1710391,0,0,0,0,0,0,0,0,0.0,0.0,0.0
2021-05-31,2021,5,2021-W22,Haute Matsiatra,-21.4536,47.0854,eleve,1710391,0,0,0,0,0,0,0,0,0.0,0.0,0.0
2021-06-07,2021,6,2021-W23,Haute Matsiatra,-21.4536,47.0854,eleve,1710391,0,0,0,0,0,0,0,0,0.0,0.0,0.0
2021-06-14,2021,6,2021-W24,Haute Matsiatra,-21.4536,47.0854,eleve,1710391,0,0,0,0,0,0,0,0,0.0,0.0,0.0
2021-06-21,2021,6,2021-W25,Haute Matsiatra,-21.4536,47.0854,eleve,1710391,0,0,0,0,0,0,0,0,0.0,0.0,0.0
2021-06-28,2021,6,2021-W26,Haute Matsiatra,-21.4536,47.0854,eleve,1710391,0,0,0,0,0,0,0,0,0.0,0.0,0.0
2021-07-05,2021,7,2021-W27,Haute Matsiatra,-21.4536,47.0854,eleve,1710391,0,0,0,0,0,0,0,0,0.0,0.0,0.0
2021-07-12,2021,7,2021-W28,Haute Matsiatra,-21.4536,47.0854,eleve,1710391,0,0,0,0,0,0,0,0,0.0,0.0,0.0
2021-07-19,2021,7,2021-W29,Haute Matsiatra,-21.4536,47.0854,eleve,1710391,0,0,0,0,0,0,0,0,0.0,0.0,0.0
2021-07-26,2021,7,2021-W30,Haute Matsiatra,-21.4536,47.0854,eleve,1710391,0,0,0,0,0,0,0,0,0.0,0.0,0.0
2021-08-02,2021,8,2021-W31,Haute Matsiatra,-21.4536,47.0854,eleve,1710391,0,0,0,0,0,0,0,0,0.0,0.0,0.0
2021-08-09,2021,8,2021-W32,Haute Matsiatra,-21.4536,47.0854,eleve,1710391,0,0,0,0,0,0,0,0,0.0,0.0,0.0
2021-08-16,2021,8,2021-W33,Haute Matsiatra,-21.4536,47.0854,eleve,1710391,0,0,0,0,0,0,0,0,0.0,0.0,0.0
2021-08-23,2021,8,2021-W34,Haute Matsiatra,-21.4536,47.0854,eleve,1710391,0,0,0,0,0,0,0,0,0.0,0.0,0.0
2021-08-30,2021,8,2021-W35,Haute Matsiatra,-21.4536,47.0854,eleve,1710391,0,0,0,0,0,0,0,0,0.0,0.0,0.0
2021-09-06,2021,9,2021-W36,Haute Matsiatra,-21.4536,47.0854,eleve,1710391,0,0,0,0,0,0,0,0,0.0,0.0,0.0
2021-09-13,2021,9,2021-W37,Haute Matsiatra,-21.4536,47.0854,eleve,1710391,0,0,0,0,0,0,0,0,0.0,0.0,0.0
2021-09-20,2021,9,2021-W38,Haute Matsiatra,-21.4536,47.0854,eleve,1710391,0,0,0,0,0,0,0,0,0.0,0.0,0.0
2021-09-27,2021,9,2021-W39,Haute Matsiatra,-21.4536,47.0854,eleve,1710391,0,0,0,0,0,0,0,0,0.0,0.0,0.0
2021-10-04,2021,10,2021-W40,Haute Matsiatra,-21.4536,47.0854,eleve,1710391,0,0,0,0,0,0,0,0,0.0,0.0,0.0
2021-10-11,2021,10,2021-W41,Haute Matsiatra,-21.4536,47.0854,eleve,1710391,0,0,0,0,0,0,0,0,0.0,0.0,0.0
2021-10-18,2021,10,2021-W42,Haute Matsiatra,-21.4536,47.0854,eleve,1710391,0,0,0,0,0,0,0,0,0.0,0.0,0.0
2021-10-25,2021,10,2021-W43,Haute Matsiatra,-21.4536,47.0854,eleve,1710391,0,0,0,0,0,0,0,0,0.0,0.0,0.0
2021-11-01,2021,11,2021-W44,Haute Matsiatra,-21.4536,47.0854,eleve,1710391,0,0,0,0,0,0,0,0,0.0,0.0,0.0
2021-11-08,2021,11,2021-W45,Haute Matsiatra,-21.4536,47.0854,eleve,1710391,0,0,0,0,0,0,0,0,0.0,0.0,0.0
2021-11-15,2021,11,2021-W46,Haute Matsiatra,-21.4536,47.0854,eleve,1710391,0,0,0,0,0,0,0,0,0.0,0.0,0.0
2021-11-22,2021,11,2021-W47,Haute Matsiatra,-21.4536,47.0854,eleve,1710391,0,0,0,0,0,0,0,0,0.0,0.0,0.0
2021-11-29,2021,11,2021-W48,Haute Matsiatra,-21.4536,47.0854,eleve,1710391,0,0,0,0,0,0,0,0,0.0,0.0,0.0
2021-12-06,2021,12,2021-W49,Haute Matsiatra,-21.4536,47.0854,eleve,1710391,0,0,0,0,0,0,0,0,0.0,0.0,0.0
2021-12-13,2021,12,2021-W50,Haute Matsiatra,-21.4536,47.0854,eleve,1710391,0,0,0,0,0,0,0,0,0.0,0.0,0.0
2021-12-20,2021,12,2021-W51,Haute Matsiatra,-21.4536,47.0854,eleve,1710391,0,0,0,0,0,0,0,0,0.0,0.0,0.0
2021-12-27,2021,12,2021-W52,Haute Matsiatra,-21.4536,47.0854,eleve,1710391,0,0,0,0,0,0,0,0,0.0,0.0,0.0
2022-01-03,2022,1,2022-W01,Haute Matsiatra,-21.4536,47.0854,eleve,1710391,0,0,0,0,0,0,0,0,0.0,0.0,0.0
2022-01-10,2022,1,2022-W02,Haute Matsiatra,-21.4536,47.0854,eleve,1710391,0,0,0,0,0,0,0,0,0.0,0.0,0.0
2022-01-17,2022,1,2022-W03,Haute Matsiatra,-21.4536,47.0854,eleve,1710391,0,0,0,0,0,0,0,0,0.0,0.0,0.0
2022-01-24,2022,1,2022-W04,Haute Matsiatra,-21.4536,47.0854,eleve,1710391,0,0,0,0,0,0,0,0,0.0,0.0,0.0
2022-01-31,2022,1,2022-W05,Haute Matsiatra,-21.4536,47.0854,eleve,1710391,0,0,0,0,0,0,0,0,0.0,0.0,0.0
2022-02-07,2022,2,2022-W06,Haute Matsiatra,-21.4536,47.0854,eleve,1710391,0,0,0,0,0,0,0,0,0.0,0.0,0.0
2022-02-14,2022,2,2022-W07,Haute Matsiatra,-21.4536,47.0854,eleve,1710391,0,0,0,0,0,0,0,0,0.0,0.0,0.0
2022-02-21,2022,2,2022-W08,Haute Matsiatra,-21.4536,47.0854,eleve,1710391,0,0,0,0,0,0,0,0,0.0,0.0,0.0
2022-02-28,2022,2,2022-W09,Haute Matsiatra,-21.4536,47.0854,eleve,1710391,0,0,0,0,0,0,0,0,0.0,0.0,0.0
2022-03-07,2022,3,2022-W10,Haute Matsiatra,-21.4536,47.0854,eleve,1710391,0,0,0,0,0,0,0,0,0.0,0.0,0.0
2022-03-14,2022,3,2022-W11,Haute Matsiatra,-21.4536,47.0854,eleve,1710391,0,0,0,0,0,0,0,0,0.0,0.0,0.0
2022-03-21,2022,3,2022-W12,Haute Matsiatra,-21.4536,47.0854,eleve,1710391,0,0,0,0,0,0,0,0,0.0,0.0,0.0
2022-03-28,2022,3,2022-W13,Haute Matsiatra,-21.4536,47.0854,eleve,1710391,0,0,0,0,0,0,0,0,0.0,0.0,0.0
2022-04-04,2022,4,2022-W14,Haute Matsiatra,-21.4536,47.0854,eleve,1710391,0,0,0,0,0,0,0,0,0.0,0.0,0.0
2022-04-11,2022,4,2022-W15,Haute Matsiatra,-21.4536,47.0854,eleve,1710391,0,0,0,0,0,0,0,0,0.0,0.0,0.0
2022-04-18,2022,4,2022-W16,Haute Matsiatra,-21.4536,47.0854,eleve,1710391,0,0,0,0,0,0,0,0,0.0,0.0,0.0
2022-04-25,2022,4,2022-W17,Haute Matsiatra,-21.4536,47.0854,eleve,1710391,0,0,0,0,0,0,0,0,0.0,0.0,0.0
2022-05-02,2022,5,2022-W18,Haute Matsiatra,-21.4536,47.0854,eleve,1710391,0,0,0,0,0,0,0,0,0.0,0.0,0.0
2022-05-09,2022,5,2022-W19,Haute Matsiatra,-21.4536,47.0854,eleve,1710391,0,0,0,0,0,0,0,0,0.0,0.0,0.0
2022-05-16,2022,5,2022-W20,Haute Matsiatra,-21.4536,47.0854,eleve,1710391,0,0,0,0,0,0,0,0,0.0,0.0,0.0
2022-05-23,2022,5,2022-W21,Haute Matsiatra,-21.4536,47.0854,eleve,1710391,0,0,0,0,0,0,0,0,0.0,0.0,0.0
2022-05-30,2022,5,2022-W22,Haute Matsiatra,-21.4536,47.0854,eleve,1710391,0,0,0,0,0,0,0,0,0.0,0.0,0.0
2022-06-06,2022,6,2022-W23,Haute Matsiatra,-21.4536,47.0854,eleve,1710391,0,0,0,0,0,0,0,0,0.0,0.0,0.0
2022-06-13,2022,6,2022-W24,Haute Matsiatra,-21.4536,47.0854,eleve,1710391,0,0,0,0,0,0,0,0,0.0,0.0,0.0
2022-06-20,2022,6,2022-W25,Haute Matsiatra,-21.4536,47.0854,eleve,1710391,0,0,0,0,0,0,0,0,0.0,0.0,0.0
2022-06-27,2022,6,2022-W26,Haute Matsiatra,-21.4536,47.0854,eleve,1710391,0,0,0,0,0,0,0,0,0.0,0.0,0.0
2022-07-04,2022,7,2022-W27,Haute Matsiatra,-21.4536,47.0854,eleve,1710391,0,0,0,0,0,0,0,0,0.0,0.0,0.0
2022-07-11,2022,7,2022-W28,Haute Matsiatra,-21.4536,47.0854,eleve,1710391,0,0,0,0,0,0,0,0,0.0,0.0,0.0
2022-07-18,2022,7,2022-W29,Haute Matsiatra,-21.4536,47.0854,eleve,1710391,0,0,0,0,0,0,0,0,0.0,0.0,0.0
2022-07-25,2022,7,2022-W30,Haute Matsiatra,-21.4536,47.0854,eleve,1710391,0,0,0,0,0,0,0,0,0.0,0.0,0.0
2022-08-01,2022,8,2022-W31,Haute Matsiatra,-21.4536,47.0854,eleve,1710391,0,0,0,0,0,0,0,0,0.0,0.0,0.0
2022-08-08,2022,8,2022-W32,Haute Matsiatra,-21.4536,47.0854,eleve,1710391,0,0,0,0,0,0,0,0,0.0,0.0,0.0
2022-08-15,2022,8,2022-W33,Haute Matsiatra,-21.4536,47.0854,eleve,1710391,0,0,0,0,0,0,0,0,0.0,0.0,0.0
2022-08-22,2022,8,2022-W34,Haute Matsiatra,-21.4536,47.0854,eleve,1710391,0,0,0,0,0,0,0,0,0.0,0.0,0.0
2022-08-29,2022,8,2022-W35,Haute Matsiatra,-21.4536,47.0854,eleve,1710391,0,0,0,0,0,0,0,0,0.0,0.0,0.0
2022-09-05,2022,9,2022-W36,Haute Matsiatra,-21.4536,47.0854,eleve,1710391,0,0,0,0,0,0,0,0,0.0,0.0,0.0
2022-09-12,2022,9,2022-W37,Haute Matsiatra,-21.4536,47.0854,eleve,1710391,0,0,0,0,0,0,0,0,0.0,0.0,0.0
2022-09-19,2022,9,2022-W38,Haute Matsiatra,-21.4536,47.0854,eleve,1710391,0,0,0,0,0,0,0,0,0.0,0.0,0.0
2022-09-26,2022,9,2022-W39,Haute Matsiatra,-21.4536,47.0854,eleve,1710391,0,0,0,0,0,0,0,0,0.0,0.0,0.0
2022-10-03,2022,10,2022-W40,Haute Matsiatra,-21.4536,47.0854,eleve,1710391,0,0,0,0,0,0,0,0,0.0,0.0,0.0
2022-10-10,2022,10,2022-W41,Haute Matsiatra,-21.4536,47.0854,eleve,1710391,0,0,0,0,0,0,0,0,0.0,0.0,0.0
2022-10-17,2022,10,2022-W42,Haute Matsiatra,-21.4536,47.0854,eleve,1710391,0,0,0,0,0,0,0,0,0.0,0.0,0.0
2022-10-24,2022,10,2022-W43,Haute Matsiatra,-21.4536,47.0854,eleve,1710391,0,0,0,0,0,0,0,0,0.0,0.0,0.0
2022-10-31,2022,10,2022-W44,Haute Matsiatra,-21.4536,47.0854,eleve,1710391,0,0,0,0,0,0,0,0,0.0,0.0,0.0
2022-11-07,2022,11,2022-W45,Haute Matsiatra,-21.4536,47.0854,eleve,1710391,0,0,0,0,0,0,0,0,0.0,0.0,0.0
2022-11-14,2022,11,2022-W46,Haute Matsiatra,-21.4536,47.0854,eleve,1710391,0,0,0,0,0,0,0,0,0.0,0.0,0.0
2022-11-21,2022,11,2022-W47,Haute Matsiatra,-21.4536,47.0854,eleve,1710391,0,0,0,0,0,0,0,0,0.0,0.0,0.0
2022-11-28,2022,11,2022-W48,Haute Matsiatra,-21.4536,47.0854,eleve,1710391,0,0,0,0,0,0,0,0,0.0,0.0,0.0
2022-12-05,2022,12,2022-W49,Haute Matsiatra,-21.4536,47.0854,eleve,1710391,0,0,0,0,0,0,0,0,0.0,0.0,0.0
2022-12-12,2022,12,2022-W50,Haute Matsiatra,-21.4536,47.0854,eleve,1710391,0,0,0,0,0,0,0,0,0.0,0.0,0.0
2022-12-19,2022,12,2022-W51,Haute Matsiatra,-21.4536,47.0854,eleve,1710391,0,0,0,0,0,0,0,0,0.0,0.0,0.0
2022-12-26,2022,12,2022-W52,Haute Matsiatra,-21.4536,47.0854,eleve,1710391,0,0,0,0,0,0,0,0,0.0,0.0,0.0
2023-01-02,2023,1,2023-W01,Haute Matsiatra,-21.4536,47.0854,eleve,1710391,0,0,0,0,0,0,0,0,0.0,0.0,0.0
2023-01-09,2023,1,2023-W02,Haute Matsiatra,-21.4536,47.0854,eleve,1710391,0,0,0,0,0,0,0,0,0.0,0.0,0.0
2023-01-16,2023,1,2023-W03,Haute Matsiatra,-21.4536,47.0854,eleve,1710391,0,0,0,0,0,0,0,0,0.0,0.0,0.0
2023-01-23,2023,1,2023-W04,Haute Matsiatra,-21.4536,47.0854,eleve,1710391,0,0,0,0,0,0,0,0,0.0,0.0,0.0
2023-01-30,2023,1,2023-W05,Haute Matsiatra,-21.4536,47.0854,eleve,1710391,0,0,0,0,0,0,0,0,0.0,0.0,0.0
2023-02-06,2023,2,2023-W06,Haute Matsiatra,-21.4536,47.0854,eleve,1710391,0,0,0,0,0,0,0,0,0.0,0.0,0.0
2023-02-13,2023,2,2023-W07,Haute Matsiatra,-21.4536,47.0854,eleve,1710391,0,0,0,0,0,0,0,0,0.0,0.0,0.0
2023-02-20,2023,2,2023-W08,Haute Matsiatra,-21.4536,47.0854,eleve,1710391,0,0,0,0,0,0,0,0,0.0,0.0,0.0
2023-02-27,2023,2,2023-W09,Haute Matsiatra,-21.4536,47.0854,eleve,1710391,0,0,0,0,0,0,0,0,0.0,0.0,0.0
2023-03-06,2023,3,2023-W10,Haute Matsiatra,-21.4536,47.0854,eleve,1710391,0,0,0,0,0,0,0,0,0.0,0.0,0.0
2023-03-13,2023,3,2023-W11,Haute Matsiatra,-21.4536,47.0854,eleve,1710391,0,0,0,0,0,0,0,0,0.0,0.0,0.0
2023-03-20,2023,3,2023-W12,Haute Matsiatra,-21.4536,47.0854,eleve,1710391,0,0,0,0,0,0,0,0,0.0,0.0,0.0
2023-03-27,2023,3,2023-W13,Haute Matsiatra,-21.4536,47.0854,eleve,1710391,0,0,0,0,0,0,0,0,0.0,0.0,0.0
2023-04-03,2023,4,2023-W14,Haute Matsiatra,-21.4536,47.0854,eleve,1710391,0,0,0,0,0,0,0,0,0.0,0.0,0.0
2023-04-10,2023,4,2023-W15,Haute Matsiatra,-21.4536,47.0854,eleve,1710391,0,0,0,0,0,0,0,0,0.0,0.0,0.0
2023-04-17,2023,4,2023-W16,Haute Matsiatra,-21.4536,47.0854,eleve,1710391,0,0,0,0,0,0,0,0,0.0,0.0,0.0
2023-04-24,2023,4,2023-W17,Haute Matsiatra,-21.4536,47.0854,eleve,1710391,0,0,0,0,0,0,0,0,0.0,0.0,0.0
2023-05-01,2023,5,2023-W18,Haute Matsiatra,-21.4536,47.0854,eleve,1710391,0,0,0,0,0,0,0,0,0.0,0.0,0.0
2023-05-08,2023,5,2023-W19,Haute Matsiatra,-21.4536,47.0854,eleve,1710391,0,0,0,0,0,0,0,0,0.0,0.0,0.0
2023-05-15,2023,5,2023-W20,Haute Matsiatra,-21.4536,47.0854,eleve,1710391,0,0,0,0,0,0,0,0,0.0,0.0,0.0
2023-05-22,2023,5,2023-W21,Haute Matsiatra,-21.4536,47.0854,eleve,1710391,0,0,0,0,0,0,0,0,0.0,0.0,0.0
2023-05-29,2023,5,2023-W22,Haute Matsiatra,-21.4536,47.0854,eleve,1710391,0,0,0,0,0,0,0,0,0.0,0.0,0.0
2023-06-05,2023,6,2023-W23,Haute Matsiatra,-21.4536,47.0854,eleve,1710391,0,0,0,0,0,0,0,0,0.0,0.0,0.0
2023-06-12,2023,6,2023-W24,Haute Matsiatra,-21.4536,47.0854,eleve,1710391,0,0,0,0,0,0,0,0,0.0,0.0,0.0
2023-06-19,2023,6,2023-W25,Haute Matsiatra,-21.4536,47.0854,eleve,1710391,0,0,0,0,0,0,0,0,0.0,0.0,0.0
2023-06-26,2023,6,2023-W26,Haute Matsiatra,-21.4536,47.0854,eleve,1710391,0,0,0,0,0,0,0,0,0.0,0.0,0.0
2023-07-03,2023,7,2023-W27,Haute Matsiatra,-21.4536,47.0854,eleve,1710391,0,0,0,0,0,0,0,0,0.0,0.0,0.0
2023-07-10,2023,7,2023-W28,Haute Matsiatra,-21.4536,47.0854,eleve,1710391,0,0,0,0,0,0,0,0,0.0,0.0,0.0
2023-07-17,2023,7,2023-W29,Haute Matsiatra,-21.4536,47.0854,eleve,1710391,0,0,0,0,0,0,0,0,0.0,0.0,0.0
2023-07-24,2023,7,2023-W30,Haute Matsiatra,-21.4536,47.0854,eleve,1710391,0,0,0,0,0,0,0,0,0.0,0.0,0.0
2023-07-31,2023,7,2023-W31,Haute Matsiatra,-21.4536,47.0854,eleve,1710391,0,0,0,0,0,0,0,0,0.0,0.0,0.0
2023-08-07,2023,8,2023-W32,Haute Matsiatra,-21.4536,47.0854,eleve,1710391,0,0,0,0,0,0,0,0,0.0,0.0,0.0
2023-08-14,2023,8,2023-W33,Haute Matsiatra,-21.4536,47.0854,eleve,1710391,0,0,0,0,0,0,0,0,0.0,0.0,0.0
2023-08-21,2023,8,2023-W34,Haute Matsiatra,-21.4536,47.0854,eleve,1710391,0,0,0,0,0,0,0,0,0.0,0.0,0.0
2023-08-28,2023,8,2023-W35,Haute Matsiatra,-21.4536,47.0854,eleve,1710391,0,0,0,0,0,0,0,0,0.0,0.0,0.0
2023-09-04,2023,9,2023-W36,Haute Matsiatra,-21.4536,47.0854,eleve,1710391,0,0,0,0,0,0,0,0,0.0,0.0,0.0
2023-09-11,2023,9,2023-W37,Haute Matsiatra,-21.4536,47.0854,eleve,1710391,0,0,0,0,0,0,0,0,0.0,0.0,0.0
2023-09-18,2023,9,2023-W38,Haute Matsiatra,-21.4536,47.0854,eleve,1710391,0,0,0,0,0,0,0,0,0.0,0.0,0.0
2023-09-25,2023,9,2023-W39,Haute Matsiatra,-21.4536,47.0854,eleve,1710391,0,0,0,0,0,0,0,0,0.0,0.0,0.0
2023-10-02,2023,10,2023-W40,Haute Matsiatra,-21.4536,47.0854,eleve,1710391,0,0,0,0,0,0,0,0,0.0,0.0,0.0
2023-10-09,2023,10,2023-W41,Haute Matsiatra,-21.4536,47.0854,eleve,1710391,0,0,0,0,0,0,0,0,0.0,0.0,0.0
2023-10-16,2023,10,2023-W42,Haute Matsiatra,-21.4536,47.0854,eleve,1710391,0,0,0,0,0,0,0,0,0.0,0.0,0.0
2023-10-23,2023,10,2023-W43,Haute Matsiatra,-21.4536,47.0854,eleve,1710391,0,0,0,0,0,0,0,0,0.0,0.0,0.0
2023-10-30,2023,10,2023-W44,Haute Matsiatra,-21.4536,47.0854,eleve,1710391,0,0,0,0,0,0,0,0,0.0,0.0,0.0
2023-11-06,2023,11,2023-W45,Haute Matsiatra,-21.4536,47.0854,eleve,1710391,0,0,0,0,0,0,0,0,0.0,0.0,0.0
2023-11-13,2023,11,2023-W46,Haute Matsiatra,-21.4536,47.0854,eleve,1710391,0,0,0,0,0,0,0,0,0.0,0.0,0.0
2023-11-20,2023,11,2023-W47,Haute Matsiatra,-21.4536,47.0854,eleve,1710391,0,0,0,0,0,0,0,0,0.0,0.0,0.0
2023-11-27,2023,11,2023-W48,Haute Matsiatra,-21.4536,47.0854,eleve,1710391,0,0,0,0,0,0,0,0,0.0,0.0,0.0
2023-12-04,2023,12,2023-W49,Haute Matsiatra,-21.4536,47.0854,eleve,1710391,0,0,0,0,0,0,0,0,0.0,0.0,0.0
2023-12-11,2023,12,2023-W50,Haute Matsiatra,-21.4536,47.0854,eleve,1710391,0,0,0,0,0,0,0,0,0.0,0.0,0.0
2023-12-18,2023,12,2023-W51,Haute Matsiatra,-21.4536,47.0854,eleve,1710391,0,0,0,0,0,0,0,0,0.0,0.0,0.0
2023-12-25,2023,12,2023-W52,Haute Matsiatra,-21.4536,47.0854,eleve,1710391,0,0,0,0,0,0,0,0,0.0,0.0,0.0
2024-01-01,2024,1,2024-W01,Haute Matsiatra,-21.4536,47.0854,eleve,1710391,0,0,0,0,0,0,0,0,0.0,0.0,0.0
2024-01-08,2024,1,2024-W02,Haute Matsiatra,-21.4536,47.0854,eleve,1710391,0,0,0,0,0,0,0,0,0.0,0.0,0.0
2024-01-15,2024,1,2024-W03,Haute Matsiatra,-21.4536,47.0854,eleve,1710391,0,0,0,0,0,0,0,0,0.0,0.0,0.0
2024-01-22,2024,1,2024-W04,Haute Matsiatra,-21.4536,47.0854,eleve,1710391,0,0,0,0,0,0,0,0,0.0,0.0,0.0
2024-01-29,2024,1,2024-W05,Haute Matsiatra,-21.4536,47.0854,eleve,1710391,0,0,0,0,0,0,0,0,0.0,0.0,0.0
2024-02-05,2024,2,2024-W06,Haute Matsiatra,-21.4536,47.0854,eleve,1710391,0,0,0,0,0,0,0,0,0.0,0.0,0.0
2024-02-12,2024,2,2024-W07,Haute Matsiatra,-21.4536,47.0854,eleve,1710391,0,0,0,0,0,0,0,0,0.0,0.0,0.0
2024-02-19,2024,2,2024-W08,Haute Matsiatra,-21.4536,47.0854,eleve,1710391,0,0,0,0,0,0,0,0,0.0,0.0,0.0
2024-02-26,2024,2,2024-W09,Haute Matsiatra,-21.4536,47.0854,eleve,1710391,0,0,0,0,0,0,0,0,0.0,0.0,0.0
2024-03-04,2024,3,2024-W10,Haute Matsiatra,-21.4536,47.0854,eleve,1710391,0,0,0,0,0,0,0,0,0.0,0.0,0.0
2024-03-11,2024,3,2024-W11,Haute Matsiatra,-21.4536,47.0854,eleve,1710391,0,0,0,0,0,0,0,0,0.0,0.0,0.0
2024-03-18,2024,3,2024-W12,Haute Matsiatra,-21.4536,47.0854,eleve,1710391,0,0,0,0,0,0,0,0,0.0,0.0,0.0
2024-03-25,2024,3,2024-W13,Haute Matsiatra,-21.4536,47.0854,eleve,1710391,0,0,0,0,0,0,0,0,0.0,0.0,0.0
2024-04-01,2024,4,2024-W14,Haute Matsiatra,-21.4536,47.0854,eleve,1710391,0,0,0,0,0,0,0,0,0.0,0.0,0.0
2024-04-08,2024,4,2024-W15,Haute Matsiatra,-21.4536,47.0854,eleve,1710391,0,0,0,0,0,0,0,0,0.0,0.0,0.0
2024-04-15,2024,4,2024-W16,Haute Matsiatra,-21.4536,47.0854,eleve,1710391,0,0,0,0,0,0,0,0,0.0,0.0,0.0
2024-04-22,2024,4,2024-W17,Haute Matsiatra,-21.4536,47.0854,eleve,1710391,0,0,0,0,0,0,0,0,0.0,0.0,0.0
2024-04-29,2024,4,2024-W18,Haute Matsiatra,-21.4536,47.0854,eleve,1710391,0,0,0,0,0,0,0,0,0.0,0.0,0.0
2024-05-06,2024,5,2024-W19,Haute Matsiatra,-21.4536,47.0854,eleve,1710391,0,0,0,0,0,0,0,0,0.0,0.0,0.0
2024-05-13,2024,5,2024-W20,Haute Matsiatra,-21.4536,47.0854,eleve,1710391,0,0,0,0,0,0,0,0,0.0,0.0,0.0
2024-05-20,2024,5,2024-W21,Haute Matsiatra,-21.4536,47.0854,eleve,1710391,0,0,0,0,0,0,0,0,0.0,0.0,0.0
2024-05-27,2024,5,2024-W22,Haute Matsiatra,-21.4536,47.0854,eleve,1710391,0,0,0,0,0,0,0,0,0.0,0.0,0.0
2024-06-03,2024,6,2024-W23,Haute Matsiatra,-21.4536,47.0854,eleve,1710391,0,0,0,0,0,0,0,0,0.0,0.0,0.0
2024-06-10,2024,6,2024-W24,Haute Matsiatra,-21.4536,47.0854,eleve,1710391,0,0,0,0,0,0,0,0,0.0,0.0,0.0
2024-06-17,2024,6,2024-W25,Haute Matsiatra,-21.4536,47.0854,eleve,1710391,0,0,0,0,0,0,0,0,0.0,0.0,0.0
2024-06-24,2024,6,2024-W26,Haute Matsiatra,-21.4536,47.0854,eleve,1710391,0,0,0,0,0,0,0,0,0.0,0.0,0.0
2024-07-01,2024,7,2024-W27,Haute Matsiatra,-21.4536,47.0854,eleve,1710391,0,0,0,0,0,0,0,0,0.0,0.0,0.0
2024-07-08,2024,7,2024-W28,Haute Matsiatra,-21.4536,47.0854,eleve,1710391,0,0,0,0,0,0,0,0,0.0,0.0,0.0
2024-07-15,2024,7,2024-W29,Haute Matsiatra,-21.4536,47.0854,eleve,1710391,0,0,0,0,0,0,0,0,0.0,0.0,0.0
2024-07-22,2024,7,2024-W30,Haute Matsiatra,-21.4536,47.0854,eleve,1710391,0,0,0,0,0,0,0,0,0.0,0.0,0.0
2024-07-29,2024,7,2024-W31,Haute Matsiatra,-21.4536,47.0854,eleve,1710391,0,0,0,0,0,0,0,0,0.0,0.0,0.0
2024-08-05,2024,8,2024-W32,Haute Matsiatra,-21.4536,47.0854,eleve,1710391,0,0,0,0,0,0,0,0,0.0,0.0,0.0
2024-08-12,2024,8,2024-W33,Haute Matsiatra,-21.4536,47.0854,eleve,1710391,0,0,0,0,0,0,0,0,0.0,0.0,0.0
2024-08-19,2024,8,2024-W34,Haute Matsiatra,-21.4536,47.0854,eleve,1710391,0,0,0,0,0,0,0,0,0.0,0.0,0.0
2024-08-26,2024,8,2024-W35,Haute Matsiatra,-21.4536,47.0854,eleve,1710391,0,0,0,0,0,0,0,0,0.0,0.0,0.0
2024-09-02,2024,9,2024-W36,Haute Matsiatra,-21.4536,47.0854,eleve,1710391,0,0,0,0,0,0,0,0,0.0,0.0,0.0
2024-09-09,2024,9,2024-W37,Haute Matsiatra,-21.4536,47.0854,eleve,1710391,0,0,0,0,0,0,0,0,0.0,0.0,0.0
2024-09-16,2024,9,2024-W38,Haute Matsiatra,-21.4536,47.0854,eleve,1710391,0,0,0,0,0,0,0,0,0.0,0.0,0.0
2024-09-23,2024,9,2024-W39,Haute Matsiatra,-21.4536,47.0854,eleve,1710391,0,0,0,0,0,0,0,0,0.0,0.0,0.0
2024-09-30,2024,9,2024-W40,Haute Matsiatra,-21.4536,47.0854,eleve,1710391,0,0,0,0,0,0,0,0,0.0,0.0,0.0
2024-10-07,2024,10,2024-W41,Haute Matsiatra,-21.4536,47.0854,eleve,1710391,0,0,0,0,0,0,0,0,0.0,0.0,0.0
2024-10-14,2024,10,2024-W42,Haute Matsiatra,-21.4536,47.0854,eleve,1710391,0,0,0,0,0,0,0,0,0.0,0.0,0.0
2024-10-21,2024,10,2024-W43,Haute Matsiatra,-21.4536,47.0854,eleve,1710391,0,0,0,0,0,0,0,0,0.0,0.0,0.0
2024-10-28,2024,10,2024-W44,Haute Matsiatra,-21.4536,47.0854,eleve,1710391,0,0,0,0,0,0,0,0,0.0,0.0,0.0
2024-11-04,2024,11,2024-W45,Haute Matsiatra,-21.4536,47.0854,eleve,1710391,0,0,0,0,0,0,0,0,0.0,0.0,0.0
2024-11-11,2024,11,2024-W46,Haute Matsiatra,-21.4536,47.0854,eleve,1710391,0,0,0,0,0,0,0,0,0.0,0.0,0.0
2024-11-18,2024,11,2024-W47,Haute Matsiatra,-21.4536,47.0854,eleve,1710391,0,0,0,0,0,0,0,0,0.0,0.0,0.0
2024-11-25,2024,11,2024-W48,Haute Matsiatra,-21.4536,47.0854,eleve,1710391,0,0,0,0,0,0,0,0,0.0,0.0,0.0
2024-12-02,2024,12,2024-W49,Haute Matsiatra,-21.4536,47.0854,eleve,1710391,0,0,0,0,0,0,0,0,0.0,0.0,0.0
2024-12-09,2024,12,2024-W50,Haute Matsiatra,-21.4536,47.0854,eleve,1710391,0,0,0,0,0,0,0,0,0.0,0.0,0.0
2024-12-16,2024,12,2024-W51,Haute Matsiatra,-21.4536,47.0854,eleve,1710391,0,0,0,0,0,0,0,0,0.0,0.0,0.0
2024-12-23,2024,12,2024-W52,Haute Matsiatra,-21.4536,47.0854,eleve,1710391,0,0,0,0,0,0,0,0,0.0,0.0,0.0
2024-12-30,2024,12,2025-W01,Haute Matsiatra,-21.4536,47.0854,eleve,1710391,0,0,0,0,0,0,0,0,0.0,0.0,0.0
2025-01-06,2025,1,2025-W02,Haute Matsiatra,-21.4536,47.0854,eleve,1710391,0,0,0,0,0,0,0,0,0.0,0.0,0.0
2025-01-13,2025,1,2025-W03,Haute Matsiatra,-21.4536,47.0854,eleve,1710391,0,0,0,0,0,0,0,0,0.0,0.0,0.0
2025-01-20,2025,1,2025-W04,Haute Matsiatra,-21.4536,47.0854,eleve,1710391,0,0,0,0,0,0,0,0,0.0,0.0,0.0
2025-01-27,2025,1,2025-W05,Haute Matsiatra,-21.4536,47.0854,eleve,1710391,0,0,0,0,0,0,0,0,0.0,0.0,0.0
2025-02-03,2025,2,2025-W06,Haute Matsiatra,-21.4536,47.0854,eleve,1710391,0,0,0,0,0,0,0,0,0.0,0.0,0.0
2025-02-10,2025,2,2025-W07,Haute Matsiatra,-21.4536,47.0854,eleve,1710391,0,0,0,0,0,0,0,0,0.0,0.0,0.0
2025-02-17,2025,2,2025-W08,Haute Matsiatra,-21.4536,47.0854,eleve,1710391,0,0,0,0,0,0,0,0,0.0,0.0,0.0
2025-02-24,2025,2,2025-W09,Haute Matsiatra,-21.4536,47.0854,eleve,1710391,0,0,0,0,0,0,0,0,0.0,0.0,0.0
2025-03-03,2025,3,2025-W10,Haute Matsiatra,-21.4536,47.0854,eleve,1710391,0,0,0,0,0,0,0,0,0.0,0.0,0.0
2025-03-10,2025,3,2025-W11,Haute Matsiatra,-21.4536,47.0854,eleve,1710391,0,0,0,0,0,0,0,0,0.0,0.0,0.0
2025-03-17,2025,3,2025-W12,Haute Matsiatra,-21.4536,47.0854,eleve,1710391,0,0,0,0,0,0,0,0,0.0,0.0,0.0
2025-03-24,2025,3,2025-W13,Haute Matsiatra,-21.4536,47.0854,eleve,1710391,0,0,0,0,0,0,0,0,0.0,0.0,0.0
2025-03-31,2025,3,2025-W14,Haute Matsiatra,-21.4536,47.0854,eleve,1710391,0,0,0,0,0,0,0,0,0.0,0.0,0.0
2025-04-07,2025,4,2025-W15,Haute Matsiatra,-21.4536,47.0854,eleve,1710391,0,0,0,0,0,0,0,0,0.0,0.0,0.0
2025-04-14,2025,4,2025-W16,Haute Matsiatra,-21.4536,47.0854,eleve,1710391,0,0,0,0,0,0,0,0,0.0,0.0,0.0
2025-04-21,2025,4,2025-W17,Haute Matsiatra,-21.4536,47.0854,eleve,1710391,0,0,0,0,0,0,0,0,0.0,0.0,0.0
2025-04-28,2025,4,2025-W18,Haute Matsiatra,-21.4536,47.0854,eleve,1710391,0,0,0,0,0,0,0,0,0.0,0.0,0.0
2025-05-05,2025,5,2025-W19,Haute Matsiatra,-21.4536,47.0854,eleve,1710391,0,0,0,0,0,0,0,0,0.0,0.0,0.0
2025-05-12,2025,5,2025-W20,Haute Matsiatra,-21.4536,47.0854,eleve,1710391,0,0,0,0,0,0,0,0,0.0,0.0,0.0
2025-05-19,2025,5,2025-W21,Haute Matsiatra,-21.4536,47.0854,eleve,1710391,0,0,0,0,0,0,0,0,0.0,0.0,0.0
2025-05-26,2025,5,2025-W22,Haute Matsiatra,-21.4536,47.0854,eleve,1710391,0,0,0,0,0,0,0,0,0.0,0.0,0.0
2025-06-02,2025,6,2025-W23,Haute Matsiatra,-21.4536,47.0854,eleve,1710391,0,0,0,0,0,0,0,0,0.0,0.0,0.0
2025-06-09,2025,6,2025-W24,Haute Matsiatra,-21.4536,47.0854,eleve,1710391,0,0,0,0,0,0,0,0,0.0,0.0,0.0
2025-06-16,2025,6,2025-W25,Haute Matsiatra,-21.4536,47.0854,eleve,1710391,0,0,0,0,0,0,0,0,0.0,0.0,0.0
2025-06-23,2025,6,2025-W26,Haute Matsiatra,-21.4536,47.0854,eleve,1710391,0,0,0,0,0,0,0,0,0.0,0.0,0.0
2025-06-30,2025,6,2025-W27,Haute Matsiatra,-21.4536,47.0854,eleve,1710391,0,0,0,0,0,0,0,0,0.0,0.0,0.0
2025-07-07,2025,7,2025-W28,Haute Matsiatra,-21.4536,47.0854,eleve,1710391,0,0,0,0,0,0,0,0,0.0,0.0,0.0
2025-07-14,2025,7,2025-W29,Haute Matsiatra,-21.4536,47.0854,eleve,1710391,0,0,0,0,0,0,0,0,0.0,0.0,0.0
2025-07-21,2025,7,2025-W30,Haute Matsiatra,-21.4536,47.0854,eleve,1710391,0,0,0,0,0,0,0,0,0.0,0.0,0.0
2025-07-28,2025,7,2025-W31,Haute Matsiatra,-21.4536,47.0854,eleve,1710391,0,0,0,0,0,0,0,0,0.0,0.0,0.0
2025-08-04,2025,8,2025-W32,Haute Matsiatra,-21.4536,47.0854,eleve,1710391,0,0,0,0,0,0,0,0,0.0,0.0,0.0
2025-08-11,2025,8,2025-W33,Haute Matsiatra,-21.4536,47.0854,eleve,1710391,0,0,0,0,0,0,0,0,0.0,0.0,0.0
2025-08-18,2025,8,2025-W34,Haute Matsiatra,-21.4536,47.0854,eleve,1710391,0,0,0,0,0,0,0,0,0.0,0.0,0.0
2025-08-25,2025,8,2025-W35,Haute Matsiatra,-21.4536,47.0854,eleve,1710391,0,0,0,0,0,0,0,0,0.0,0.0,0.0
2025-09-01,2025,9,2025-W36,Haute Matsiatra,-21.4536,47.0854,eleve,1710391,0,0,0,0,0,0,0,0,0.0,0.0,0.0
2025-09-08,2025,9,2025-W37,Haute Matsiatra,-21.4536,47.0854,eleve,1710391,0,0,0,0,0,0,0,0,0.0,0.0,0.0
2025-09-15,2025,9,2025-W38,Haute Matsiatra,-21.4536,47.0854,eleve,1710391,0,0,0,0,0,0,0,0,0.0,0.0,0.0
2025-09-22,2025,9,2025-W39,Haute Matsiatra,-21.4536,47.0854,eleve,1710391,0,0,0,0,0,0,0,0,0.0,0.0,0.0
2025-09-29,2025,9,2025-W40,Haute Matsiatra,-21.4536,47.0854,eleve,1710391,0,0,0,0,0,0,0,0,0.0,0.0,0.0
2025-10-06,2025,10,2025-W41,Haute Matsiatra,-21.4536,47.0854,eleve,1710391,0,0,0,0,0,0,0,0,0.0,0.0,0.0
2025-10-13,2025,10,2025-W42,Haute Matsiatra,-21.4536,47.0854,eleve,1710391,0,0,0,0,0,0,0,0,0.0,0.0,0.0
2025-10-20,2025,10,2025-W43,Haute Matsiatra,-21.4536,47.0854,eleve,1710391,0,0,0,0,0,0,0,0,0.0,0.0,0.0
2025-10-27,2025,10,2025-W44,Haute Matsiatra,-21.4536,47.0854,eleve,1710391,0,0,0,0,0,0,0,0,0.0,0.0,0.0
2025-11-03,2025,11,2025-W45,Haute Matsiatra,-21.4536,47.0854,eleve,1710391,0,0,0,0,0,0,0,0,0.0,0.0,0.0
2025-11-10,2025,11,2025-W46,Haute Matsiatra,-21.4536,47.0854,eleve,1710391,0,0,0,0,0,0,0,0,0.0,0.0,0.0
2025-11-17,2025,11,2025-W47,Haute Matsiatra,-21.4536,47.0854,eleve,1710391,0,0,0,0,0,0,0,0,0.0,0.0,0.0
2025-11-24,2025,11,2025-W48,Haute Matsiatra,-21.4536,47.0854,eleve,1710391,0,0,0,0,0,0,0,0,0.0,0.0,0.0
2025-12-01,2025,12,2025-W49,Haute Matsiatra,-21.4536,47.0854,eleve,1710391,0,0,0,0,0,0,0,0,0.0,0.0,0.0
2025-12-08,2025,12,2025-W50,Haute Matsiatra,-21.4536,47.0854,eleve,1710391,0,0,0,0,0,0,0,0,0.0,0.0,0.0
2025-12-15,2025,12,2025-W51,Haute Matsiatra,-21.4536,47.0854,eleve,1710391,0,0,0,0,0,0,0,0,0.0,0.0,0.0
2025-12-22,2025,12,2025-W52,Haute Matsiatra,-21.4536,47.0854,eleve,1710391,0,0,0,0,0,0,0,0,0.0,0.0,0.0
2025-12-29,2025,12,2026-W01,Haute Matsiatra,-21.4536,47.0854,eleve,1710391,0,0,0,0,0,0,0,0,0.0,0.0,0.0
2026-01-05,2026,1,2026-W02,Haute Matsiatra,-21.4536,47.0854,eleve,1710391,0,0,0,0,0,0,0,0,0.0,0.0,0.0
2026-01-12,2026,1,2026-W03,Haute Matsiatra,-21.4536,47.0854,eleve,1710391,0,0,0,0,0,0,0,0,0.0,0.0,0.0
2026-01-19,2026,1,2026-W04,Haute Matsiatra,-21.4536,47.0854,eleve,1710391,0,0,0,0,0,0,0,0,0.0,0.0,0.0
2026-01-26,2026,1,2026-W05,Haute Matsiatra,-21.4536,47.0854,eleve,1710391,0,0,0,0,0,0,0,0,0.0,0.0,0.0
2026-02-02,2026,2,2026-W06,Haute Matsiatra,-21.4536,47.0854,eleve,1710391,0,0,0,0,0,0,0,0,0.0,0.0,0.0
2026-02-09,2026,2,2026-W07,Haute Matsiatra,-21.4536,47.0854,eleve,1710391,0,0,0,0,0,0,0,0,0.0,0.0,0.0
2026-02-16,2026,2,2026-W08,Haute Matsiatra,-21.4536,47.0854,eleve,1710391,0,0,0,0,0,0,0,0,0.0,0.0,0.0
2026-02-23,2026,2,2026-W09,Haute Matsiatra,-21.4536,47.0854,eleve,1710391,0,0,0,0,0,0,0,0,0.0,0.0,0.0
2026-03-02,2026,3,2026-W10,Haute Matsiatra,-21.4536,47.0854,eleve,1710391,0,0,0,0,0,0,0,0,0.0,0.0,0.0
2026-03-09,2026,3,2026-W11,Haute Matsiatra,-21.4536,47.0854,eleve,1710391,0,0,0,0,0,0,0,0,0.0,0.0,0.0
2026-03-16,2026,3,2026-W12,Haute Matsiatra,-21.4536,47.0854,eleve,1710391,0,0,0,0,0,0,0,0,0.0,0.0,0.0
2026-03-23,2026,3,2026-W13,Haute Matsiatra,-21.4536,47.0854,eleve,1710391,0,0,0,0,0,0,0,0,0.0,0.0,0.0
2026-03-30,2026,3,2026-W14,Haute Matsiatra,-21.4536,47.0854,eleve,1710391,0,0,0,0,0,0,0,0,0.0,0.0,0.0
2026-04-06,2026,4,2026-W15,Haute Matsiatra,-21.4536,47.0854,eleve,1710391,0,0,0,0,0,0,0,0,0.0,0.0,0.0
2026-04-13,2026,4,2026-W16,Haute Matsiatra,-21.4536,47.0854,eleve,1710391,0,0,0,0,0,0,0,0,0.0,0.0,0.0
2026-04-20,2026,4,2026-W17,Haute Matsiatra,-21.4536,47.0854,eleve,1710391,0,0,0,0,0,0,0,0,0.0,0.0,0.0
2026-04-27,2026,4,2026-W18,Haute Matsiatra,-21.4536,47.0854,eleve,1710391,0,0,0,0,0,0,0,0,0.0,0.0,0.0
2026-05-04,2026,5,2026-W19,Haute Matsiatra,-21.4536,47.0854,eleve,1710391,0,0,0,0,0,0,0,0,0.0,0.0,0.0
2026-05-11,2026,5,2026-W20,Haute Matsiatra,-21.4536,47.0854,eleve,1710391,0,0,0,0,0,0,0,0,0.0,0.0,0.0
2026-05-18,2026,5,2026-W21,Haute Matsiatra,-21.4536,47.0854,eleve,1710391,0,0,0,0,0,0,0,0,0.0,0.0,0.0
2026-05-25,2026,5,2026-W22,Haute Matsiatra,-21.4536,47.0854,eleve,1710391,0,0,0,0,0,0,0,0,0.0,0.0,0.0
2026-06-01,2026,6,2026-W23,Haute Matsiatra,-21.4536,47.0854,eleve,1710391,0,0,0,0,0,0,0,0,0.0,0.0,0.0
2026-06-08,2026,6,2026-W24,Haute Matsiatra,-21.4536,47.0854,eleve,1710391,0,0,0,0,0,0,0,0,0.0,0.0,0.0
2026-06-15,2026,6,2026-W25,Haute Matsiatra,-21.4536,47.0854,eleve,1710391,0,0,0,0,0,0,0,0,0.0,0.0,0.0
2026-06-22,2026,6,2026-W26,Haute Matsiatra,-21.4536,47.0854,eleve,1710391,0,0,0,0,0,0,0,0,0.0,0.0,0.0
2026-06-29,2026,6,2026-W27,Haute Matsiatra,-21.4536,47.0854,eleve,1710391,0,0,0,0,0,0,0,0,0.0,0.0,0.0
2026-07-06,2026,7,2026-W28,Haute Matsiatra,-21.4536,47.0854,eleve,1710391,0,0,0,0,0,0,0,0,0.0,0.0,0.0
2026-07-13,2026,7,2026-W29,Haute Matsiatra,-21.4536,47.0854,eleve,1710391,0,0,0,0,0,0,0,0,0.0,0.0,0.0
2026-07-20,2026,7,2026-W30,Haute Matsiatra,-21.4536,47.0854,eleve,1710391,0,0,0,0,0,0,0,0,0.0,0.0,0.0
2026-07-27,2026,7,2026-W31,Haute Matsiatra,-21.4536,47.0854,eleve,1710391,0,0,0,0,0,0,0,0,0.0,0.0,0.0
2020-01-06,2020,1,2020-W02,Bongolava,-18.9333,45.6667,moyen,794456,0,0,0,0,0,0,0,0,0.0,0.0,0.0
2020-01-13,2020,1,2020-W03,Bongolava,-18.9333,45.6667,moyen,794456,0,0,0,0,0,0,0,0,0.0,0.0,0.0
2020-01-20,2020,1,2020-W04,Bongolava,-18.9333,45.6667,moyen,794456,0,0,0,0,0,0,0,0,0.0,0.0,0.0
2020-01-27,2020,1,2020-W05,Bongolava,-18.9333,45.6667,moyen,794456,0,0,0,0,0,0,0,0,0.0,0.0,0.0
2020-02-03,2020,2,2020-W06,Bongolava,-18.9333,45.6667,moyen,794456,0,0,0,0,0,0,0,0,0.0,0.0,0.0
2020-02-10,2020,2,2020-W07,Bongolava,-18.9333,45.6667,moyen,794456,0,0,0,0,0,0,0,0,0.0,0.0,0.0
2020-02-17,2020,2,2020-W08,Bongolava,-18.9333,45.6667,moyen,794456,0,0,0,0,0,0,0,0,0.0,0.0,0.0
2020-02-24,2020,2,2020-W09,Bongolava,-18.9333,45.6667,moyen,794456,0,0,0,0,0,0,0,0,0.0,0.0,0.0
2020-03-02,2020,3,2020-W10,Bongolava,-18.9333,45.6667,moyen,794456,0,0,0,0,0,0,0,0,0.0,0.0,0.0
2020-03-09,2020,3,2020-W11,Bongolava,-18.9333,45.6667,moyen,794456,0,0,0,0,0,0,0,0,0.0,0.0,0.0
2020-03-16,2020,3,2020-W12,Bongolava,-18.9333,45.6667,moyen,794456,0,0,0,0,0,0,0,0,0.0,0.0,0.0
2020-03-23,2020,3,2020-W13,Bongolava,-18.9333,45.6667,moyen,794456,0,0,0,0,0,0,0,0,0.0,0.0,0.0
2020-03-30,2020,3,2020-W14,Bongolava,-18.9333,45.6667,moyen,794456,0,0,0,0,0,0,0,0,0.0,0.0,0.0
2020-04-06,2020,4,2020-W15,Bongolava,-18.9333,45.6667,moyen,794456,0,0,0,0,0,0,0,0,0.0,0.0,0.0
2020-04-13,2020,4,2020-W16,Bongolava,-18.9333,45.6667,moyen,794456,0,0,0,0,0,0,0,0,0.0,0.0,0.0
2020-04-20,2020,4,2020-W17,Bongolava,-18.9333,45.6667,moyen,794456,0,0,0,0,0,0,0,0,0.0,0.0,0.0
2020-04-27,2020,4,2020-W18,Bongolava,-18.9333,45.6667,moyen,794456,0,0,0,0,0,0,0,0,0.0,0.0,0.0
2020-05-04,2020,5,2020-W19,Bongolava,-18.9333,45.6667,moyen,794456,0,0,0,0,0,0,0,0,0.0,0.0,0.0
2020-05-11,2020,5,2020-W20,Bongolava,-18.9333,45.6667,moyen,794456,0,0,0,0,0,0,0,0,0.0,0.0,0.0
2020-05-18,2020,5,2020-W21,Bongolava,-18.9333,45.6667,moyen,794456,0,0,0,0,0,0,0,0,0.0,0.0,0.0
2020-05-25,2020,5,2020-W22,Bongolava,-18.9333,45.6667,moyen,794456,0,0,0,0,0,0,0,0,0.0,0.0,0.0
2020-06-01,2020,6,2020-W23,Bongolava,-18.9333,45.6667,moyen,794456,0,0,0,0,0,0,0,0,0.0,0.0,0.0
2020-06-08,2020,6,2020-W24,Bongolava,-18.9333,45.6667,moyen,794456,0,0,0,0,0,0,0,0,0.0,0.0,0.0
2020-06-15,2020,6,2020-W25,Bongolava,-18.9333,45.6667,moyen,794456,0,0,0,0,0,0,0,0,0.0,0.0,0.0
2020-06-22,2020,6,2020-W26,Bongolava,-18.9333,45.6667,moyen,794456,0,0,0,0,0,0,0,0,0.0,0.0,0.0
2020-06-29,2020,6,2020-W27,Bongolava,-18.9333,45.6667,moyen,794456,0,0,0,0,0,0,0,0,0.0,0.0,0.0
2020-07-06,2020,7,2020-W28,Bongolava,-18.9333,45.6667,moyen,794456,0,0,0,0,0,0,0,0,0.0,0.0,0.0
2020-07-13,2020,7,2020-W29,Bongolava,-18.9333,45.6667,moyen,794456,0,0,0,0,0,0,0,0,0.0,0.0,0.0
2020-07-20,2020,7,2020-W30,Bongolava,-18.9333,45.6667,moyen,794456,0,0,0,0,0,0,0,0,0.0,0.0,0.0
2020-07-27,2020,7,2020-W31,Bongolava,-18.9333,45.6667,moyen,794456,0,0,0,0,0,0,0,0,0.0,0.0,0.0
2020-08-03,2020,8,2020-W32,Bongolava,-18.9333,45.6667,moyen,794456,0,0,0,0,0,0,0,0,0.0,0.0,0.0
2020-08-10,2020,8,2020-W33,Bongolava,-18.9333,45.6667,moyen,794456,0,0,0,0,0,0,0,0,0.0,0.0,0.0
2020-08-17,2020,8,2020-W34,Bongolava,-18.9333,45.6667,moyen,794456,0,0,0,0,0,0,0,0,0.0,0.0,0.0
2020-08-24,2020,8,2020-W35,Bongolava,-18.9333,45.6667,moyen,794456,0,0,0,0,0,0,0,0,0.0,0.0,0.0
2020-08-31,2020,8,2020-W36,Bongolava,-18.9333,45.6667,moyen,794456,0,0,0,0,0,0,0,0,0.0,0.0,0.0
2020-09-07,2020,9,2020-W37,Bongolava,-18.9333,45.6667,moyen,794456,0,0,0,0,0,0,0,0,0.0,0.0,0.0
2020-09-14,2020,9,2020-W38,Bongolava,-18.9333,45.6667,moyen,794456,0,0,0,0,0,0,0,0,0.0,0.0,0.0
2020-09-21,2020,9,2020-W39,Bongolava,-18.9333,45.6667,moyen,794456,0,0,0,0,0,0,0,0,0.0,0.0,0.0
2020-09-28,2020,9,2020-W40,Bongolava,-18.9333,45.6667,moyen,794456,0,0,0,0,0,0,0,0,0.0,0.0,0.0
2020-10-05,2020,10,2020-W41,Bongolava,-18.9333,45.6667,moyen,794456,0,0,0,0,0,0,0,0,0.0,0.0,0.0
2020-10-12,2020,10,2020-W42,Bongolava,-18.9333,45.6667,moyen,794456,0,0,0,0,0,0,0,0,0.0,0.0,0.0
2020-10-19,2020,10,2020-W43,Bongolava,-18.9333,45.6667,moyen,794456,0,0,0,0,0,0,0,0,0.0,0.0,0.0
2020-10-26,2020,10,2020-W44,Bongolava,-18.9333,45.6667,moyen,794456,0,0,0,0,0,0,0,0,0.0,0.0,0.0
2020-11-02,2020,11,2020-W45,Bongolava,-18.9333,45.6667,moyen,794456,0,0,0,0,0,0,0,0,0.0,0.0,0.0
2020-11-09,2020,11,2020-W46,Bongolava,-18.9333,45.6667,moyen,794456,0,0,0,0,0,0,0,0,0.0,0.0,0.0
2020-11-16,2020,11,2020-W47,Bongolava,-18.9333,45.6667,moyen,794456,0,0,0,0,0,0,0,0,0.0,0.0,0.0
2020-11-23,2020,11,2020-W48,Bongolava,-18.9333,45.6667,moyen,794456,0,0,0,0,0,0,0,0,0.0,0.0,0.0
2020-11-30,2020,11,2020-W49,Bongolava,-18.9333,45.6667,moyen,794456,0,0,0,0,0,0,0,0,0.0,0.0,0.0
2020-12-07,2020,12,2020-W50,Bongolava,-18.9333,45.6667,moyen,794456,0,0,0,0,0,0,0,0,0.0,0.0,0.0
2020-12-14,2020,12,2020-W51,Bongolava,-18.9333,45.6667,moyen,794456,0,0,0,0,0,0,0,0,0.0,0.0,0.0
2020-12-21,2020,12,2020-W52,Bongolava,-18.9333,45.6667,moyen,794456,0,0,0,0,0,0,0,0,0.0,0.0,0.0
2020-12-28,2020,12,2020-W53,Bongolava,-18.9333,45.6667,moyen,794456,0,0,0,0,0,0,0,0,0.0,0.0,0.0
2021-01-04,2021,1,2021-W01,Bongolava,-18.9333,45.6667,moyen,794456,0,0,0,0,0,0,0,0,0.0,0.0,0.0
2021-01-11,2021,1,2021-W02,Bongolava,-18.9333,45.6667,moyen,794456,0,0,0,0,0,0,0,0,0.0,0.0,0.0
2021-01-18,2021,1,2021-W03,Bongolava,-18.9333,45.6667,moyen,794456,0,0,0,0,0,0,0,0,0.0,0.0,0.0
2021-01-25,2021,1,2021-W04,Bongolava,-18.9333,45.6667,moyen,794456,0,0,0,0,0,0,0,0,0.0,0.0,0.0
2021-02-01,2021,2,2021-W05,Bongolava,-18.9333,45.6667,moyen,794456,0,0,0,0,0,0,0,0,0.0,0.0,0.0
2021-02-08,2021,2,2021-W06,Bongolava,-18.9333,45.6667,moyen,794456,0,0,0,0,0,0,0,0,0.0,0.0,0.0
2021-02-15,2021,2,2021-W07,Bongolava,-18.9333,45.6667,moyen,794456,0,0,0,0,0,0,0,0,0.0,0.0,0.0
2021-02-22,2021,2,2021-W08,Bongolava,-18.9333,45.6667,moyen,794456,0,0,0,0,0,0,0,0,0.0,0.0,0.0
2021-03-01,2021,3,2021-W09,Bongolava,-18.9333,45.6667,moyen,794456,0,0,0,0,0,0,0,0,0.0,0.0,0.0
2021-03-08,2021,3,2021-W10,Bongolava,-18.9333,45.6667,moyen,794456,0,0,0,0,0,0,0,0,0.0,0.0,0.0
2021-03-15,2021,3,2021-W11,Bongolava,-18.9333,45.6667,moyen,794456,0,0,0,0,0,0,0,0,0.0,0.0,0.0
2021-03-22,2021,3,2021-W12,Bongolava,-18.9333,45.6667,moyen,794456,0,0,0,0,0,0,0,0,0.0,0.0,0.0
2021-03-29,2021,3,2021-W13,Bongolava,-18.9333,45.6667,moyen,794456,0,0,0,0,0,0,0,0,0.0,0.0,0.0
2021-04-05,2021,4,2021-W14,Bongolava,-18.9333,45.6667,moyen,794456,0,0,0,0,0,0,0,0,0.0,0.0,0.0
2021-04-12,2021,4,2021-W15,Bongolava,-18.9333,45.6667,moyen,794456,0,0,0,0,0,0,0,0,0.0,0.0,0.0
2021-04-19,2021,4,2021-W16,Bongolava,-18.9333,45.6667,moyen,794456,0,0,0,0,0,0,0,0,0.0,0.0,0.0
2021-04-26,2021,4,2021-W17,Bongolava,-18.9333,45.6667,moyen,794456,0,0,0,0,0,0,0,0,0.0,0.0,0.0
2021-05-03,2021,5,2021-W18,Bongolava,-18.9333,45.6667,moyen,794456,0,0,0,0,0,0,0,0,0.0,0.0,0.0
2021-05-10,2021,5,2021-W19,Bongolava,-18.9333,45.6667,moyen,794456,0,0,0,0,0,0,0,0,0.0,0.0,0.0
2021-05-17,2021,5,2021-W20,Bongolava,-18.9333,45.6667,moyen,794456,0,0,0,0,0,0,0,0,0.0,0.0,0.0
2021-05-24,2021,5,2021-W21,Bongolava,-18.9333,45.6667,moyen,794456,0,0,0,0,0,0,0,0,0.0,0.0,0.0
2021-05-31,2021,5,2021-W22,Bongolava,-18.9333,45.6667,moyen,794456,0,0,0,0,0,0,0,0,0.0,0.0,0.0
2021-06-07,2021,6,2021-W23,Bongolava,-18.9333,45.6667,moyen,794456,0,0,0,0,0,0,0,0,0.0,0.0,0.0
2021-06-14,2021,6,2021-W24,Bongolava,-18.9333,45.6667,moyen,794456,0,0,0,0,0,0,0,0,0.0,0.0,0.0
2021-06-21,2021,6,2021-W25,Bongolava,-18.9333,45.6667,moyen,794456,0,0,0,0,0,0,0,0,0.0,0.0,0.0
2021-06-28,2021,6,2021-W26,Bongolava,-18.9333,45.6667,moyen,794456,0,0,0,0,0,0,0,0,0.0,0.0,0.0
2021-07-05,2021,7,2021-W27,Bongolava,-18.9333,45.6667,moyen,794456,0,0,0,0,0,0,0,0,0.0,0.0,0.0
2021-07-12,2021,7,2021-W28,Bongolava,-18.9333,45.6667,moyen,794456,0,0,0,0,0,0,0,0,0.0,0.0,0.0
2021-07-19,2021,7,2021-W29,Bongolava,-18.9333,45.6667,moyen,794456,0,0,0,0,0,0,0,0,0.0,0.0,0.0
2021-07-26,2021,7,2021-W30,Bongolava,-18.9333,45.6667,moyen,794456,0,0,0,0,0,0,0,0,0.0,0.0,0.0
2021-08-02,2021,8,2021-W31,Bongolava,-18.9333,45.6667,moyen,794456,0,0,0,0,0,0,0,0,0.0,0.0,0.0
2021-08-09,2021,8,2021-W32,Bongolava,-18.9333,45.6667,moyen,794456,0,0,0,0,0,0,0,0,0.0,0.0,0.0
2021-08-16,2021,8,2021-W33,Bongolava,-18.9333,45.6667,moyen,794456,0,0,0,0,0,0,0,0,0.0,0.0,0.0
2021-08-23,2021,8,2021-W34,Bongolava,-18.9333,45.6667,moyen,794456,0,0,0,0,0,0,0,0,0.0,0.0,0.0
2021-08-30,2021,8,2021-W35,Bongolava,-18.9333,45.6667,moyen,794456,0,0,0,0,0,0,0,0,0.0,0.0,0.0
2021-09-06,2021,9,2021-W36,Bongolava,-18.9333,45.6667,moyen,794456,0,0,0,0,0,0,0,0,0.0,0.0,0.0
2021-09-13,2021,9,2021-W37,Bongolava,-18.9333,45.6667,moyen,794456,0,0,0,0,0,0,0,0,0.0,0.0,0.0
2021-09-20,2021,9,2021-W38,Bongolava,-18.9333,45.6667,moyen,794456,0,0,0,0,0,0,0,0,0.0,0.0,0.0
2021-09-27,2021,9,2021-W39,Bongolava,-18.9333,45.6667,moyen,794456,0,0,0,0,0,0,0,0,0.0,0.0,0.0
2021-10-04,2021,10,2021-W40,Bongolava,-18.9333,45.6667,moyen,794456,0,0,0,0,0,0,0,0,0.0,0.0,0.0
2021-10-11,2021,10,2021-W41,Bongolava,-18.9333,45.6667,moyen,794456,0,0,0,0,0,0,0,0,0.0,0.0,0.0
2021-10-18,2021,10,2021-W42,Bongolava,-18.9333,45.6667,moyen,794456,0,0,0,0,0,0,0,0,0.0,0.0,0.0
2021-10-25,2021,10,2021-W43,Bongolava,-18.9333,45.6667,moyen,794456,0,0,0,0,0,0,0,0,0.0,0.0,0.0
2021-11-01,2021,11,2021-W44,Bongolava,-18.9333,45.6667,moyen,794456,0,0,0,0,0,0,0,0,0.0,0.0,0.0
2021-11-08,2021,11,2021-W45,Bongolava,-18.9333,45.6667,moyen,794456,0,0,0,0,0,0,0,0,0.0,0.0,0.0
2021-11-15,2021,11,2021-W46,Bongolava,-18.9333,45.6667,moyen,794456,0,0,0,0,0,0,0,0,0.0,0.0,0.0
2021-11-22,2021,11,2021-W47,Bongolava,-18.9333,45.6667,moyen,794456,0,0,0,0,0,0,0,0,0.0,0.0,0.0
2021-11-29,2021,11,2021-W48,Bongolava,-18.9333,45.6667,moyen,794456,0,0,0,0,0,0,0,0,0.0,0.0,0.0
2021-12-06,2021,12,2021-W49,Bongolava,-18.9333,45.6667,moyen,794456,0,0,0,0,0,0,0,0,0.0,0.0,0.0
2021-12-13,2021,12,2021-W50,Bongolava,-18.9333,45.6667,moyen,794456,0,0,0,0,0,0,0,0,0.0,0.0,0.0
2021-12-20,2021,12,2021-W51,Bongolava,-18.9333,45.6667,moyen,794456,0,0,0,0,0,0,0,0,0.0,0.0,0.0
2021-12-27,2021,12,2021-W52,Bongolava,-18.9333,45.6667,moyen,794456,0,0,0,0,0,0,0,0,0.0,0.0,0.0
2022-01-03,2022,1,2022-W01,Bongolava,-18.9333,45.6667,moyen,794456,0,0,0,0,0,0,0,0,0.0,0.0,0.0
2022-01-10,2022,1,2022-W02,Bongolava,-18.9333,45.6667,moyen,794456,0,0,0,0,0,0,0,0,0.0,0.0,0.0
2022-01-17,2022,1,2022-W03,Bongolava,-18.9333,45.6667,moyen,794456,0,0,0,0,0,0,0,0,0.0,0.0,0.0
2022-01-24,2022,1,2022-W04,Bongolava,-18.9333,45.6667,moyen,794456,0,0,0,0,0,0,0,0,0.0,0.0,0.0
2022-01-31,2022,1,2022-W05,Bongolava,-18.9333,45.6667,moyen,794456,0,0,0,0,0,0,0,0,0.0,0.0,0.0
2022-02-07,2022,2,2022-W06,Bongolava,-18.9333,45.6667,moyen,794456,0,0,0,0,0,0,0,0,0.0,0.0,0.0
2022-02-14,2022,2,2022-W07,Bongolava,-18.9333,45.6667,moyen,794456,0,0,0,0,0,0,0,0,0.0,0.0,0.0
2022-02-21,2022,2,2022-W08,Bongolava,-18.9333,45.6667,moyen,794456,0,0,0,0,0,0,0,0,0.0,0.0,0.0
2022-02-28,2022,2,2022-W09,Bongolava,-18.9333,45.6667,moyen,794456,0,0,0,0,0,0,0,0,0.0,0.0,0.0
2022-03-07,2022,3,2022-W10,Bongolava,-18.9333,45.6667,moyen,794456,0,0,0,0,0,0,0,0,0.0,0.0,0.0
2022-03-14,2022,3,2022-W11,Bongolava,-18.9333,45.6667,moyen,794456,0,0,0,0,0,0,0,0,0.0,0.0,0.0
2022-03-21,2022,3,2022-W12,Bongolava,-18.9333,45.6667,moyen,794456,0,0,0,0,0,0,0,0,0.0,0.0,0.0
2022-03-28,2022,3,2022-W13,Bongolava,-18.9333,45.6667,moyen,794456,0,0,0,0,0,0,0,0,0.0,0.0,0.0
2022-04-04,2022,4,2022-W14,Bongolava,-18.9333,45.6667,moyen,794456,0,0,0,0,0,0,0,0,0.0,0.0,0.0
2022-04-11,2022,4,2022-W15,Bongolava,-18.9333,45.6667,moyen,794456,0,0,0,0,0,0,0,0,0.0,0.0,0.0
2022-04-18,2022,4,2022-W16,Bongolava,-18.9333,45.6667,moyen,794456,0,0,0,0,0,0,0,0,0.0,0.0,0.0
2022-04-25,2022,4,2022-W17,Bongolava,-18.9333,45.6667,moyen,794456,0,0,0,0,0,0,0,0,0.0,0.0,0.0
2022-05-02,2022,5,2022-W18,Bongolava,-18.9333,45.6667,moyen,794456,0,0,0,0,0,0,0,0,0.0,0.0,0.0
2022-05-09,2022,5,2022-W19,Bongolava,-18.9333,45.6667,moyen,794456,0,0,0,0,0,0,0,0,0.0,0.0,0.0
2022-05-16,2022,5,2022-W20,Bongolava,-18.9333,45.6667,moyen,794456,0,0,0,0,0,0,0,0,0.0,0.0,0.0
2022-05-23,2022,5,2022-W21,Bongolava,-18.9333,45.6667,moyen,794456,0,0,0,0,0,0,0,0,0.0,0.0,0.0
2022-05-30,2022,5,2022-W22,Bongolava,-18.9333,45.6667,moyen,794456,0,0,0,0,0,0,0,0,0.0,0.0,0.0
2022-06-06,2022,6,2022-W23,Bongolava,-18.9333,45.6667,moyen,794456,0,0,0,0,0,0,0,0,0.0,0.0,0.0
2022-06-13,2022,6,2022-W24,Bongolava,-18.9333,45.6667,moyen,794456,0,0,0,0,0,0,0,0,0.0,0.0,0.0
2022-06-20,2022,6,2022-W25,Bongolava,-18.9333,45.6667,moyen,794456,0,0,0,0,0,0,0,0,0.0,0.0,0.0
2022-06-27,2022,6,2022-W26,Bongolava,-18.9333,45.6667,moyen,794456,0,0,0,0,0,0,0,0,0.0,0.0,0.0
2022-07-04,2022,7,2022-W27,Bongolava,-18.9333,45.6667,moyen,794456,0,0,0,0,0,0,0,0,0.0,0.0,0.0
2022-07-11,2022,7,2022-W28,Bongolava,-18.9333,45.6667,moyen,794456,0,0,0,0,0,0,0,0,0.0,0.0,0.0
2022-07-18,2022,7,2022-W29,Bongolava,-18.9333,45.6667,moyen,794456,0,0,0,0,0,0,0,0,0.0,0.0,0.0
2022-07-25,2022,7,2022-W30,Bongolava,-18.9333,45.6667,moyen,794456,0,0,0,0,0,0,0,0,0.0,0.0,0.0
2022-08-01,2022,8,2022-W31,Bongolava,-18.9333,45.6667,moyen,794456,0,0,0,0,0,0,0,0,0.0,0.0,0.0
2022-08-08,2022,8,2022-W32,Bongolava,-18.9333,45.6667,moyen,794456,0,0,0,0,0,0,0,0,0.0,0.0,0.0
2022-08-15,2022,8,2022-W33,Bongolava,-18.9333,45.6667,moyen,794456,0,0,0,0,0,0,0,0,0.0,0.0,0.0
2022-08-22,2022,8,2022-W34,Bongolava,-18.9333,45.6667,moyen,794456,0,0,0,0,0,0,0,0,0.0,0.0,0.0
2022-08-29,2022,8,2022-W35,Bongolava,-18.9333,45.6667,moyen,794456,0,0,0,0,0,0,0,0,0.0,0.0,0.0
2022-09-05,2022,9,2022-W36,Bongolava,-18.9333,45.6667,moyen,794456,0,0,0,0,0,0,0,0,0.0,0.0,0.0
2022-09-12,2022,9,2022-W37,Bongolava,-18.9333,45.6667,moyen,794456,0,0,0,0,0,0,0,0,0.0,0.0,0.0
2022-09-19,2022,9,2022-W38,Bongolava,-18.9333,45.6667,moyen,794456,0,0,0,0,0,0,0,0,0.0,0.0,0.0
2022-09-26,2022,9,2022-W39,Bongolava,-18.9333,45.6667,moyen,794456,0,0,0,0,0,0,0,0,0.0,0.0,0.0
2022-10-03,2022,10,2022-W40,Bongolava,-18.9333,45.6667,moyen,794456,0,0,0,0,0,0,0,0,0.0,0.0,0.0
2022-10-10,2022,10,2022-W41,Bongolava,-18.9333,45.6667,moyen,794456,0,0,0,0,0,0,0,0,0.0,0.0,0.0
2022-10-17,2022,10,2022-W42,Bongolava,-18.9333,45.6667,moyen,794456,0,0,0,0,0,0,0,0,0.0,0.0,0.0
2022-10-24,2022,10,2022-W43,Bongolava,-18.9333,45.6667,moyen,794456,0,0,0,0,0,0,0,0,0.0,0.0,0.0
2022-10-31,2022,10,2022-W44,Bongolava,-18.9333,45.6667,moyen,794456,0,0,0,0,0,0,0,0,0.0,0.0,0.0
2022-11-07,2022,11,2022-W45,Bongolava,-18.9333,45.6667,moyen,794456,0,0,0,0,0,0,0,0,0.0,0.0,0.0
2022-11-14,2022,11,2022-W46,Bongolava,-18.9333,45.6667,moyen,794456,0,0,0,0,0,0,0,0,0.0,0.0,0.0
2022-11-21,2022,11,2022-W47,Bongolava,-18.9333,45.6667,moyen,794456,0,0,0,0,0,0,0,0,0.0,0.0,0.0
2022-11-28,2022,11,2022-W48,Bongolava,-18.9333,45.6667,moyen,794456,0,0,0,0,0,0,0,0,0.0,0.0,0.0
2022-12-05,2022,12,2022-W49,Bongolava,-18.9333,45.6667,moyen,794456,0,0,0,0,0,0,0,0,0.0,0.0,0.0
2022-12-12,2022,12,2022-W50,Bongolava,-18.9333,45.6667,moyen,794456,0,0,0,0,0,0,0,0,0.0,0.0,0.0
2022-12-19,2022,12,2022-W51,Bongolava,-18.9333,45.6667,moyen,794456,0,0,0,0,0,0,0,0,0.0,0.0,0.0
2022-12-26,2022,12,2022-W52,Bongolava,-18.9333,45.6667,moyen,794456,0,0,0,0,0,0,0,0,0.0,0.0,0.0
2023-01-02,2023,1,2023-W01,Bongolava,-18.9333,45.6667,moyen,794456,0,0,0,0,0,0,0,0,0.0,0.0,0.0
2023-01-09,2023,1,2023-W02,Bongolava,-18.9333,45.6667,moyen,794456,0,0,0,0,0,0,0,0,0.0,0.0,0.0
2023-01-16,2023,1,2023-W03,Bongolava,-18.9333,45.6667,moyen,794456,0,0,0,0,0,0,0,0,0.0,0.0,0.0
2023-01-23,2023,1,2023-W04,Bongolava,-18.9333,45.6667,moyen,794456,0,0,0,0,0,0,0,0,0.0,0.0,0.0
2023-01-30,2023,1,2023-W05,Bongolava,-18.9333,45.6667,moyen,794456,0,0,0,0,0,0,0,0,0.0,0.0,0.0
2023-02-06,2023,2,2023-W06,Bongolava,-18.9333,45.6667,moyen,794456,0,0,0,0,0,0,0,0,0.0,0.0,0.0
2023-02-13,2023,2,2023-W07,Bongolava,-18.9333,45.6667,moyen,794456,0,0,0,0,0,0,0,0,0.0,0.0,0.0
2023-02-20,2023,2,2023-W08,Bongolava,-18.9333,45.6667,moyen,794456,0,0,0,0,0,0,0,0,0.0,0.0,0.0
2023-02-27,2023,2,2023-W09,Bongolava,-18.9333,45.6667,moyen,794456,0,0,0,0,0,0,0,0,0.0,0.0,0.0
2023-03-06,2023,3,2023-W10,Bongolava,-18.9333,45.6667,moyen,794456,0,0,0,0,0,0,0,0,0.0,0.0,0.0
2023-03-13,2023,3,2023-W11,Bongolava,-18.9333,45.6667,moyen,794456,0,0,0,0,0,0,0,0,0.0,0.0,0.0
2023-03-20,2023,3,2023-W12,Bongolava,-18.9333,45.6667,moyen,794456,0,0,0,0,0,0,0,0,0.0,0.0,0.0
2023-03-27,2023,3,2023-W13,Bongolava,-18.9333,45.6667,moyen,794456,0,0,0,0,0,0,0,0,0.0,0.0,0.0
2023-04-03,2023,4,2023-W14,Bongolava,-18.9333,45.6667,moyen,794456,0,0,0,0,0,0,0,0,0.0,0.0,0.0
2023-04-10,2023,4,2023-W15,Bongolava,-18.9333,45.6667,moyen,794456,0,0,0,0,0,0,0,0,0.0,0.0,0.0
2023-04-17,2023,4,2023-W16,Bongolava,-18.9333,45.6667,moyen,794456,0,0,0,0,0,0,0,0,0.0,0.0,0.0
2023-04-24,2023,4,2023-W17,Bongolava,-18.9333,45.6667,moyen,794456,0,0,0,0,0,0,0,0,0.0,0.0,0.0
2023-05-01,2023,5,2023-W18,Bongolava,-18.9333,45.6667,moyen,794456,0,0,0,0,0,0,0,0,0.0,0.0,0.0
2023-05-08,2023,5,2023-W19,Bongolava,-18.9333,45.6667,moyen,794456,0,0,0,0,0,0,0,0,0.0,0.0,0.0
2023-05-15,2023,5,2023-W20,Bongolava,-18.9333,45.6667,moyen,794456,0,0,0,0,0,0,0,0,0.0,0.0,0.0
2023-05-22,2023,5,2023-W21,Bongolava,-18.9333,45.6667,moyen,794456,0,0,0,0,0,0,0,0,0.0,0.0,0.0
2023-05-29,2023,5,2023-W22,Bongolava,-18.9333,45.6667,moyen,794456,0,0,0,0,0,0,0,0,0.0,0.0,0.0
2023-06-05,2023,6,2023-W23,Bongolava,-18.9333,45.6667,moyen,794456,0,0,0,0,0,0,0,0,0.0,0.0,0.0
2023-06-12,2023,6,2023-W24,Bongolava,-18.9333,45.6667,moyen,794456,0,0,0,0,0,0,0,0,0.0,0.0,0.0
2023-06-19,2023,6,2023-W25,Bongolava,-18.9333,45.6667,moyen,794456,0,0,0,0,0,0,0,0,0.0,0.0,0.0
2023-06-26,2023,6,2023-W26,Bongolava,-18.9333,45.6667,moyen,794456,0,0,0,0,0,0,0,0,0.0,0.0,0.0
2023-07-03,2023,7,2023-W27,Bongolava,-18.9333,45.6667,moyen,794456,0,0,0,0,0,0,0,0,0.0,0.0,0.0
2023-07-10,2023,7,2023-W28,Bongolava,-18.9333,45.6667,moyen,794456,0,0,0,0,0,0,0,0,0.0,0.0,0.0
2023-07-17,2023,7,2023-W29,Bongolava,-18.9333,45.6667,moyen,794456,0,0,0,0,0,0,0,0,0.0,0.0,0.0
2023-07-24,2023,7,2023-W30,Bongolava,-18.9333,45.6667,moyen,794456,0,0,0,0,0,0,0,0,0.0,0.0,0.0
2023-07-31,2023,7,2023-W31,Bongolava,-18.9333,45.6667,moyen,794456,0,0,0,0,0,0,0,0,0.0,0.0,0.0
2023-08-07,2023,8,2023-W32,Bongolava,-18.9333,45.6667,moyen,794456,0,0,0,0,0,0,0,0,0.0,0.0,0.0
2023-08-14,2023,8,2023-W33,Bongolava,-18.9333,45.6667,moyen,794456,0,0,0,0,0,0,0,0,0.0,0.0,0.0
2023-08-21,2023,8,2023-W34,Bongolava,-18.9333,45.6667,moyen,794456,0,0,0,0,0,0,0,0,0.0,0.0,0.0
2023-08-28,2023,8,2023-W35,Bongolava,-18.9333,45.6667,moyen,794456,0,0,0,0,0,0,0,0,0.0,0.0,0.0
2023-09-04,2023,9,2023-W36,Bongolava,-18.9333,45.6667,moyen,794456,0,0,0,0,0,0,0,0,0.0,0.0,0.0
2023-09-11,2023,9,2023-W37,Bongolava,-18.9333,45.6667,moyen,794456,0,0,0,0,0,0,0,0,0.0,0.0,0.0
2023-09-18,2023,9,2023-W38,Bongolava,-18.9333,45.6667,moyen,794456,0,0,0,0,0,0,0,0,0.0,0.0,0.0
2023-09-25,2023,9,2023-W39,Bongolava,-18.9333,45.6667,moyen,794456,0,0,0,0,0,0,0,0,0.0,0.0,0.0
2023-10-02,2023,10,2023-W40,Bongolava,-18.9333,45.6667,moyen,794456,0,0,0,0,0,0,0,0,0.0,0.0,0.0
2023-10-09,2023,10,2023-W41,Bongolava,-18.9333,45.6667,moyen,794456,0,0,0,0,0,0,0,0,0.0,0.0,0.0
2023-10-16,2023,10,2023-W42,Bongolava,-18.9333,45.6667,moyen,794456,0,0,0,0,0,0,0,0,0.0,0.0,0.0
2023-10-23,2023,10,2023-W43,Bongolava,-18.9333,45.6667,moyen,794456,0,0,0,0,0,0,0,0,0.0,0.0,0.0
2023-10-30,2023,10,2023-W44,Bongolava,-18.9333,45.6667,moyen,794456,0,0,0,0,0,0,0,0,0.0,0.0,0.0
2023-11-06,2023,11,2023-W45,Bongolava,-18.9333,45.6667,moyen,794456,0,0,0,0,0,0,0,0,0.0,0.0,0.0
2023-11-13,2023,11,2023-W46,Bongolava,-18.9333,45.6667,moyen,794456,0,0,0,0,0,0,0,0,0.0,0.0,0.0
2023-11-20,2023,11,2023-W47,Bongolava,-18.9333,45.6667,moyen,794456,0,0,0,0,0,0,0,0,0.0,0.0,0.0
2023-11-27,2023,11,2023-W48,Bongolava,-18.9333,45.6667,moyen,794456,0,0,0,0,0,0,0,0,0.0,0.0,0.0
2023-12-04,2023,12,2023-W49,Bongolava,-18.9333,45.6667,moyen,794456,0,0,0,0,0,0,0,0,0.0,0.0,0.0
2023-12-11,2023,12,2023-W50,Bongolava,-18.9333,45.6667,moyen,794456,0,0,0,0,0,0,0,0,0.0,0.0,0.0
2023-12-18,2023,12,2023-W51,Bongolava,-18.9333,45.6667,moyen,794456,0,0,0,0,0,0,0,0,0.0,0.0,0.0
2023-12-25,2023,12,2023-W52,Bongolava,-18.9333,45.6667,moyen,794456,0,0,0,0,0,0,0,0,0.0,0.0,0.0
2024-01-01,2024,1,2024-W01,Bongolava,-18.9333,45.6667,moyen,794456,0,0,0,0,0,0,0,0,0.0,0.0,0.0
2024-01-08,2024,1,2024-W02,Bongolava,-18.9333,45.6667,moyen,794456,0,0,0,0,0,0,0,0,0.0,0.0,0.0
2024-01-15,2024,1,2024-W03,Bongolava,-18.9333,45.6667,moyen,794456,0,0,0,0,0,0,0,0,0.0,0.0,0.0
2024-01-22,2024,1,2024-W04,Bongolava,-18.9333,45.6667,moyen,794456,0,0,0,0,0,0,0,0,0.0,0.0,0.0
2024-01-29,2024,1,2024-W05,Bongolava,-18.9333,45.6667,moyen,794456,0,0,0,0,0,0,0,0,0.0,0.0,0.0
2024-02-05,2024,2,2024-W06,Bongolava,-18.9333,45.6667,moyen,794456,0,0,0,0,0,0,0,0,0.0,0.0,0.0
2024-02-12,2024,2,2024-W07,Bongolava,-18.9333,45.6667,moyen,794456,0,0,0,0,0,0,0,0,0.0,0.0,0.0
2024-02-19,2024,2,2024-W08,Bongolava,-18.9333,45.6667,moyen,794456,0,0,0,0,0,0,0,0,0.0,0.0,0.0
2024-02-26,2024,2,2024-W09,Bongolava,-18.9333,45.6667,moyen,794456,0,0,0,0,0,0,0,0,0.0,0.0,0.0
2024-03-04,2024,3,2024-W10,Bongolava,-18.9333,45.6667,moyen,794456,0,0,0,0,0,0,0,0,0.0,0.0,0.0
2024-03-11,2024,3,2024-W11,Bongolava,-18.9333,45.6667,moyen,794456,0,0,0,0,0,0,0,0,0.0,0.0,0.0
2024-03-18,2024,3,2024-W12,Bongolava,-18.9333,45.6667,moyen,794456,0,0,0,0,0,0,0,0,0.0,0.0,0.0
2024-03-25,2024,3,2024-W13,Bongolava,-18.9333,45.6667,moyen,794456,0,0,0,0,0,0,0,0,0.0,0.0,0.0
2024-04-01,2024,4,2024-W14,Bongolava,-18.9333,45.6667,moyen,794456,0,0,0,0,0,0,0,0,0.0,0.0,0.0
2024-04-08,2024,4,2024-W15,Bongolava,-18.9333,45.6667,moyen,794456,0,0,0,0,0,0,0,0,0.0,0.0,0.0
2024-04-15,2024,4,2024-W16,Bongolava,-18.9333,45.6667,moyen,794456,0,0,0,0,0,0,0,0,0.0,0.0,0.0
2024-04-22,2024,4,2024-W17,Bongolava,-18.9333,45.6667,moyen,794456,0,0,0,0,0,0,0,0,0.0,0.0,0.0
2024-04-29,2024,4,2024-W18,Bongolava,-18.9333,45.6667,moyen,794456,0,0,0,0,0,0,0,0,0.0,0.0,0.0
2024-05-06,2024,5,2024-W19,Bongolava,-18.9333,45.6667,moyen,794456,0,0,0,0,0,0,0,0,0.0,0.0,0.0
2024-05-13,2024,5,2024-W20,Bongolava,-18.9333,45.6667,moyen,794456,0,0,0,0,0,0,0,0,0.0,0.0,0.0
2024-05-20,2024,5,2024-W21,Bongolava,-18.9333,45.6667,moyen,794456,0,0,0,0,0,0,0,0,0.0,0.0,0.0
2024-05-27,2024,5,2024-W22,Bongolava,-18.9333,45.6667,moyen,794456,0,0,0,0,0,0,0,0,0.0,0.0,0.0
2024-06-03,2024,6,2024-W23,Bongolava,-18.9333,45.6667,moyen,794456,0,0,0,0,0,0,0,0,0.0,0.0,0.0
2024-06-10,2024,6,2024-W24,Bongolava,-18.9333,45.6667,moyen,794456,0,0,0,0,0,0,0,0,0.0,0.0,0.0
2024-06-17,2024,6,2024-W25,Bongolava,-18.9333,45.6667,moyen,794456,0,0,0,0,0,0,0,0,0.0,0.0,0.0
2024-06-24,2024,6,2024-W26,Bongolava,-18.9333,45.6667,moyen,794456,0,0,0,0,0,0,0,0,0.0,0.0,0.0
2024-07-01,2024,7,2024-W27,Bongolava,-18.9333,45.6667,moyen,794456,0,0,0,0,0,0,0,0,0.0,0.0,0.0
2024-07-08,2024,7,2024-W28,Bongolava,-18.9333,45.6667,moyen,794456,0,0,0,0,0,0,0,0,0.0,0.0,0.0
2024-07-15,2024,7,2024-W29,Bongolava,-18.9333,45.6667,moyen,794456,0,0,0,0,0,0,0,0,0.0,0.0,0.0
2024-07-22,2024,7,2024-W30,Bongolava,-18.9333,45.6667,moyen,794456,0,0,0,0,0,0,0,0,0.0,0.0,0.0
2024-07-29,2024,7,2024-W31,Bongolava,-18.9333,45.6667,moyen,794456,0,0,0,0,0,0,0,0,0.0,0.0,0.0
2024-08-05,2024,8,2024-W32,Bongolava,-18.9333,45.6667,moyen,794456,0,0,0,0,0,0,0,0,0.0,0.0,0.0
2024-08-12,2024,8,2024-W33,Bongolava,-18.9333,45.6667,moyen,794456,0,0,0,0,0,0,0,0,0.0,0.0,0.0
2024-08-19,2024,8,2024-W34,Bongolava,-18.9333,45.6667,moyen,794456,0,0,0,0,0,0,0,0,0.0,0.0,0.0
2024-08-26,2024,8,2024-W35,Bongolava,-18.9333,45.6667,moyen,794456,0,0,0,0,0,0,0,0,0.0,0.0,0.0
2024-09-02,2024,9,2024-W36,Bongolava,-18.9333,45.6667,moyen,794456,0,0,0,0,0,0,0,0,0.0,0.0,0.0
2024-09-09,2024,9,2024-W37,Bongolava,-18.9333,45.6667,moyen,794456,0,0,0,0,0,0,0,0,0.0,0.0,0.0
2024-09-16,2024,9,2024-W38,Bongolava,-18.9333,45.6667,moyen,794456,0,0,0,0,0,0,0,0,0.0,0.0,0.0
2024-09-23,2024,9,2024-W39,Bongolava,-18.9333,45.6667,moyen,794456,0,0,0,0,0,0,0,0,0.0,0.0,0.0
2024-09-30,2024,9,2024-W40,Bongolava,-18.9333,45.6667,moyen,794456,0,0,0,0,0,0,0,0,0.0,0.0,0.0
2024-10-07,2024,10,2024-W41,Bongolava,-18.9333,45.6667,moyen,794456,0,0,0,0,0,0,0,0,0.0,0.0,0.0
2024-10-14,2024,10,2024-W42,Bongolava,-18.9333,45.6667,moyen,794456,0,0,0,0,0,0,0,0,0.0,0.0,0.0
2024-10-21,2024,10,2024-W43,Bongolava,-18.9333,45.6667,moyen,794456,0,0,0,0,0,0,0,0,0.0,0.0,0.0
2024-10-28,2024,10,2024-W44,Bongolava,-18.9333,45.6667,moyen,794456,0,0,0,0,0,0,0,0,0.0,0.0,0.0
2024-11-04,2024,11,2024-W45,Bongolava,-18.9333,45.6667,moyen,794456,0,0,0,0,0,0,0,0,0.0,0.0,0.0
2024-11-11,2024,11,2024-W46,Bongolava,-18.9333,45.6667,moyen,794456,0,0,0,0,0,0,0,0,0.0,0.0,0.0
2024-11-18,2024,11,2024-W47,Bongolava,-18.9333,45.6667,moyen,794456,0,0,0,0,0,0,0,0,0.0,0.0,0.0
2024-11-25,2024,11,2024-W48,Bongolava,-18.9333,45.6667,moyen,794456,0,0,0,0,0,0,0,0,0.0,0.0,0.0
2024-12-02,2024,12,2024-W49,Bongolava,-18.9333,45.6667,moyen,794456,0,0,0,0,0,0,0,0,0.0,0.0,0.0
2024-12-09,2024,12,2024-W50,Bongolava,-18.9333,45.6667,moyen,794456,0,0,0,0,0,0,0,0,0.0,0.0,0.0
2024-12-16,2024,12,2024-W51,Bongolava,-18.9333,45.6667,moyen,794456,0,0,0,0,0,0,0,0,0.0,0.0,0.0
2024-12-23,2024,12,2024-W52,Bongolava,-18.9333,45.6667,moyen,794456,0,0,0,0,0,0,0,0,0.0,0.0,0.0
2024-12-30,2024,12,2025-W01,Bongolava,-18.9333,45.6667,moyen,794456,0,0,0,0,0,0,0,0,0.0,0.0,0.0
2025-01-06,2025,1,2025-W02,Bongolava,-18.9333,45.6667,moyen,794456,0,0,0,0,0,0,0,0,0.0,0.0,0.0
2025-01-13,2025,1,2025-W03,Bongolava,-18.9333,45.6667,moyen,794456,0,0,0,0,0,0,0,0,0.0,0.0,0.0
2025-01-20,2025,1,2025-W04,Bongolava,-18.9333,45.6667,moyen,794456,0,0,0,0,0,0,0,0,0.0,0.0,0.0
2025-01-27,2025,1,2025-W05,Bongolava,-18.9333,45.6667,moyen,794456,0,0,0,0,0,0,0,0,0.0,0.0,0.0
2025-02-03,2025,2,2025-W06,Bongolava,-18.9333,45.6667,moyen,794456,0,0,0,0,0,0,0,0,0.0,0.0,0.0
2025-02-10,2025,2,2025-W07,Bongolava,-18.9333,45.6667,moyen,794456,0,0,0,0,0,0,0,0,0.0,0.0,0.0
2025-02-17,2025,2,2025-W08,Bongolava,-18.9333,45.6667,moyen,794456,0,0,0,0,0,0,0,0,0.0,0.0,0.0
2025-02-24,2025,2,2025-W09,Bongolava,-18.9333,45.6667,moyen,794456,0,0,0,0,0,0,0,0,0.0,0.0,0.0
2025-03-03,2025,3,2025-W10,Bongolava,-18.9333,45.6667,moyen,794456,0,0,0,0,0,0,0,0,0.0,0.0,0.0
2025-03-10,2025,3,2025-W11,Bongolava,-18.9333,45.6667,moyen,794456,0,0,0,0,0,0,0,0,0.0,0.0,0.0
2025-03-17,2025,3,2025-W12,Bongolava,-18.9333,45.6667,moyen,794456,0,0,0,0,0,0,0,0,0.0,0.0,0.0
2025-03-24,2025,3,2025-W13,Bongolava,-18.9333,45.6667,moyen,794456,0,0,0,0,0,0,0,0,0.0,0.0,0.0
2025-03-31,2025,3,2025-W14,Bongolava,-18.9333,45.6667,moyen,794456,0,0,0,0,0,0,0,0,0.0,0.0,0.0
2025-04-07,2025,4,2025-W15,Bongolava,-18.9333,45.6667,moyen,794456,0,0,0,0,0,0,0,0,0.0,0.0,0.0
2025-04-14,2025,4,2025-W16,Bongolava,-18.9333,45.6667,moyen,794456,0,0,0,0,0,0,0,0,0.0,0.0,0.0
2025-04-21,2025,4,2025-W17,Bongolava,-18.9333,45.6667,moyen,794456,0,0,0,0,0,0,0,0,0.0,0.0,0.0
2025-04-28,2025,4,2025-W18,Bongolava,-18.9333,45.6667,moyen,794456,0,0,0,0,0,0,0,0,0.0,0.0,0.0
2025-05-05,2025,5,2025-W19,Bongolava,-18.9333,45.6667,moyen,794456,0,0,0,0,0,0,0,0,0.0,0.0,0.0
2025-05-12,2025,5,2025-W20,Bongolava,-18.9333,45.6667,moyen,794456,0,0,0,0,0,0,0,0,0.0,0.0,0.0
2025-05-19,2025,5,2025-W21,Bongolava,-18.9333,45.6667,moyen,794456,0,0,0,0,0,0,0,0,0.0,0.0,0.0
2025-05-26,2025,5,2025-W22,Bongolava,-18.9333,45.6667,moyen,794456,0,0,0,0,0,0,0,0,0.0,0.0,0.0
2025-06-02,2025,6,2025-W23,Bongolava,-18.9333,45.6667,moyen,794456,0,0,0,0,0,0,0,0,0.0,0.0,0.0
2025-06-09,2025,6,2025-W24,Bongolava,-18.9333,45.6667,moyen,794456,0,0,0,0,0,0,0,0,0.0,0.0,0.0
2025-06-16,2025,6,2025-W25,Bongolava,-18.9333,45.6667,moyen,794456,0,0,0,0,0,0,0,0,0.0,0.0,0.0
2025-06-23,2025,6,2025-W26,Bongolava,-18.9333,45.6667,moyen,794456,0,0,0,0,0,0,0,0,0.0,0.0,0.0
2025-06-30,2025,6,2025-W27,Bongolava,-18.9333,45.6667,moyen,794456,0,0,0,0,0,0,0,0,0.0,0.0,0.0
2025-07-07,2025,7,2025-W28,Bongolava,-18.9333,45.6667,moyen,794456,0,0,0,0,0,0,0,0,0.0,0.0,0.0
2025-07-14,2025,7,2025-W29,Bongolava,-18.9333,45.6667,moyen,794456,0,0,0,0,0,0,0,0,0.0,0.0,0.0
2025-07-21,2025,7,2025-W30,Bongolava,-18.9333,45.6667,moyen,794456,0,0,0,0,0,0,0,0,0.0,0.0,0.0
2025-07-28,2025,7,2025-W31,Bongolava,-18.9333,45.6667,moyen,794456,0,0,0,0,0,0,0,0,0.0,0.0,0.0
2025-08-04,2025,8,2025-W32,Bongolava,-18.9333,45.6667,moyen,794456,0,0,0,0,0,0,0,0,0.0,0.0,0.0
2025-08-11,2025,8,2025-W33,Bongolava,-18.9333,45.6667,moyen,794456,0,0,0,0,0,0,0,0,0.0,0.0,0.0
2025-08-18,2025,8,2025-W34,Bongolava,-18.9333,45.6667,moyen,794456,0,0,0,0,0,0,0,0,0.0,0.0,0.0
2025-08-25,2025,8,2025-W35,Bongolava,-18.9333,45.6667,moyen,794456,0,0,0,0,0,0,0,0,0.0,0.0,0.0
2025-09-01,2025,9,2025-W36,Bongolava,-18.9333,45.6667,moyen,794456,0,0,0,0,0,0,0,0,0.0,0.0,0.0
2025-09-08,2025,9,2025-W37,Bongolava,-18.9333,45.6667,moyen,794456,0,0,0,0,0,0,0,0,0.0,0.0,0.0
2025-09-15,2025,9,2025-W38,Bongolava,-18.9333,45.6667,moyen,794456,0,0,0,0,0,0,0,0,0.0,0.0,0.0
2025-09-22,2025,9,2025-W39,Bongolava,-18.9333,45.6667,moyen,794456,0,0,0,0,0,0,0,0,0.0,0.0,0.0
2025-09-29,2025,9,2025-W40,Bongolava,-18.9333,45.6667,moyen,794456,0,0,0,0,0,0,0,0,0.0,0.0,0.0
2025-10-06,2025,10,2025-W41,Bongolava,-18.9333,45.6667,moyen,794456,0,0,0,0,0,0,0,0,0.0,0.0,0.0
2025-10-13,2025,10,2025-W42,Bongolava,-18.9333,45.6667,moyen,794456,0,0,0,0,0,0,0,0,0.0,0.0,0.0
2025-10-20,2025,10,2025-W43,Bongolava,-18.9333,45.6667,moyen,794456,0,0,0,0,0,0,0,0,0.0,0.0,0.0
2025-10-27,2025,10,2025-W44,Bongolava,-18.9333,45.6667,moyen,794456,0,0,0,0,0,0,0,0,0.0,0.0,0.0
2025-11-03,2025,11,2025-W45,Bongolava,-18.9333,45.6667,moyen,794456,0,0,0,0,0,0,0,0,0.0,0.0,0.0
2025-11-10,2025,11,2025-W46,Bongolava,-18.9333,45.6667,moyen,794456,0,0,0,0,0,0,0,0,0.0,0.0,0.0
2025-11-17,2025,11,2025-W47,Bongolava,-18.9333,45.6667,moyen,794456,0,0,0,0,0,0,0,0,0.0,0.0,0.0
2025-11-24,2025,11,2025-W48,Bongolava,-18.9333,45.6667,moyen,794456,0,0,0,0,0,0,0,0,0.0,0.0,0.0
2025-12-01,2025,12,2025-W49,Bongolava,-18.9333,45.6667,moyen,794456,0,0,0,0,0,0,0,0,0.0,0.0,0.0
2025-12-08,2025,12,2025-W50,Bongolava,-18.9333,45.6667,moyen,794456,0,0,0,0,0,0,0,0,0.0,0.0,0.0
2025-12-15,2025,12,2025-W51,Bongolava,-18.9333,45.6667,moyen,794456,0,0,0,0,0,0,0,0,0.0,0.0,0.0
2025-12-22,2025,12,2025-W52,Bongolava,-18.9333,45.6667,moyen,794456,0,0,0,0,0,0,0,0,0.0,0.0,0.0
2025-12-29,2025,12,2026-W01,Bongolava,-18.9333,45.6667,moyen,794456,0,0,0,0,0,0,0,0,0.0,0.0,0.0
2026-01-05,2026,1,2026-W02,Bongolava,-18.9333,45.6667,moyen,794456,0,0,0,0,0,0,0,0,0.0,0.0,0.0
2026-01-12,2026,1,2026-W03,Bongolava,-18.9333,45.6667,moyen,794456,0,0,0,0,0,0,0,0,0.0,0.0,0.0
2026-01-19,2026,1,2026-W04,Bongolava,-18.9333,45.6667,moyen,794456,0,0,0,0,0,0,0,0,0.0,0.0,0.0
2026-01-26,2026,1,2026-W05,Bongolava,-18.9333,45.6667,moyen,794456,0,0,0,0,0,0,0,0,0.0,0.0,0.0
2026-02-02,2026,2,2026-W06,Bongolava,-18.9333,45.6667,moyen,794456,0,0,0,0,0,0,0,0,0.0,0.0,0.0
2026-02-09,2026,2,2026-W07,Bongolava,-18.9333,45.6667,moyen,794456,0,0,0,0,0,0,0,0,0.0,0.0,0.0
2026-02-16,2026,2,2026-W08,Bongolava,-18.9333,45.6667,moyen,794456,0,0,0,0,0,0,0,0,0.0,0.0,0.0
2026-02-23,2026,2,2026-W09,Bongolava,-18.9333,45.6667,moyen,794456,0,0,0,0,0,0,0,0,0.0,0.0,0.0
2026-03-02,2026,3,2026-W10,Bongolava,-18.9333,45.6667,moyen,794456,0,0,0,0,0,0,0,0,0.0,0.0,0.0
2026-03-09,2026,3,2026-W11,Bongolava,-18.9333,45.6667,moyen,794456,0,0,0,0,0,0,0,0,0.0,0.0,0.0
2026-03-16,2026,3,2026-W12,Bongolava,-18.9333,45.6667,moyen,794456,0,0,0,0,0,0,0,0,0.0,0.0,0.0
2026-03-23,2026,3,2026-W13,Bongolava,-18.9333,45.6667,moyen,794456,0,0,0,0,0,0,0,0,0.0,0.0,0.0
2026-03-30,2026,3,2026-W14,Bongolava,-18.9333,45.6667,moyen,794456,0,0,0,0,0,0,0,0,0.0,0.0,0.0
2026-04-06,2026,4,2026-W15,Bongolava,-18.9333,45.6667,moyen,794456,0,0,0,0,0,0,0,0,0.0,0.0,0.0
2026-04-13,2026,4,2026-W16,Bongolava,-18.9333,45.6667,moyen,794456,0,0,0,0,0,0,0,0,0.0,0.0,0.0
2026-04-20,2026,4,2026-W17,Bongolava,-18.9333,45.6667,moyen,794456,0,0,0,0,0,0,0,0,0.0,0.0,0.0
2026-04-27,2026,4,2026-W18,Bongolava,-18.9333,45.6667,moyen,794456,0,0,0,0,0,0,0,0,0.0,0.0,0.0
2026-05-04,2026,5,2026-W19,Bongolava,-18.9333,45.6667,moyen,794456,0,0,0,0,0,0,0,0,0.0,0.0,0.0
2026-05-11,2026,5,2026-W20,Bongolava,-18.9333,45.6667,moyen,794456,0,0,0,0,0,0,0,0,0.0,0.0,0.0
2026-05-18,2026,5,2026-W21,Bongolava,-18.9333,45.6667,moyen,794456,0,0,0,0,0,0,0,0,0.0,0.0,0.0
2026-05-25,2026,5,2026-W22,Bongolava,-18.9333,45.6667,moyen,794456,0,0,0,0,0,0,0,0,0.0,0.0,0.0
2026-06-01,2026,6,2026-W23,Bongolava,-18.9333,45.6667,moyen,794456,0,0,0,0,0,0,0,0,0.0,0.0,0.0
2026-06-08,2026,6,2026-W24,Bongolava,-18.9333,45.6667,moyen,794456,0,0,0,0,0,0,0,0,0.0,0.0,0.0
2026-06-15,2026,6,2026-W25,Bongolava,-18.9333,45.6667,moyen,794456,0,0,0,0,0,0,0,0,0.0,0.0,0.0
2026-06-22,2026,6,2026-W26,Bongolava,-18.9333,45.6667,moyen,794456,0,0,0,0,0,0,0,0,0.0,0.0,0.0
2026-06-29,2026,6,2026-W27,Bongolava,-18.9333,45.6667,moyen,794456,0,0,0,0,0,0,0,0,0.0,0.0,0.0
2026-07-06,2026,7,2026-W28,Bongolava,-18.9333,45.6667,moyen,794456,0,0,0,0,0,0,0,0,0.0,0.0,0.0
2026-07-13,2026,7,2026-W29,Bongolava,-18.9333,45.6667,moyen,794456,0,0,0,0,0,0,0,0,0.0,0.0,0.0
2026-07-20,2026,7,2026-W30,Bongolava,-18.9333,45.6667,moyen,794456,0,0,0,0,0,0,0,0,0.0,0.0,0.0
2026-07-27,2026,7,2026-W31,Bongolava,-18.9333,45.6667,moyen,794456,0,0,0,0,0,0,0,0,0.0,0.0,0.0
2020-01-06,2020,1,2020-W02,Alaotra-Mangoro,-17.8333,48.4167,moyen,1479918,0,0,0,0,0,0,0,0,0.0,0.0,0.0
2020-01-13,2020,1,2020-W03,Alaotra-Mangoro,-17.8333,48.4167,moyen,1479918,0,0,0,0,0,0,0,0,0.0,0.0,0.0
2020-01-20,2020,1,2020-W04,Alaotra-Mangoro,-17.8333,48.4167,moyen,1479918,0,0,0,0,0,0,0,0,0.0,0.0,0.0
2020-01-27,2020,1,2020-W05,Alaotra-Mangoro,-17.8333,48.4167,moyen,1479918,0,0,0,0,0,0,0,0,0.0,0.0,0.0
2020-02-03,2020,2,2020-W06,Alaotra-Mangoro,-17.8333,48.4167,moyen,1479918,0,0,0,0,0,0,0,0,0.0,0.0,0.0
2020-02-10,2020,2,2020-W07,Alaotra-Mangoro,-17.8333,48.4167,moyen,1479918,0,0,0,0,0,0,0,0,0.0,0.0,0.0
2020-02-17,2020,2,2020-W08,Alaotra-Mangoro,-17.8333,48.4167,moyen,1479918,0,0,0,0,0,0,0,0,0.0,0.0,0.0
2020-02-24,2020,2,2020-W09,Alaotra-Mangoro,-17.8333,48.4167,moyen,1479918,0,0,0,0,0,0,0,0,0.0,0.0,0.0
2020-03-02,2020,3,2020-W10,Alaotra-Mangoro,-17.8333,48.4167,moyen,1479918,0,0,0,0,0,0,0,0,0.0,0.0,0.0
2020-03-09,2020,3,2020-W11,Alaotra-Mangoro,-17.8333,48.4167,moyen,1479918,0,0,0,0,0,0,0,0,0.0,0.0,0.0
2020-03-16,2020,3,2020-W12,Alaotra-Mangoro,-17.8333,48.4167,moyen,1479918,0,0,0,0,0,0,0,0,0.0,0.0,0.0
2020-03-23,2020,3,2020-W13,Alaotra-Mangoro,-17.8333,48.4167,moyen,1479918,0,0,0,0,0,0,0,0,0.0,0.0,0.0
2020-03-30,2020,3,2020-W14,Alaotra-Mangoro,-17.8333,48.4167,moyen,1479918,0,0,0,0,0,0,0,0,0.0,0.0,0.0
2020-04-06,2020,4,2020-W15,Alaotra-Mangoro,-17.8333,48.4167,moyen,1479918,0,0,0,0,0,0,0,0,0.0,0.0,0.0
2020-04-13,2020,4,2020-W16,Alaotra-Mangoro,-17.8333,48.4167,moyen,1479918,0,0,0,0,0,0,0,0,0.0,0.0,0.0
2020-04-20,2020,4,2020-W17,Alaotra-Mangoro,-17.8333,48.4167,moyen,1479918,0,0,0,0,0,0,0,0,0.0,0.0,0.0
2020-04-27,2020,4,2020-W18,Alaotra-Mangoro,-17.8333,48.4167,moyen,1479918,0,0,0,0,0,0,0,0,0.0,0.0,0.0
2020-05-04,2020,5,2020-W19,Alaotra-Mangoro,-17.8333,48.4167,moyen,1479918,0,0,0,0,0,0,0,0,0.0,0.0,0.0
2020-05-11,2020,5,2020-W20,Alaotra-Mangoro,-17.8333,48.4167,moyen,1479918,0,0,0,0,0,0,0,0,0.0,0.0,0.0
2020-05-18,2020,5,2020-W21,Alaotra-Mangoro,-17.8333,48.4167,moyen,1479918,0,0,0,0,0,0,0,0,0.0,0.0,0.0
2020-05-25,2020,5,2020-W22,Alaotra-Mangoro,-17.8333,48.4167,moyen,1479918,0,0,0,0,0,0,0,0,0.0,0.0,0.0
2020-06-01,2020,6,2020-W23,Alaotra-Mangoro,-17.8333,48.4167,moyen,1479918,0,0,0,0,0,0,0,0,0.0,0.0,0.0
2020-06-08,2020,6,2020-W24,Alaotra-Mangoro,-17.8333,48.4167,moyen,1479918,0,0,0,0,0,0,0,0,0.0,0.0,0.0
2020-06-15,2020,6,2020-W25,Alaotra-Mangoro,-17.8333,48.4167,moyen,1479918,0,0,0,0,0,0,0,0,0.0,0.0,0.0
2020-06-22,2020,6,2020-W26,Alaotra-Mangoro,-17.8333,48.4167,moyen,1479918,0,0,0,0,0,0,0,0,0.0,0.0,0.0
2020-06-29,2020,6,2020-W27,Alaotra-Mangoro,-17.8333,48.4167,moyen,1479918,0,0,0,0,0,0,0,0,0.0,0.0,0.0
2020-07-06,2020,7,2020-W28,Alaotra-Mangoro,-17.8333,48.4167,moyen,1479918,0,0,0,0,0,0,0,0,0.0,0.0,0.0
2020-07-13,2020,7,2020-W29,Alaotra-Mangoro,-17.8333,48.4167,moyen,1479918,0,0,0,0,0,0,0,0,0.0,0.0,0.0
2020-07-20,2020,7,2020-W30,Alaotra-Mangoro,-17.8333,48.4167,moyen,1479918,0,0,0,0,0,0,0,0,0.0,0.0,0.0
2020-07-27,2020,7,2020-W31,Alaotra-Mangoro,-17.8333,48.4167,moyen,1479918,0,0,0,0,0,0,0,0,0.0,0.0,0.0
2020-08-03,2020,8,2020-W32,Alaotra-Mangoro,-17.8333,48.4167,moyen,1479918,0,0,0,0,0,0,0,0,0.0,0.0,0.0
2020-08-10,2020,8,2020-W33,Alaotra-Mangoro,-17.8333,48.4167,moyen,1479918,0,0,0,0,0,0,0,0,0.0,0.0,0.0
2020-08-17,2020,8,2020-W34,Alaotra-Mangoro,-17.8333,48.4167,moyen,1479918,0,0,0,0,0,0,0,0,0.0,0.0,0.0
2020-08-24,2020,8,2020-W35,Alaotra-Mangoro,-17.8333,48.4167,moyen,1479918,0,0,0,0,0,0,0,0,0.0,0.0,0.0
2020-08-31,2020,8,2020-W36,Alaotra-Mangoro,-17.8333,48.4167,moyen,1479918,0,0,0,0,0,0,0,0,0.0,0.0,0.0
2020-09-07,2020,9,2020-W37,Alaotra-Mangoro,-17.8333,48.4167,moyen,1479918,0,0,0,0,0,0,0,0,0.0,0.0,0.0
2020-09-14,2020,9,2020-W38,Alaotra-Mangoro,-17.8333,48.4167,moyen,1479918,0,0,0,0,0,0,0,0,0.0,0.0,0.0
2020-09-21,2020,9,2020-W39,Alaotra-Mangoro,-17.8333,48.4167,moyen,1479918,0,0,0,0,0,0,0,0,0.0,0.0,0.0
2020-09-28,2020,9,2020-W40,Alaotra-Mangoro,-17.8333,48.4167,moyen,1479918,0,0,0,0,0,0,0,0,0.0,0.0,0.0
2020-10-05,2020,10,2020-W41,Alaotra-Mangoro,-17.8333,48.4167,moyen,1479918,0,0,0,0,0,0,0,0,0.0,0.0,0.0
2020-10-12,2020,10,2020-W42,Alaotra-Mangoro,-17.8333,48.4167,moyen,1479918,0,0,0,0,0,0,0,0,0.0,0.0,0.0
2020-10-19,2020,10,2020-W43,Alaotra-Mangoro,-17.8333,48.4167,moyen,1479918,0,0,0,0,0,0,0,0,0.0,0.0,0.0
2020-10-26,2020,10,2020-W44,Alaotra-Mangoro,-17.8333,48.4167,moyen,1479918,0,0,0,0,0,0,0,0,0.0,0.0,0.0
2020-11-02,2020,11,2020-W45,Alaotra-Mangoro,-17.8333,48.4167,moyen,1479918,0,0,0,0,0,0,0,0,0.0,0.0,0.0
2020-11-09,2020,11,2020-W46,Alaotra-Mangoro,-17.8333,48.4167,moyen,1479918,0,0,0,0,0,0,0,0,0.0,0.0,0.0
2020-11-16,2020,11,2020-W47,Alaotra-Mangoro,-17.8333,48.4167,moyen,1479918,0,0,0,0,0,0,0,0,0.0,0.0,0.0
2020-11-23,2020,11,2020-W48,Alaotra-Mangoro,-17.8333,48.4167,moyen,1479918,0,0,0,0,0,0,0,0,0.0,0.0,0.0
2020-11-30,2020,11,2020-W49,Alaotra-Mangoro,-17.8333,48.4167,moyen,1479918,0,0,0,0,0,0,0,0,0.0,0.0,0.0
2020-12-07,2020,12,2020-W50,Alaotra-Mangoro,-17.8333,48.4167,moyen,1479918,0,0,0,0,0,0,0,0,0.0,0.0,0.0
2020-12-14,2020,12,2020-W51,Alaotra-Mangoro,-17.8333,48.4167,moyen,1479918,0,0,0,0,0,0,0,0,0.0,0.0,0.0
2020-12-21,2020,12,2020-W52,Alaotra-Mangoro,-17.8333,48.4167,moyen,1479918,0,0,0,0,0,0,0,0,0.0,0.0,0.0
2020-12-28,2020,12,2020-W53,Alaotra-Mangoro,-17.8333,48.4167,moyen,1479918,0,0,0,0,0,0,0,0,0.0,0.0,0.0
2021-01-04,2021,1,2021-W01,Alaotra-Mangoro,-17.8333,48.4167,moyen,1479918,0,0,0,0,0,0,0,0,0.0,0.0,0.0
2021-01-11,2021,1,2021-W02,Alaotra-Mangoro,-17.8333,48.4167,moyen,1479918,0,0,0,0,0,0,0,0,0.0,0.0,0.0
2021-01-18,2021,1,2021-W03,Alaotra-Mangoro,-17.8333,48.4167,moyen,1479918,0,0,0,0,0,0,0,0,0.0,0.0,0.0
2021-01-25,2021,1,2021-W04,Alaotra-Mangoro,-17.8333,48.4167,moyen,1479918,0,0,0,0,0,0,0,0,0.0,0.0,0.0
2021-02-01,2021,2,2021-W05,Alaotra-Mangoro,-17.8333,48.4167,moyen,1479918,0,0,0,0,0,0,0,0,0.0,0.0,0.0
2021-02-08,2021,2,2021-W06,Alaotra-Mangoro,-17.8333,48.4167,moyen,1479918,0,0,0,0,0,0,0,0,0.0,0.0,0.0
2021-02-15,2021,2,2021-W07,Alaotra-Mangoro,-17.8333,48.4167,moyen,1479918,0,0,0,0,0,0,0,0,0.0,0.0,0.0
2021-02-22,2021,2,2021-W08,Alaotra-Mangoro,-17.8333,48.4167,moyen,1479918,0,0,0,0,0,0,0,0,0.0,0.0,0.0
2021-03-01,2021,3,2021-W09,Alaotra-Mangoro,-17.8333,48.4167,moyen,1479918,0,0,0,0,0,0,0,0,0.0,0.0,0.0
2021-03-08,2021,3,2021-W10,Alaotra-Mangoro,-17.8333,48.4167,moyen,1479918,0,0,0,0,0,0,0,0,0.0,0.0,0.0
2021-03-15,2021,3,2021-W11,Alaotra-Mangoro,-17.8333,48.4167,moyen,1479918,0,0,0,0,0,0,0,0,0.0,0.0,0.0
2021-03-22,2021,3,2021-W12,Alaotra-Mangoro,-17.8333,48.4167,moyen,1479918,0,0,0,0,0,0,0,0,0.0,0.0,0.0
2021-03-29,2021,3,2021-W13,Alaotra-Mangoro,-17.8333,48.4167,moyen,1479918,0,0,0,0,0,0,0,0,0.0,0.0,0.0
2021-04-05,2021,4,2021-W14,Alaotra-Mangoro,-17.8333,48.4167,moyen,1479918,0,0,0,0,0,0,0,0,0.0,0.0,0.0
2021-04-12,2021,4,2021-W15,Alaotra-Mangoro,-17.8333,48.4167,moyen,1479918,0,0,0,0,0,0,0,0,0.0,0.0,0.0
2021-04-19,2021,4,2021-W16,Alaotra-Mangoro,-17.8333,48.4167,moyen,1479918,0,0,0,0,0,0,0,0,0.0,0.0,0.0
2021-04-26,2021,4,2021-W17,Alaotra-Mangoro,-17.8333,48.4167,moyen,1479918,0,0,0,0,0,0,0,0,0.0,0.0,0.0
2021-05-03,2021,5,2021-W18,Alaotra-Mangoro,-17.8333,48.4167,moyen,1479918,0,0,0,0,0,0,0,0,0.0,0.0,0.0
2021-05-10,2021,5,2021-W19,Alaotra-Mangoro,-17.8333,48.4167,moyen,1479918,0,0,0,0,0,0,0,0,0.0,0.0,0.0
2021-05-17,2021,5,2021-W20,Alaotra-Mangoro,-17.8333,48.4167,moyen,1479918,0,0,0,0,0,0,0,0,0.0,0.0,0.0
2021-05-24,2021,5,2021-W21,Alaotra-Mangoro,-17.8333,48.4167,moyen,1479918,0,0,0,0,0,0,0,0,0.0,0.0,0.0
2021-05-31,2021,5,2021-W22,Alaotra-Mangoro,-17.8333,48.4167,moyen,1479918,0,0,0,0,0,0,0,0,0.0,0.0,0.0
2021-06-07,2021,6,2021-W23,Alaotra-Mangoro,-17.8333,48.4167,moyen,1479918,0,0,0,0,0,0,0,0,0.0,0.0,0.0
2021-06-14,2021,6,2021-W24,Alaotra-Mangoro,-17.8333,48.4167,moyen,1479918,0,0,0,0,0,0,0,0,0.0,0.0,0.0
2021-06-21,2021,6,2021-W25,Alaotra-Mangoro,-17.8333,48.4167,moyen,1479918,0,0,0,0,0,0,0,0,0.0,0.0,0.0
2021-06-28,2021,6,2021-W26,Alaotra-Mangoro,-17.8333,48.4167,moyen,1479918,0,0,0,0,0,0,0,0,0.0,0.0,0.0
2021-07-05,2021,7,2021-W27,Alaotra-Mangoro,-17.8333,48.4167,moyen,1479918,0,0,0,0,0,0,0,0,0.0,0.0,0.0
2021-07-12,2021,7,2021-W28,Alaotra-Mangoro,-17.8333,48.4167,moyen,1479918,0,0,0,0,0,0,0,0,0.0,0.0,0.0
2021-07-19,2021,7,2021-W29,Alaotra-Mangoro,-17.8333,48.4167,moyen,1479918,0,0,0,0,0,0,0,0,0.0,0.0,0.0
2021-07-26,2021,7,2021-W30,Alaotra-Mangoro,-17.8333,48.4167,moyen,1479918,0,0,0,0,0,0,0,0,0.0,0.0,0.0
2021-08-02,2021,8,2021-W31,Alaotra-Mangoro,-17.8333,48.4167,moyen,1479918,0,0,0,0,0,0,0,0,0.0,0.0,0.0
2021-08-09,2021,8,2021-W32,Alaotra-Mangoro,-17.8333,48.4167,moyen,1479918,0,0,0,0,0,0,0,0,0.0,0.0,0.0
2021-08-16,2021,8,2021-W33,Alaotra-Mangoro,-17.8333,48.4167,moyen,1479918,0,0,0,0,0,0,0,0,0.0,0.0,0.0
2021-08-23,2021,8,2021-W34,Alaotra-Mangoro,-17.8333,48.4167,moyen,1479918,0,0,0,0,0,0,0,0,0.0,0.0,0.0
2021-08-30,2021,8,2021-W35,Alaotra-Mangoro,-17.8333,48.4167,moyen,1479918,0,0,0,0,0,0,0,0,0.0,0.0,0.0
2021-09-06,2021,9,2021-W36,Alaotra-Mangoro,-17.8333,48.4167,moyen,1479918,0,0,0,0,0,0,0,0,0.0,0.0,0.0
2021-09-13,2021,9,2021-W37,Alaotra-Mangoro,-17.8333,48.4167,moyen,1479918,0,0,0,0,0,0,0,0,0.0,0.0,0.0
2021-09-20,2021,9,2021-W38,Alaotra-Mangoro,-17.8333,48.4167,moyen,1479918,0,0,0,0,0,0,0,0,0.0,0.0,0.0
2021-09-27,2021,9,2021-W39,Alaotra-Mangoro,-17.8333,48.4167,moyen,1479918,0,0,0,0,0,0,0,0,0.0,0.0,0.0
2021-10-04,2021,10,2021-W40,Alaotra-Mangoro,-17.8333,48.4167,moyen,1479918,0,0,0,0,0,0,0,0,0.0,0.0,0.0
2021-10-11,2021,10,2021-W41,Alaotra-Mangoro,-17.8333,48.4167,moyen,1479918,0,0,0,0,0,0,0,0,0.0,0.0,0.0
2021-10-18,2021,10,2021-W42,Alaotra-Mangoro,-17.8333,48.4167,moyen,1479918,0,0,0,0,0,0,0,0,0.0,0.0,0.0
2021-10-25,2021,10,2021-W43,Alaotra-Mangoro,-17.8333,48.4167,moyen,1479918,0,0,0,0,0,0,0,0,0.0,0.0,0.0
2021-11-01,2021,11,2021-W44,Alaotra-Mangoro,-17.8333,48.4167,moyen,1479918,0,0,0,0,0,0,0,0,0.0,0.0,0.0
2021-11-08,2021,11,2021-W45,Alaotra-Mangoro,-17.8333,48.4167,moyen,1479918,0,0,0,0,0,0,0,0,0.0,0.0,0.0
2021-11-15,2021,11,2021-W46,Alaotra-Mangoro,-17.8333,48.4167,moyen,1479918,0,0,0,0,0,0,0,0,0.0,0.0,0.0
2021-11-22,2021,11,2021-W47,Alaotra-Mangoro,-17.8333,48.4167,moyen,1479918,0,0,0,0,0,0,0,0,0.0,0.0,0.0
2021-11-29,2021,11,2021-W48,Alaotra-Mangoro,-17.8333,48.4167,moyen,1479918,0,0,0,0,0,0,0,0,0.0,0.0,0.0
2021-12-06,2021,12,2021-W49,Alaotra-Mangoro,-17.8333,48.4167,moyen,1479918,0,0,0,0,0,0,0,0,0.0,0.0,0.0
2021-12-13,2021,12,2021-W50,Alaotra-Mangoro,-17.8333,48.4167,moyen,1479918,0,0,0,0,0,0,0,0,0.0,0.0,0.0
2021-12-20,2021,12,2021-W51,Alaotra-Mangoro,-17.8333,48.4167,moyen,1479918,0,0,0,0,0,0,0,0,0.0,0.0,0.0
2021-12-27,2021,12,2021-W52,Alaotra-Mangoro,-17.8333,48.4167,moyen,1479918,0,0,0,0,0,0,0,0,0.0,0.0,0.0
2022-01-03,2022,1,2022-W01,Alaotra-Mangoro,-17.8333,48.4167,moyen,1479918,0,0,0,0,0,0,0,0,0.0,0.0,0.0
2022-01-10,2022,1,2022-W02,Alaotra-Mangoro,-17.8333,48.4167,moyen,1479918,0,0,0,0,0,0,0,0,0.0,0.0,0.0
2022-01-17,2022,1,2022-W03,Alaotra-Mangoro,-17.8333,48.4167,moyen,1479918,0,0,0,0,0,0,0,0,0.0,0.0,0.0
2022-01-24,2022,1,2022-W04,Alaotra-Mangoro,-17.8333,48.4167,moyen,1479918,0,0,0,0,0,0,0,0,0.0,0.0,0.0
2022-01-31,2022,1,2022-W05,Alaotra-Mangoro,-17.8333,48.4167,moyen,1479918,0,0,0,0,0,0,0,0,0.0,0.0,0.0
2022-02-07,2022,2,2022-W06,Alaotra-Mangoro,-17.8333,48.4167,moyen,1479918,0,0,0,0,0,0,0,0,0.0,0.0,0.0
2022-02-14,2022,2,2022-W07,Alaotra-Mangoro,-17.8333,48.4167,moyen,1479918,0,0,0,0,0,0,0,0,0.0,0.0,0.0
2022-02-21,2022,2,2022-W08,Alaotra-Mangoro,-17.8333,48.4167,moyen,1479918,0,0,0,0,0,0,0,0,0.0,0.0,0.0
2022-02-28,2022,2,2022-W09,Alaotra-Mangoro,-17.8333,48.4167,moyen,1479918,0,0,0,0,0,0,0,0,0.0,0.0,0.0
2022-03-07,2022,3,2022-W10,Alaotra-Mangoro,-17.8333,48.4167,moyen,1479918,0,0,0,0,0,0,0,0,0.0,0.0,0.0
2022-03-14,2022,3,2022-W11,Alaotra-Mangoro,-17.8333,48.4167,moyen,1479918,0,0,0,0,0,0,0,0,0.0,0.0,0.0
2022-03-21,2022,3,2022-W12,Alaotra-Mangoro,-17.8333,48.4167,moyen,1479918,0,0,0,0,0,0,0,0,0.0,0.0,0.0
2022-03-28,2022,3,2022-W13,Alaotra-Mangoro,-17.8333,48.4167,moyen,1479918,0,0,0,0,0,0,0,0,0.0,0.0,0.0
2022-04-04,2022,4,2022-W14,Alaotra-Mangoro,-17.8333,48.4167,moyen,1479918,0,0,0,0,0,0,0,0,0.0,0.0,0.0
2022-04-11,2022,4,2022-W15,Alaotra-Mangoro,-17.8333,48.4167,moyen,1479918,0,0,0,0,0,0,0,0,0.0,0.0,0.0
2022-04-18,2022,4,2022-W16,Alaotra-Mangoro,-17.8333,48.4167,moyen,1479918,0,0,0,0,0,0,0,0,0.0,0.0,0.0
2022-04-25,2022,4,2022-W17,Alaotra-Mangoro,-17.8333,48.4167,moyen,1479918,0,0,0,0,0,0,0,0,0.0,0.0,0.0
2022-05-02,2022,5,2022-W18,Alaotra-Mangoro,-17.8333,48.4167,moyen,1479918,0,0,0,0,0,0,0,0,0.0,0.0,0.0
2022-05-09,2022,5,2022-W19,Alaotra-Mangoro,-17.8333,48.4167,moyen,1479918,0,0,0,0,0,0,0,0,0.0,0.0,0.0
2022-05-16,2022,5,2022-W20,Alaotra-Mangoro,-17.8333,48.4167,moyen,1479918,0,0,0,0,0,0,0,0,0.0,0.0,0.0
2022-05-23,2022,5,2022-W21,Alaotra-Mangoro,-17.8333,48.4167,moyen,1479918,0,0,0,0,0,0,0,0,0.0,0.0,0.0
2022-05-30,2022,5,2022-W22,Alaotra-Mangoro,-17.8333,48.4167,moyen,1479918,0,0,0,0,0,0,0,0,0.0,0.0,0.0
2022-06-06,2022,6,2022-W23,Alaotra-Mangoro,-17.8333,48.4167,moyen,1479918,0,0,0,0,0,0,0,0,0.0,0.0,0.0
2022-06-13,2022,6,2022-W24,Alaotra-Mangoro,-17.8333,48.4167,moyen,1479918,0,0,0,0,0,0,0,0,0.0,0.0,0.0
2022-06-20,2022,6,2022-W25,Alaotra-Mangoro,-17.8333,48.4167,moyen,1479918,0,0,0,0,0,0,0,0,0.0,0.0,0.0
2022-06-27,2022,6,2022-W26,Alaotra-Mangoro,-17.8333,48.4167,moyen,1479918,0,0,0,0,0,0,0,0,0.0,0.0,0.0
2022-07-04,2022,7,2022-W27,Alaotra-Mangoro,-17.8333,48.4167,moyen,1479918,0,0,0,0,0,0,0,0,0.0,0.0,0.0
2022-07-11,2022,7,2022-W28,Alaotra-Mangoro,-17.8333,48.4167,moyen,1479918,0,0,0,0,0,0,0,0,0.0,0.0,0.0
2022-07-18,2022,7,2022-W29,Alaotra-Mangoro,-17.8333,48.4167,moyen,1479918,0,0,0,0,0,0,0,0,0.0,0.0,0.0
2022-07-25,2022,7,2022-W30,Alaotra-Mangoro,-17.8333,48.4167,moyen,1479918,0,0,0,0,0,0,0,0,0.0,0.0,0.0
2022-08-01,2022,8,2022-W31,Alaotra-Mangoro,-17.8333,48.4167,moyen,1479918,0,0,0,0,0,0,0,0,0.0,0.0,0.0
2022-08-08,2022,8,2022-W32,Alaotra-Mangoro,-17.8333,48.4167,moyen,1479918,0,0,0,0,0,0,0,0,0.0,0.0,0.0
2022-08-15,2022,8,2022-W33,Alaotra-Mangoro,-17.8333,48.4167,moyen,1479918,0,0,0,0,0,0,0,0,0.0,0.0,0.0
2022-08-22,2022,8,2022-W34,Alaotra-Mangoro,-17.8333,48.4167,moyen,1479918,0,0,0,0,0,0,0,0,0.0,0.0,0.0
2022-08-29,2022,8,2022-W35,Alaotra-Mangoro,-17.8333,48.4167,moyen,1479918,0,0,0,0,0,0,0,0,0.0,0.0,0.0
2022-09-05,2022,9,2022-W36,Alaotra-Mangoro,-17.8333,48.4167,moyen,1479918,0,0,0,0,0,0,0,0,0.0,0.0,0.0
2022-09-12,2022,9,2022-W37,Alaotra-Mangoro,-17.8333,48.4167,moyen,1479918,0,0,0,0,0,0,0,0,0.0,0.0,0.0
2022-09-19,2022,9,2022-W38,Alaotra-Mangoro,-17.8333,48.4167,moyen,1479918,0,0,0,0,0,0,0,0,0.0,0.0,0.0
2022-09-26,2022,9,2022-W39,Alaotra-Mangoro,-17.8333,48.4167,moyen,1479918,0,0,0,0,0,0,0,0,0.0,0.0,0.0
2022-10-03,2022,10,2022-W40,Alaotra-Mangoro,-17.8333,48.4167,moyen,1479918,0,0,0,0,0,0,0,0,0.0,0.0,0.0
2022-10-10,2022,10,2022-W41,Alaotra-Mangoro,-17.8333,48.4167,moyen,1479918,0,0,0,0,0,0,0,0,0.0,0.0,0.0
2022-10-17,2022,10,2022-W42,Alaotra-Mangoro,-17.8333,48.4167,moyen,1479918,0,0,0,0,0,0,0,0,0.0,0.0,0.0
2022-10-24,2022,10,2022-W43,Alaotra-Mangoro,-17.8333,48.4167,moyen,1479918,0,0,0,0,0,0,0,0,0.0,0.0,0.0
2022-10-31,2022,10,2022-W44,Alaotra-Mangoro,-17.8333,48.4167,moyen,1479918,0,0,0,0,0,0,0,0,0.0,0.0,0.0
2022-11-07,2022,11,2022-W45,Alaotra-Mangoro,-17.8333,48.4167,moyen,1479918,0,0,0,0,0,0,0,0,0.0,0.0,0.0
2022-11-14,2022,11,2022-W46,Alaotra-Mangoro,-17.8333,48.4167,moyen,1479918,0,0,0,0,0,0,0,0,0.0,0.0,0.0
2022-11-21,2022,11,2022-W47,Alaotra-Mangoro,-17.8333,48.4167,moyen,1479918,0,0,0,0,0,0,0,0,0.0,0.0,0.0
2022-11-28,2022,11,2022-W48,Alaotra-Mangoro,-17.8333,48.4167,moyen,1479918,0,0,0,0,0,0,0,0,0.0,0.0,0.0
2022-12-05,2022,12,2022-W49,Alaotra-Mangoro,-17.8333,48.4167,moyen,1479918,0,0,0,0,0,0,0,0,0.0,0.0,0.0
2022-12-12,2022,12,2022-W50,Alaotra-Mangoro,-17.8333,48.4167,moyen,1479918,0,0,0,0,0,0,0,0,0.0,0.0,0.0
2022-12-19,2022,12,2022-W51,Alaotra-Mangoro,-17.8333,48.4167,moyen,1479918,0,0,0,0,0,0,0,0,0.0,0.0,0.0
2022-12-26,2022,12,2022-W52,Alaotra-Mangoro,-17.8333,48.4167,moyen,1479918,0,0,0,0,0,0,0,0,0.0,0.0,0.0
2023-01-02,2023,1,2023-W01,Alaotra-Mangoro,-17.8333,48.4167,moyen,1479918,0,0,0,0,0,0,0,0,0.0,0.0,0.0
2023-01-09,2023,1,2023-W02,Alaotra-Mangoro,-17.8333,48.4167,moyen,1479918,0,0,0,0,0,0,0,0,0.0,0.0,0.0
2023-01-16,2023,1,2023-W03,Alaotra-Mangoro,-17.8333,48.4167,moyen,1479918,0,0,0,0,0,0,0,0,0.0,0.0,0.0
2023-01-23,2023,1,2023-W04,Alaotra-Mangoro,-17.8333,48.4167,moyen,1479918,0,0,0,0,0,0,0,0,0.0,0.0,0.0
2023-01-30,2023,1,2023-W05,Alaotra-Mangoro,-17.8333,48.4167,moyen,1479918,0,0,0,0,0,0,0,0,0.0,0.0,0.0
2023-02-06,2023,2,2023-W06,Alaotra-Mangoro,-17.8333,48.4167,moyen,1479918,0,0,0,0,0,0,0,0,0.0,0.0,0.0
2023-02-13,2023,2,2023-W07,Alaotra-Mangoro,-17.8333,48.4167,moyen,1479918,0,0,0,0,0,0,0,0,0.0,0.0,0.0
2023-02-20,2023,2,2023-W08,Alaotra-Mangoro,-17.8333,48.4167,moyen,1479918,0,0,0,0,0,0,0,0,0.0,0.0,0.0
2023-02-27,2023,2,2023-W09,Alaotra-Mangoro,-17.8333,48.4167,moyen,1479918,0,0,0,0,0,0,0,0,0.0,0.0,0.0
2023-03-06,2023,3,2023-W10,Alaotra-Mangoro,-17.8333,48.4167,moyen,1479918,0,0,0,0,0,0,0,0,0.0,0.0,0.0
2023-03-13,2023,3,2023-W11,Alaotra-Mangoro,-17.8333,48.4167,moyen,1479918,0,0,0,0,0,0,0,0,0.0,0.0,0.0
2023-03-20,2023,3,2023-W12,Alaotra-Mangoro,-17.8333,48.4167,moyen,1479918,0,0,0,0,0,0,0,0,0.0,0.0,0.0
2023-03-27,2023,3,2023-W13,Alaotra-Mangoro,-17.8333,48.4167,moyen,1479918,0,0,0,0,0,0,0,0,0.0,0.0,0.0
2023-04-03,2023,4,2023-W14,Alaotra-Mangoro,-17.8333,48.4167,moyen,1479918,0,0,0,0,0,0,0,0,0.0,0.0,0.0
2023-04-10,2023,4,2023-W15,Alaotra-Mangoro,-17.8333,48.4167,moyen,1479918,0,0,0,0,0,0,0,0,0.0,0.0,0.0
2023-04-17,2023,4,2023-W16,Alaotra-Mangoro,-17.8333,48.4167,moyen,1479918,0,0,0,0,0,0,0,0,0.0,0.0,0.0
2023-04-24,2023,4,2023-W17,Alaotra-Mangoro,-17.8333,48.4167,moyen,1479918,0,0,0,0,0,0,0,0,0.0,0.0,0.0
2023-05-01,2023,5,2023-W18,Alaotra-Mangoro,-17.8333,48.4167,moyen,1479918,0,0,0,0,0,0,0,0,0.0,0.0,0.0
2023-05-08,2023,5,2023-W19,Alaotra-Mangoro,-17.8333,48.4167,moyen,1479918,0,0,0,0,0,0,0,0,0.0,0.0,0.0
2023-05-15,2023,5,2023-W20,Alaotra-Mangoro,-17.8333,48.4167,moyen,1479918,0,0,0,0,0,0,0,0,0.0,0.0,0.0
2023-05-22,2023,5,2023-W21,Alaotra-Mangoro,-17.8333,48.4167,moyen,1479918,0,0,0,0,0,0,0,0,0.0,0.0,0.0
2023-05-29,2023,5,2023-W22,Alaotra-Mangoro,-17.8333,48.4167,moyen,1479918,0,0,0,0,0,0,0,0,0.0,0.0,0.0
2023-06-05,2023,6,2023-W23,Alaotra-Mangoro,-17.8333,48.4167,moyen,1479918,0,0,0,0,0,0,0,0,0.0,0.0,0.0
2023-06-12,2023,6,2023-W24,Alaotra-Mangoro,-17.8333,48.4167,moyen,1479918,0,0,0,0,0,0,0,0,0.0,0.0,0.0
2023-06-19,2023,6,2023-W25,Alaotra-Mangoro,-17.8333,48.4167,moyen,1479918,0,0,0,0,0,0,0,0,0.0,0.0,0.0
2023-06-26,2023,6,2023-W26,Alaotra-Mangoro,-17.8333,48.4167,moyen,1479918,0,0,0,0,0,0,0,0,0.0,0.0,0.0
2023-07-03,2023,7,2023-W27,Alaotra-Mangoro,-17.8333,48.4167,moyen,1479918,0,0,0,0,0,0,0,0,0.0,0.0,0.0
2023-07-10,2023,7,2023-W28,Alaotra-Mangoro,-17.8333,48.4167,moyen,1479918,0,0,0,0,0,0,0,0,0.0,0.0,0.0
2023-07-17,2023,7,2023-W29,Alaotra-Mangoro,-17.8333,48.4167,moyen,1479918,0,0,0,0,0,0,0,0,0.0,0.0,0.0
2023-07-24,2023,7,2023-W30,Alaotra-Mangoro,-17.8333,48.4167,moyen,1479918,0,0,0,0,0,0,0,0,0.0,0.0,0.0
2023-07-31,2023,7,2023-W31,Alaotra-Mangoro,-17.8333,48.4167,moyen,1479918,0,0,0,0,0,0,0,0,0.0,0.0,0.0
2023-08-07,2023,8,2023-W32,Alaotra-Mangoro,-17.8333,48.4167,moyen,1479918,0,0,0,0,0,0,0,0,0.0,0.0,0.0
2023-08-14,2023,8,2023-W33,Alaotra-Mangoro,-17.8333,48.4167,moyen,1479918,0,0,0,0,0,0,0,0,0.0,0.0,0.0
2023-08-21,2023,8,2023-W34,Alaotra-Mangoro,-17.8333,48.4167,moyen,1479918,0,0,0,0,0,0,0,0,0.0,0.0,0.0
2023-08-28,2023,8,2023-W35,Alaotra-Mangoro,-17.8333,48.4167,moyen,1479918,0,0,0,0,0,0,0,0,0.0,0.0,0.0
2023-09-04,2023,9,2023-W36,Alaotra-Mangoro,-17.8333,48.4167,moyen,1479918,0,0,0,0,0,0,0,0,0.0,0.0,0.0
2023-09-11,2023,9,2023-W37,Alaotra-Mangoro,-17.8333,48.4167,moyen,1479918,0,0,0,0,0,0,0,0,0.0,0.0,0.0
2023-09-18,2023,9,2023-W38,Alaotra-Mangoro,-17.8333,48.4167,moyen,1479918,0,0,0,0,0,0,0,0,0.0,0.0,0.0
2023-09-25,2023,9,2023-W39,Alaotra-Mangoro,-17.8333,48.4167,moyen,1479918,0,0,0,0,0,0,0,0,0.0,0.0,0.0
2023-10-02,2023,10,2023-W40,Alaotra-Mangoro,-17.8333,48.4167,moyen,1479918,0,0,0,0,0,0,0,0,0.0,0.0,0.0
2023-10-09,2023,10,2023-W41,Alaotra-Mangoro,-17.8333,48.4167,moyen,1479918,0,0,0,0,0,0,0,0,0.0,0.0,0.0
2023-10-16,2023,10,2023-W42,Alaotra-Mangoro,-17.8333,48.4167,moyen,1479918,0,0,0,0,0,0,0,0,0.0,0.0,0.0
2023-10-23,2023,10,2023-W43,Alaotra-Mangoro,-17.8333,48.4167,moyen,1479918,0,0,0,0,0,0,0,0,0.0,0.0,0.0
2023-10-30,2023,10,2023-W44,Alaotra-Mangoro,-17.8333,48.4167,moyen,1479918,0,0,0,0,0,0,0,0,0.0,0.0,0.0
2023-11-06,2023,11,2023-W45,Alaotra-Mangoro,-17.8333,48.4167,moyen,1479918,0,0,0,0,0,0,0,0,0.0,0.0,0.0
2023-11-13,2023,11,2023-W46,Alaotra-Mangoro,-17.8333,48.4167,moyen,1479918,0,0,0,0,0,0,0,0,0.0,0.0,0.0
2023-11-20,2023,11,2023-W47,Alaotra-Mangoro,-17.8333,48.4167,moyen,1479918,0,0,0,0,0,0,0,0,0.0,0.0,0.0
2023-11-27,2023,11,2023-W48,Alaotra-Mangoro,-17.8333,48.4167,moyen,1479918,0,0,0,0,0,0,0,0,0.0,0.0,0.0
2023-12-04,2023,12,2023-W49,Alaotra-Mangoro,-17.8333,48.4167,moyen,1479918,0,0,0,0,0,0,0,0,0.0,0.0,0.0
2023-12-11,2023,12,2023-W50,Alaotra-Mangoro,-17.8333,48.4167,moyen,1479918,0,0,0,0,0,0,0,0,0.0,0.0,0.0
2023-12-18,2023,12,2023-W51,Alaotra-Mangoro,-17.8333,48.4167,moyen,1479918,0,0,0,0,0,0,0,0,0.0,0.0,0.0
2023-12-25,2023,12,2023-W52,Alaotra-Mangoro,-17.8333,48.4167,moyen,1479918,0,0,0,0,0,0,0,0,0.0,0.0,0.0
2024-01-01,2024,1,2024-W01,Alaotra-Mangoro,-17.8333,48.4167,moyen,1479918,0,0,0,0,0,0,0,0,0.0,0.0,0.0
2024-01-08,2024,1,2024-W02,Alaotra-Mangoro,-17.8333,48.4167,moyen,1479918,0,0,0,0,0,0,0,0,0.0,0.0,0.0
2024-01-15,2024,1,2024-W03,Alaotra-Mangoro,-17.8333,48.4167,moyen,1479918,0,0,0,0,0,0,0,0,0.0,0.0,0.0
2024-01-22,2024,1,2024-W04,Alaotra-Mangoro,-17.8333,48.4167,moyen,1479918,0,0,0,0,0,0,0,0,0.0,0.0,0.0
2024-01-29,2024,1,2024-W05,Alaotra-Mangoro,-17.8333,48.4167,moyen,1479918,0,0,0,0,0,0,0,0,0.0,0.0,0.0
2024-02-05,2024,2,2024-W06,Alaotra-Mangoro,-17.8333,48.4167,moyen,1479918,0,0,0,0,0,0,0,0,0.0,0.0,0.0
2024-02-12,2024,2,2024-W07,Alaotra-Mangoro,-17.8333,48.4167,moyen,1479918,0,0,0,0,0,0,0,0,0.0,0.0,0.0
2024-02-19,2024,2,2024-W08,Alaotra-Mangoro,-17.8333,48.4167,moyen,1479918,0,0,0,0,0,0,0,0,0.0,0.0,0.0
2024-02-26,2024,2,2024-W09,Alaotra-Mangoro,-17.8333,48.4167,moyen,1479918,0,0,0,0,0,0,0,0,0.0,0.0,0.0
2024-03-04,2024,3,2024-W10,Alaotra-Mangoro,-17.8333,48.4167,moyen,1479918,0,0,0,0,0,0,0,0,0.0,0.0,0.0
2024-03-11,2024,3,2024-W11,Alaotra-Mangoro,-17.8333,48.4167,moyen,1479918,0,0,0,0,0,0,0,0,0.0,0.0,0.0
2024-03-18,2024,3,2024-W12,Alaotra-Mangoro,-17.8333,48.4167,moyen,1479918,0,0,0,0,0,0,0,0,0.0,0.0,0.0
2024-03-25,2024,3,2024-W13,Alaotra-Mangoro,-17.8333,48.4167,moyen,1479918,0,0,0,0,0,0,0,0,0.0,0.0,0.0
2024-04-01,2024,4,2024-W14,Alaotra-Mangoro,-17.8333,48.4167,moyen,1479918,0,0,0,0,0,0,0,0,0.0,0.0,0.0
2024-04-08,2024,4,2024-W15,Alaotra-Mangoro,-17.8333,48.4167,moyen,1479918,0,0,0,0,0,0,0,0,0.0,0.0,0.0
2024-04-15,2024,4,2024-W16,Alaotra-Mangoro,-17.8333,48.4167,moyen,1479918,0,0,0,0,0,0,0,0,0.0,0.0,0.0
2024-04-22,2024,4,2024-W17,Alaotra-Mangoro,-17.8333,48.4167,moyen,1479918,0,0,0,0,0,0,0,0,0.0,0.0,0.0
2024-04-29,2024,4,2024-W18,Alaotra-Mangoro,-17.8333,48.4167,moyen,1479918,0,0,0,0,0,0,0,0,0.0,0.0,0.0
2024-05-06,2024,5,2024-W19,Alaotra-Mangoro,-17.8333,48.4167,moyen,1479918,0,0,0,0,0,0,0,0,0.0,0.0,0.0
2024-05-13,2024,5,2024-W20,Alaotra-Mangoro,-17.8333,48.4167,moyen,1479918,0,0,0,0,0,0,0,0,0.0,0.0,0.0
2024-05-20,2024,5,2024-W21,Alaotra-Mangoro,-17.8333,48.4167,moyen,1479918,0,0,0,0,0,0,0,0,0.0,0.0,0.0
2024-05-27,2024,5,2024-W22,Alaotra-Mangoro,-17.8333,48.4167,moyen,1479918,0,0,0,0,0,0,0,0,0.0,0.0,0.0
2024-06-03,2024,6,2024-W23,Alaotra-Mangoro,-17.8333,48.4167,moyen,1479918,0,0,0,0,0,0,0,0,0.0,0.0,0.0
2024-06-10,2024,6,2024-W24,Alaotra-Mangoro,-17.8333,48.4167,moyen,1479918,0,0,0,0,0,0,0,0,0.0,0.0,0.0
2024-06-17,2024,6,2024-W25,Alaotra-Mangoro,-17.8333,48.4167,moyen,1479918,0,0,0,0,0,0,0,0,0.0,0.0,0.0
2024-06-24,2024,6,2024-W26,Alaotra-Mangoro,-17.8333,48.4167,moyen,1479918,0,0,0,0,0,0,0,0,0.0,0.0,0.0
2024-07-01,2024,7,2024-W27,Alaotra-Mangoro,-17.8333,48.4167,moyen,1479918,0,0,0,0,0,0,0,0,0.0,0.0,0.0
2024-07-08,2024,7,2024-W28,Alaotra-Mangoro,-17.8333,48.4167,moyen,1479918,0,0,0,0,0,0,0,0,0.0,0.0,0.0
2024-07-15,2024,7,2024-W29,Alaotra-Mangoro,-17.8333,48.4167,moyen,1479918,0,0,0,0,0,0,0,0,0.0,0.0,0.0
2024-07-22,2024,7,2024-W30,Alaotra-Mangoro,-17.8333,48.4167,moyen,1479918,0,0,0,0,0,0,0,0,0.0,0.0,0.0
2024-07-29,2024,7,2024-W31,Alaotra-Mangoro,-17.8333,48.4167,moyen,1479918,0,0,0,0,0,0,0,0,0.0,0.0,0.0
2024-08-05,2024,8,2024-W32,Alaotra-Mangoro,-17.8333,48.4167,moyen,1479918,0,0,0,0,0,0,0,0,0.0,0.0,0.0
2024-08-12,2024,8,2024-W33,Alaotra-Mangoro,-17.8333,48.4167,moyen,1479918,0,0,0,0,0,0,0,0,0.0,0.0,0.0
2024-08-19,2024,8,2024-W34,Alaotra-Mangoro,-17.8333,48.4167,moyen,1479918,0,0,0,0,0,0,0,0,0.0,0.0,0.0
2024-08-26,2024,8,2024-W35,Alaotra-Mangoro,-17.8333,48.4167,moyen,1479918,0,0,0,0,0,0,0,0,0.0,0.0,0.0
2024-09-02,2024,9,2024-W36,Alaotra-Mangoro,-17.8333,48.4167,moyen,1479918,0,0,0,0,0,0,0,0,0.0,0.0,0.0
2024-09-09,2024,9,2024-W37,Alaotra-Mangoro,-17.8333,48.4167,moyen,1479918,0,0,0,0,0,0,0,0,0.0,0.0,0.0
2024-09-16,2024,9,2024-W38,Alaotra-Mangoro,-17.8333,48.4167,moyen,1479918,0,0,0,0,0,0,0,0,0.0,0.0,0.0
2024-09-23,2024,9,2024-W39,Alaotra-Mangoro,-17.8333,48.4167,moyen,1479918,0,0,0,0,0,0,0,0,0.0,0.0,0.0
2024-09-30,2024,9,2024-W40,Alaotra-Mangoro,-17.8333,48.4167,moyen,1479918,0,0,0,0,0,0,0,0,0.0,0.0,0.0
2024-10-07,2024,10,2024-W41,Alaotra-Mangoro,-17.8333,48.4167,moyen,1479918,0,0,0,0,0,0,0,0,0.0,0.0,0.0
2024-10-14,2024,10,2024-W42,Alaotra-Mangoro,-17.8333,48.4167,moyen,1479918,0,0,0,0,0,0,0,0,0.0,0.0,0.0
2024-10-21,2024,10,2024-W43,Alaotra-Mangoro,-17.8333,48.4167,moyen,1479918,0,0,0,0,0,0,0,0,0.0,0.0,0.0
2024-10-28,2024,10,2024-W44,Alaotra-Mangoro,-17.8333,48.4167,moyen,1479918,0,0,0,0,0,0,0,0,0.0,0.0,0.0
2024-11-04,2024,11,2024-W45,Alaotra-Mangoro,-17.8333,48.4167,moyen,1479918,0,0,0,0,0,0,0,0,0.0,0.0,0.0
2024-11-11,2024,11,2024-W46,Alaotra-Mangoro,-17.8333,48.4167,moyen,1479918,0,0,0,0,0,0,0,0,0.0,0.0,0.0
2024-11-18,2024,11,2024-W47,Alaotra-Mangoro,-17.8333,48.4167,moyen,1479918,0,0,0,0,0,0,0,0,0.0,0.0,0.0
2024-11-25,2024,11,2024-W48,Alaotra-Mangoro,-17.8333,48.4167,moyen,1479918,0,0,0,0,0,0,0,0,0.0,0.0,0.0
2024-12-02,2024,12,2024-W49,Alaotra-Mangoro,-17.8333,48.4167,moyen,1479918,0,0,0,0,0,0,0,0,0.0,0.0,0.0
2024-12-09,2024,12,2024-W50,Alaotra-Mangoro,-17.8333,48.4167,moyen,1479918,0,0,0,0,0,0,0,0,0.0,0.0,0.0
2024-12-16,2024,12,2024-W51,Alaotra-Mangoro,-17.8333,48.4167,moyen,1479918,0,0,0,0,0,0,0,0,0.0,0.0,0.0
2024-12-23,2024,12,2024-W52,Alaotra-Mangoro,-17.8333,48.4167,moyen,1479918,0,0,0,0,0,0,0,0,0.0,0.0,0.0
2024-12-30,2024,12,2025-W01,Alaotra-Mangoro,-17.8333,48.4167,moyen,1479918,0,0,0,0,0,0,0,0,0.0,0.0,0.0
2025-01-06,2025,1,2025-W02,Alaotra-Mangoro,-17.8333,48.4167,moyen,1479918,0,0,0,0,0,0,0,0,0.0,0.0,0.0
2025-01-13,2025,1,2025-W03,Alaotra-Mangoro,-17.8333,48.4167,moyen,1479918,0,0,0,0,0,0,0,0,0.0,0.0,0.0
2025-01-20,2025,1,2025-W04,Alaotra-Mangoro,-17.8333,48.4167,moyen,1479918,0,0,0,0,0,0,0,0,0.0,0.0,0.0
2025-01-27,2025,1,2025-W05,Alaotra-Mangoro,-17.8333,48.4167,moyen,1479918,0,0,0,0,0,0,0,0,0.0,0.0,0.0
2025-02-03,2025,2,2025-W06,Alaotra-Mangoro,-17.8333,48.4167,moyen,1479918,0,0,0,0,0,0,0,0,0.0,0.0,0.0
2025-02-10,2025,2,2025-W07,Alaotra-Mangoro,-17.8333,48.4167,moyen,1479918,0,0,0,0,0,0,0,0,0.0,0.0,0.0
2025-02-17,2025,2,2025-W08,Alaotra-Mangoro,-17.8333,48.4167,moyen,1479918,0,0,0,0,0,0,0,0,0.0,0.0,0.0
2025-02-24,2025,2,2025-W09,Alaotra-Mangoro,-17.8333,48.4167,moyen,1479918,0,0,0,0,0,0,0,0,0.0,0.0,0.0
2025-03-03,2025,3,2025-W10,Alaotra-Mangoro,-17.8333,48.4167,moyen,1479918,0,0,0,0,0,0,0,0,0.0,0.0,0.0
2025-03-10,2025,3,2025-W11,Alaotra-Mangoro,-17.8333,48.4167,moyen,1479918,0,0,0,0,0,0,0,0,0.0,0.0,0.0
2025-03-17,2025,3,2025-W12,Alaotra-Mangoro,-17.8333,48.4167,moyen,1479918,0,0,0,0,0,0,0,0,0.0,0.0,0.0
2025-03-24,2025,3,2025-W13,Alaotra-Mangoro,-17.8333,48.4167,moyen,1479918,0,0,0,0,0,0,0,0,0.0,0.0,0.0
2025-03-31,2025,3,2025-W14,Alaotra-Mangoro,-17.8333,48.4167,moyen,1479918,0,0,0,0,0,0,0,0,0.0,0.0,0.0
2025-04-07,2025,4,2025-W15,Alaotra-Mangoro,-17.8333,48.4167,moyen,1479918,0,0,0,0,0,0,0,0,0.0,0.0,0.0
2025-04-14,2025,4,2025-W16,Alaotra-Mangoro,-17.8333,48.4167,moyen,1479918,0,0,0,0,0,0,0,0,0.0,0.0,0.0
2025-04-21,2025,4,2025-W17,Alaotra-Mangoro,-17.8333,48.4167,moyen,1479918,0,0,0,0,0,0,0,0,0.0,0.0,0.0
2025-04-28,2025,4,2025-W18,Alaotra-Mangoro,-17.8333,48.4167,moyen,1479918,0,0,0,0,0,0,0,0,0.0,0.0,0.0
2025-05-05,2025,5,2025-W19,Alaotra-Mangoro,-17.8333,48.4167,moyen,1479918,0,0,0,0,0,0,0,0,0.0,0.0,0.0
2025-05-12,2025,5,2025-W20,Alaotra-Mangoro,-17.8333,48.4167,moyen,1479918,0,0,0,0,0,0,0,0,0.0,0.0,0.0
2025-05-19,2025,5,2025-W21,Alaotra-Mangoro,-17.8333,48.4167,moyen,1479918,0,0,0,0,0,0,0,0,0.0,0.0,0.0
2025-05-26,2025,5,2025-W22,Alaotra-Mangoro,-17.8333,48.4167,moyen,1479918,0,0,0,0,0,0,0,0,0.0,0.0,0.0
2025-06-02,2025,6,2025-W23,Alaotra-Mangoro,-17.8333,48.4167,moyen,1479918,0,0,0,0,0,0,0,0,0.0,0.0,0.0
2025-06-09,2025,6,2025-W24,Alaotra-Mangoro,-17.8333,48.4167,moyen,1479918,0,0,0,0,0,0,0,0,0.0,0.0,0.0
2025-06-16,2025,6,2025-W25,Alaotra-Mangoro,-17.8333,48.4167,moyen,1479918,0,0,0,0,0,0,0,0,0.0,0.0,0.0
2025-06-23,2025,6,2025-W26,Alaotra-Mangoro,-17.8333,48.4167,moyen,1479918,0,0,0,0,0,0,0,0,0.0,0.0,0.0
2025-06-30,2025,6,2025-W27,Alaotra-Mangoro,-17.8333,48.4167,moyen,1479918,0,0,0,0,0,0,0,0,0.0,0.0,0.0
2025-07-07,2025,7,2025-W28,Alaotra-Mangoro,-17.8333,48.4167,moyen,1479918,0,0,0,0,0,0,0,0,0.0,0.0,0.0
2025-07-14,2025,7,2025-W29,Alaotra-Mangoro,-17.8333,48.4167,moyen,1479918,0,0,0,0,0,0,0,0,0.0,0.0,0.0
2025-07-21,2025,7,2025-W30,Alaotra-Mangoro,-17.8333,48.4167,moyen,1479918,0,0,0,0,0,0,0,0,0.0,0.0,0.0
2025-07-28,2025,7,2025-W31,Alaotra-Mangoro,-17.8333,48.4167,moyen,1479918,0,0,0,0,0,0,0,0,0.0,0.0,0.0
2025-08-04,2025,8,2025-W32,Alaotra-Mangoro,-17.8333,48.4167,moyen,1479918,0,0,0,0,0,0,0,0,0.0,0.0,0.0
2025-08-11,2025,8,2025-W33,Alaotra-Mangoro,-17.8333,48.4167,moyen,1479918,0,0,0,0,0,0,0,0,0.0,0.0,0.0
2025-08-18,2025,8,2025-W34,Alaotra-Mangoro,-17.8333,48.4167,moyen,1479918,0,0,0,0,0,0,0,0,0.0,0.0,0.0
2025-08-25,2025,8,2025-W35,Alaotra-Mangoro,-17.8333,48.4167,moyen,1479918,0,0,0,0,0,0,0,0,0.0,0.0,0.0
2025-09-01,2025,9,2025-W36,Alaotra-Mangoro,-17.8333,48.4167,moyen,1479918,0,0,0,0,0,0,0,0,0.0,0.0,0.0
2025-09-08,2025,9,2025-W37,Alaotra-Mangoro,-17.8333,48.4167,moyen,1479918,0,0,0,0,0,0,0,0,0.0,0.0,0.0
2025-09-15,2025,9,2025-W38,Alaotra-Mangoro,-17.8333,48.4167,moyen,1479918,0,0,0,0,0,0,0,0,0.0,0.0,0.0
2025-09-22,2025,9,2025-W39,Alaotra-Mangoro,-17.8333,48.4167,moyen,1479918,0,0,0,0,0,0,0,0,0.0,0.0,0.0
2025-09-29,2025,9,2025-W40,Alaotra-Mangoro,-17.8333,48.4167,moyen,1479918,0,0,0,0,0,0,0,0,0.0,0.0,0.0
2025-10-06,2025,10,2025-W41,Alaotra-Mangoro,-17.8333,48.4167,moyen,1479918,0,0,0,0,0,0,0,0,0.0,0.0,0.0
2025-10-13,2025,10,2025-W42,Alaotra-Mangoro,-17.8333,48.4167,moyen,1479918,0,0,0,0,0,0,0,0,0.0,0.0,0.0
2025-10-20,2025,10,2025-W43,Alaotra-Mangoro,-17.8333,48.4167,moyen,1479918,0,0,0,0,0,0,0,0,0.0,0.0,0.0
2025-10-27,2025,10,2025-W44,Alaotra-Mangoro,-17.8333,48.4167,moyen,1479918,0,0,0,0,0,0,0,0,0.0,0.0,0.0
2025-11-03,2025,11,2025-W45,Alaotra-Mangoro,-17.8333,48.4167,moyen,1479918,0,0,0,0,0,0,0,0,0.0,0.0,0.0
2025-11-10,2025,11,2025-W46,Alaotra-Mangoro,-17.8333,48.4167,moyen,1479918,0,0,0,0,0,0,0,0,0.0,0.0,0.0
2025-11-17,2025,11,2025-W47,Alaotra-Mangoro,-17.8333,48.4167,moyen,1479918,0,0,0,0,0,0,0,0,0.0,0.0,0.0
2025-11-24,2025,11,2025-W48,Alaotra-Mangoro,-17.8333,48.4167,moyen,1479918,0,0,0,0,0,0,0,0,0.0,0.0,0.0
2025-12-01,2025,12,2025-W49,Alaotra-Mangoro,-17.8333,48.4167,moyen,1479918,0,0,0,0,0,0,0,0,0.0,0.0,0.0
2025-12-08,2025,12,2025-W50,Alaotra-Mangoro,-17.8333,48.4167,moyen,1479918,0,0,0,0,0,0,0,0,0.0,0.0,0.0
2025-12-15,2025,12,2025-W51,Alaotra-Mangoro,-17.8333,48.4167,moyen,1479918,0,0,0,0,0,0,0,0,0.0,0.0,0.0
2025-12-22,2025,12,2025-W52,Alaotra-Mangoro,-17.8333,48.4167,moyen,1479918,0,0,0,0,0,0,0,0,0.0,0.0,0.0
2025-12-29,2025,12,2026-W01,Alaotra-Mangoro,-17.8333,48.4167,moyen,1479918,0,0,0,0,0,0,0,0,0.0,0.0,0.0
2026-01-05,2026,1,2026-W02,Alaotra-Mangoro,-17.8333,48.4167,moyen,1479918,0,0,0,0,0,0,0,0,0.0,0.0,0.0
2026-01-12,2026,1,2026-W03,Alaotra-Mangoro,-17.8333,48.4167,moyen,1479918,0,0,0,0,0,0,0,0,0.0,0.0,0.0
2026-01-19,2026,1,2026-W04,Alaotra-Mangoro,-17.8333,48.4167,moyen,1479918,0,0,0,0,0,0,0,0,0.0,0.0,0.0
2026-01-26,2026,1,2026-W05,Alaotra-Mangoro,-17.8333,48.4167,moyen,1479918,0,0,0,0,0,0,0,0,0.0,0.0,0.0
2026-02-02,2026,2,2026-W06,Alaotra-Mangoro,-17.8333,48.4167,moyen,1479918,0,0,0,0,0,0,0,0,0.0,0.0,0.0
2026-02-09,2026,2,2026-W07,Alaotra-Mangoro,-17.8333,48.4167,moyen,1479918,0,0,0,0,0,0,0,0,0.0,0.0,0.0
2026-02-16,2026,2,2026-W08,Alaotra-Mangoro,-17.8333,48.4167,moyen,1479918,0,0,0,0,0,0,0,0,0.0,0.0,0.0
2026-02-23,2026,2,2026-W09,Alaotra-Mangoro,-17.8333,48.4167,moyen,1479918,0,0,0,0,0,0,0,0,0.0,0.0,0.0
2026-03-02,2026,3,2026-W10,Alaotra-Mangoro,-17.8333,48.4167,moyen,1479918,0,0,0,0,0,0,0,0,0.0,0.0,0.0
2026-03-09,2026,3,2026-W11,Alaotra-Mangoro,-17.8333,48.4167,moyen,1479918,0,0,0,0,0,0,0,0,0.0,0.0,0.0
2026-03-16,2026,3,2026-W12,Alaotra-Mangoro,-17.8333,48.4167,moyen,1479918,0,0,0,0,0,0,0,0,0.0,0.0,0.0
2026-03-23,2026,3,2026-W13,Alaotra-Mangoro,-17.8333,48.4167,moyen,1479918,0,0,0,0,0,0,0,0,0.0,0.0,0.0
2026-03-30,2026,3,2026-W14,Alaotra-Mangoro,-17.8333,48.4167,moyen,1479918,0,0,0,0,0,0,0,0,0.0,0.0,0.0
2026-04-06,2026,4,2026-W15,Alaotra-Mangoro,-17.8333,48.4167,moyen,1479918,0,0,0,0,0,0,0,0,0.0,0.0,0.0
2026-04-13,2026,4,2026-W16,Alaotra-Mangoro,-17.8333,48.4167,moyen,1479918,0,0,0,0,0,0,0,0,0.0,0.0,0.0
2026-04-20,2026,4,2026-W17,Alaotra-Mangoro,-17.8333,48.4167,moyen,1479918,0,0,0,0,0,0,0,0,0.0,0.0,0.0
2026-04-27,2026,4,2026-W18,Alaotra-Mangoro,-17.8333,48.4167,moyen,1479918,0,0,0,0,0,0,0,0,0.0,0.0,0.0
2026-05-04,2026,5,2026-W19,Alaotra-Mangoro,-17.8333,48.4167,moyen,1479918,0,0,0,0,0,0,0,0,0.0,0.0,0.0
2026-05-11,2026,5,2026-W20,Alaotra-Mangoro,-17.8333,48.4167,moyen,1479918,0,0,0,0,0,0,0,0,0.0,0.0,0.0
2026-05-18,2026,5,2026-W21,Alaotra-Mangoro,-17.8333,48.4167,moyen,1479918,0,0,0,0,0,0,0,0,0.0,0.0,0.0
2026-05-25,2026,5,2026-W22,Alaotra-Mangoro,-17.8333,48.4167,moyen,1479918,0,0,0,0,0,0,0,0,0.0,0.0,0.0
2026-06-01,2026,6,2026-W23,Alaotra-Mangoro,-17.8333,48.4167,moyen,1479918,0,0,0,0,0,0,0,0,0.0,0.0,0.0
2026-06-08,2026,6,2026-W24,Alaotra-Mangoro,-17.8333,48.4167,moyen,1479918,0,0,0,0,0,0,0,0,0.0,0.0,0.0
2026-06-15,2026,6,2026-W25,Alaotra-Mangoro,-17.8333,48.4167,moyen,1479918,0,0,0,0,0,0,0,0,0.0,0.0,0.0
2026-06-22,2026,6,2026-W26,Alaotra-Mangoro,-17.8333,48.4167,moyen,1479918,0,0,0,0,0,0,0,0,0.0,0.0,0.0
2026-06-29,2026,6,2026-W27,Alaotra-Mangoro,-17.8333,48.4167,moyen,1479918,0,0,0,0,0,0,0,0,0.0,0.0,0.0
2026-07-06,2026,7,2026-W28,Alaotra-Mangoro,-17.8333,48.4167,moyen,1479918,0,0,0,0,0,0,0,0,0.0,0.0,0.0
2026-07-13,2026,7,2026-W29,Alaotra-Mangoro,-17.8333,48.4167,moyen,1479918,0,0,0,0,0,0,0,0,0.0,0.0,0.0
2026-07-20,2026,7,2026-W30,Alaotra-Mangoro,-17.8333,48.4167,moyen,1479918,0,0,0,0,0,0,0,0,0.0,0.0,0.0
2026-07-27,2026,7,2026-W31,Alaotra-Mangoro,-17.8333,48.4167,moyen,1479918,0,0,0,0,0,0,0,0,0.0,0.0,0.0
2020-01-06,2020,1,2020-W02,Atsinanana,-18.1492,49.4023,moyen,1750511,0,0,0,0,0,0,0,0,0.0,0.0,0.0
2020-01-13,2020,1,2020-W03,Atsinanana,-18.1492,49.4023,moyen,1750511,0,0,0,0,0,0,0,0,0.0,0.0,0.0
2020-01-20,2020,1,2020-W04,Atsinanana,-18.1492,49.4023,moyen,1750511,0,0,0,0,0,0,0,0,0.0,0.0,0.0
2020-01-27,2020,1,2020-W05,Atsinanana,-18.1492,49.4023,moyen,1750511,0,0,0,0,0,0,0,0,0.0,0.0,0.0
2020-02-03,2020,2,2020-W06,Atsinanana,-18.1492,49.4023,moyen,1750511,0,0,0,0,0,0,0,0,0.0,0.0,0.0
2020-02-10,2020,2,2020-W07,Atsinanana,-18.1492,49.4023,moyen,1750511,0,0,0,0,0,0,0,0,0.0,0.0,0.0
2020-02-17,2020,2,2020-W08,Atsinanana,-18.1492,49.4023,moyen,1750511,0,0,0,0,0,0,0,0,0.0,0.0,0.0
2020-02-24,2020,2,2020-W09,Atsinanana,-18.1492,49.4023,moyen,1750511,0,0,0,0,0,0,0,0,0.0,0.0,0.0
2020-03-02,2020,3,2020-W10,Atsinanana,-18.1492,49.4023,moyen,1750511,0,0,0,0,0,0,0,0,0.0,0.0,0.0
2020-03-09,2020,3,2020-W11,Atsinanana,-18.1492,49.4023,moyen,1750511,0,0,0,0,0,0,0,0,0.0,0.0,0.0
2020-03-16,2020,3,2020-W12,Atsinanana,-18.1492,49.4023,moyen,1750511,0,0,0,0,0,0,0,0,0.0,0.0,0.0
2020-03-23,2020,3,2020-W13,Atsinanana,-18.1492,49.4023,moyen,1750511,0,0,0,0,0,0,0,0,0.0,0.0,0.0
2020-03-30,2020,3,2020-W14,Atsinanana,-18.1492,49.4023,moyen,1750511,0,0,0,0,0,0,0,0,0.0,0.0,0.0
2020-04-06,2020,4,2020-W15,Atsinanana,-18.1492,49.4023,moyen,1750511,0,0,0,0,0,0,0,0,0.0,0.0,0.0
2020-04-13,2020,4,2020-W16,Atsinanana,-18.1492,49.4023,moyen,1750511,0,0,0,0,0,0,0,0,0.0,0.0,0.0
2020-04-20,2020,4,2020-W17,Atsinanana,-18.1492,49.4023,moyen,1750511,0,0,0,0,0,0,0,0,0.0,0.0,0.0
2020-04-27,2020,4,2020-W18,Atsinanana,-18.1492,49.4023,moyen,1750511,0,0,0,0,0,0,0,0,0.0,0.0,0.0
2020-05-04,2020,5,2020-W19,Atsinanana,-18.1492,49.4023,moyen,1750511,0,0,0,0,0,0,0,0,0.0,0.0,0.0
2020-05-11,2020,5,2020-W20,Atsinanana,-18.1492,49.4023,moyen,1750511,0,0,0,0,0,0,0,0,0.0,0.0,0.0
2020-05-18,2020,5,2020-W21,Atsinanana,-18.1492,49.4023,moyen,1750511,0,0,0,0,0,0,0,0,0.0,0.0,0.0
2020-05-25,2020,5,2020-W22,Atsinanana,-18.1492,49.4023,moyen,1750511,0,0,0,0,0,0,0,0,0.0,0.0,0.0
2020-06-01,2020,6,2020-W23,Atsinanana,-18.1492,49.4023,moyen,1750511,0,0,0,0,0,0,0,0,0.0,0.0,0.0
2020-06-08,2020,6,2020-W24,Atsinanana,-18.1492,49.4023,moyen,1750511,0,0,0,0,0,0,0,0,0.0,0.0,0.0
2020-06-15,2020,6,2020-W25,Atsinanana,-18.1492,49.4023,moyen,1750511,0,0,0,0,0,0,0,0,0.0,0.0,0.0
2020-06-22,2020,6,2020-W26,Atsinanana,-18.1492,49.4023,moyen,1750511,0,0,0,0,0,0,0,0,0.0,0.0,0.0
2020-06-29,2020,6,2020-W27,Atsinanana,-18.1492,49.4023,moyen,1750511,0,0,0,0,0,0,0,0,0.0,0.0,0.0
2020-07-06,2020,7,2020-W28,Atsinanana,-18.1492,49.4023,moyen,1750511,0,0,0,0,0,0,0,0,0.0,0.0,0.0
2020-07-13,2020,7,2020-W29,Atsinanana,-18.1492,49.4023,moyen,1750511,0,0,0,0,0,0,0,0,0.0,0.0,0.0
2020-07-20,2020,7,2020-W30,Atsinanana,-18.1492,49.4023,moyen,1750511,0,0,0,0,0,0,0,0,0.0,0.0,0.0
2020-07-27,2020,7,2020-W31,Atsinanana,-18.1492,49.4023,moyen,1750511,0,0,0,0,0,0,0,0,0.0,0.0,0.0
2020-08-03,2020,8,2020-W32,Atsinanana,-18.1492,49.4023,moyen,1750511,0,0,0,0,0,0,0,0,0.0,0.0,0.0
2020-08-10,2020,8,2020-W33,Atsinanana,-18.1492,49.4023,moyen,1750511,0,0,0,0,0,0,0,0,0.0,0.0,0.0
2020-08-17,2020,8,2020-W34,Atsinanana,-18.1492,49.4023,moyen,1750511,0,0,0,0,0,0,0,0,0.0,0.0,0.0
2020-08-24,2020,8,2020-W35,Atsinanana,-18.1492,49.4023,moyen,1750511,0,0,0,0,0,0,0,0,0.0,0.0,0.0
2020-08-31,2020,8,2020-W36,Atsinanana,-18.1492,49.4023,moyen,1750511,0,0,0,0,0,0,0,0,0.0,0.0,0.0
2020-09-07,2020,9,2020-W37,Atsinanana,-18.1492,49.4023,moyen,1750511,0,0,0,0,0,0,0,0,0.0,0.0,0.0
2020-09-14,2020,9,2020-W38,Atsinanana,-18.1492,49.4023,moyen,1750511,0,0,0,0,0,0,0,0,0.0,0.0,0.0
2020-09-21,2020,9,2020-W39,Atsinanana,-18.1492,49.4023,moyen,1750511,0,0,0,0,0,0,0,0,0.0,0.0,0.0
2020-09-28,2020,9,2020-W40,Atsinanana,-18.1492,49.4023,moyen,1750511,0,0,0,0,0,0,0,0,0.0,0.0,0.0
2020-10-05,2020,10,2020-W41,Atsinanana,-18.1492,49.4023,moyen,1750511,0,0,0,0,0,0,0,0,0.0,0.0,0.0
2020-10-12,2020,10,2020-W42,Atsinanana,-18.1492,49.4023,moyen,1750511,0,0,0,0,0,0,0,0,0.0,0.0,0.0
2020-10-19,2020,10,2020-W43,Atsinanana,-18.1492,49.4023,moyen,1750511,0,0,0,0,0,0,0,0,0.0,0.0,0.0
2020-10-26,2020,10,2020-W44,Atsinanana,-18.1492,49.4023,moyen,1750511,0,0,0,0,0,0,0,0,0.0,0.0,0.0
2020-11-02,2020,11,2020-W45,Atsinanana,-18.1492,49.4023,moyen,1750511,0,0,0,0,0,0,0,0,0.0,0.0,0.0
2020-11-09,2020,11,2020-W46,Atsinanana,-18.1492,49.4023,moyen,1750511,0,0,0,0,0,0,0,0,0.0,0.0,0.0
2020-11-16,2020,11,2020-W47,Atsinanana,-18.1492,49.4023,moyen,1750511,0,0,0,0,0,0,0,0,0.0,0.0,0.0
2020-11-23,2020,11,2020-W48,Atsinanana,-18.1492,49.4023,moyen,1750511,0,0,0,0,0,0,0,0,0.0,0.0,0.0
2020-11-30,2020,11,2020-W49,Atsinanana,-18.1492,49.4023,moyen,1750511,0,0,0,0,0,0,0,0,0.0,0.0,0.0
2020-12-07,2020,12,2020-W50,Atsinanana,-18.1492,49.4023,moyen,1750511,0,0,0,0,0,0,0,0,0.0,0.0,0.0
2020-12-14,2020,12,2020-W51,Atsinanana,-18.1492,49.4023,moyen,1750511,0,0,0,0,0,0,0,0,0.0,0.0,0.0
2020-12-21,2020,12,2020-W52,Atsinanana,-18.1492,49.4023,moyen,1750511,0,0,0,0,0,0,0,0,0.0,0.0,0.0
2020-12-28,2020,12,2020-W53,Atsinanana,-18.1492,49.4023,moyen,1750511,0,0,0,0,0,0,0,0,0.0,0.0,0.0
2021-01-04,2021,1,2021-W01,Atsinanana,-18.1492,49.4023,moyen,1750511,0,0,0,0,0,0,0,0,0.0,0.0,0.0
2021-01-11,2021,1,2021-W02,Atsinanana,-18.1492,49.4023,moyen,1750511,0,0,0,0,0,0,0,0,0.0,0.0,0.0
2021-01-18,2021,1,2021-W03,Atsinanana,-18.1492,49.4023,moyen,1750511,0,0,0,0,0,0,0,0,0.0,0.0,0.0
2021-01-25,2021,1,2021-W04,Atsinanana,-18.1492,49.4023,moyen,1750511,0,0,0,0,0,0,0,0,0.0,0.0,0.0
2021-02-01,2021,2,2021-W05,Atsinanana,-18.1492,49.4023,moyen,1750511,0,0,0,0,0,0,0,0,0.0,0.0,0.0
2021-02-08,2021,2,2021-W06,Atsinanana,-18.1492,49.4023,moyen,1750511,0,0,0,0,0,0,0,0,0.0,0.0,0.0
2021-02-15,2021,2,2021-W07,Atsinanana,-18.1492,49.4023,moyen,1750511,0,0,0,0,0,0,0,0,0.0,0.0,0.0
2021-02-22,2021,2,2021-W08,Atsinanana,-18.1492,49.4023,moyen,1750511,0,0,0,0,0,0,0,0,0.0,0.0,0.0
2021-03-01,2021,3,2021-W09,Atsinanana,-18.1492,49.4023,moyen,1750511,0,0,0,0,0,0,0,0,0.0,0.0,0.0
2021-03-08,2021,3,2021-W10,Atsinanana,-18.1492,49.4023,moyen,1750511,0,0,0,0,0,0,0,0,0.0,0.0,0.0
2021-03-15,2021,3,2021-W11,Atsinanana,-18.1492,49.4023,moyen,1750511,0,0,0,0,0,0,0,0,0.0,0.0,0.0
2021-03-22,2021,3,2021-W12,Atsinanana,-18.1492,49.4023,moyen,1750511,0,0,0,0,0,0,0,0,0.0,0.0,0.0
2021-03-29,2021,3,2021-W13,Atsinanana,-18.1492,49.4023,moyen,1750511,0,0,0,0,0,0,0,0,0.0,0.0,0.0
2021-04-05,2021,4,2021-W14,Atsinanana,-18.1492,49.4023,moyen,1750511,0,0,0,0,0,0,0,0,0.0,0.0,0.0
2021-04-12,2021,4,2021-W15,Atsinanana,-18.1492,49.4023,moyen,1750511,0,0,0,0,0,0,0,0,0.0,0.0,0.0
2021-04-19,2021,4,2021-W16,Atsinanana,-18.1492,49.4023,moyen,1750511,0,0,0,0,0,0,0,0,0.0,0.0,0.0
2021-04-26,2021,4,2021-W17,Atsinanana,-18.1492,49.4023,moyen,1750511,0,0,0,0,0,0,0,0,0.0,0.0,0.0
2021-05-03,2021,5,2021-W18,Atsinanana,-18.1492,49.4023,moyen,1750511,0,0,0,0,0,0,0,0,0.0,0.0,0.0
2021-05-10,2021,5,2021-W19,Atsinanana,-18.1492,49.4023,moyen,1750511,0,0,0,0,0,0,0,0,0.0,0.0,0.0
2021-05-17,2021,5,2021-W20,Atsinanana,-18.1492,49.4023,moyen,1750511,0,0,0,0,0,0,0,0,0.0,0.0,0.0
2021-05-24,2021,5,2021-W21,Atsinanana,-18.1492,49.4023,moyen,1750511,0,0,0,0,0,0,0,0,0.0,0.0,0.0
2021-05-31,2021,5,2021-W22,Atsinanana,-18.1492,49.4023,moyen,1750511,0,0,0,0,0,0,0,0,0.0,0.0,0.0
2021-06-07,2021,6,2021-W23,Atsinanana,-18.1492,49.4023,moyen,1750511,0,0,0,0,0,0,0,0,0.0,0.0,0.0
2021-06-14,2021,6,2021-W24,Atsinanana,-18.1492,49.4023,moyen,1750511,0,0,0,0,0,0,0,0,0.0,0.0,0.0
2021-06-21,2021,6,2021-W25,Atsinanana,-18.1492,49.4023,moyen,1750511,0,0,0,0,0,0,0,0,0.0,0.0,0.0
2021-06-28,2021,6,2021-W26,Atsinanana,-18.1492,49.4023,moyen,1750511,0,0,0,0,0,0,0,0,0.0,0.0,0.0
2021-07-05,2021,7,2021-W27,Atsinanana,-18.1492,49.4023,moyen,1750511,0,0,0,0,0,0,0,0,0.0,0.0,0.0
2021-07-12,2021,7,2021-W28,Atsinanana,-18.1492,49.4023,moyen,1750511,0,0,0,0,0,0,0,0,0.0,0.0,0.0
2021-07-19,2021,7,2021-W29,Atsinanana,-18.1492,49.4023,moyen,1750511,0,0,0,0,0,0,0,0,0.0,0.0,0.0
2021-07-26,2021,7,2021-W30,Atsinanana,-18.1492,49.4023,moyen,1750511,0,0,0,0,0,0,0,0,0.0,0.0,0.0
2021-08-02,2021,8,2021-W31,Atsinanana,-18.1492,49.4023,moyen,1750511,0,0,0,0,0,0,0,0,0.0,0.0,0.0
2021-08-09,2021,8,2021-W32,Atsinanana,-18.1492,49.4023,moyen,1750511,0,0,0,0,0,0,0,0,0.0,0.0,0.0
2021-08-16,2021,8,2021-W33,Atsinanana,-18.1492,49.4023,moyen,1750511,0,0,0,0,0,0,0,0,0.0,0.0,0.0
2021-08-23,2021,8,2021-W34,Atsinanana,-18.1492,49.4023,moyen,1750511,0,0,0,0,0,0,0,0,0.0,0.0,0.0
2021-08-30,2021,8,2021-W35,Atsinanana,-18.1492,49.4023,moyen,1750511,0,0,0,0,0,0,0,0,0.0,0.0,0.0
2021-09-06,2021,9,2021-W36,Atsinanana,-18.1492,49.4023,moyen,1750511,0,0,0,0,0,0,0,0,0.0,0.0,0.0
2021-09-13,2021,9,2021-W37,Atsinanana,-18.1492,49.4023,moyen,1750511,0,0,0,0,0,0,0,0,0.0,0.0,0.0
2021-09-20,2021,9,2021-W38,Atsinanana,-18.1492,49.4023,moyen,1750511,0,0,0,0,0,0,0,0,0.0,0.0,0.0
2021-09-27,2021,9,2021-W39,Atsinanana,-18.1492,49.4023,moyen,1750511,0,0,0,0,0,0,0,0,0.0,0.0,0.0
2021-10-04,2021,10,2021-W40,Atsinanana,-18.1492,49.4023,moyen,1750511,0,0,0,0,0,0,0,0,0.0,0.0,0.0
2021-10-11,2021,10,2021-W41,Atsinanana,-18.1492,49.4023,moyen,1750511,0,0,0,0,0,0,0,0,0.0,0.0,0.0
2021-10-18,2021,10,2021-W42,Atsinanana,-18.1492,49.4023,moyen,1750511,0,0,0,0,0,0,0,0,0.0,0.0,0.0
2021-10-25,2021,10,2021-W43,Atsinanana,-18.1492,49.4023,moyen,1750511,0,0,0,0,0,0,0,0,0.0,0.0,0.0
2021-11-01,2021,11,2021-W44,Atsinanana,-18.1492,49.4023,moyen,1750511,0,0,0,0,0,0,0,0,0.0,0.0,0.0
2021-11-08,2021,11,2021-W45,Atsinanana,-18.1492,49.4023,moyen,1750511,0,0,0,0,0,0,0,0,0.0,0.0,0.0
2021-11-15,2021,11,2021-W46,Atsinanana,-18.1492,49.4023,moyen,1750511,0,0,0,0,0,0,0,0,0.0,0.0,0.0
2021-11-22,2021,11,2021-W47,Atsinanana,-18.1492,49.4023,moyen,1750511,0,0,0,0,0,0,0,0,0.0,0.0,0.0
2021-11-29,2021,11,2021-W48,Atsinanana,-18.1492,49.4023,moyen,1750511,0,0,0,0,0,0,0,0,0.0,0.0,0.0
2021-12-06,2021,12,2021-W49,Atsinanana,-18.1492,49.4023,moyen,1750511,0,0,0,0,0,0,0,0,0.0,0.0,0.0
2021-12-13,2021,12,2021-W50,Atsinanana,-18.1492,49.4023,moyen,1750511,0,0,0,0,0,0,0,0,0.0,0.0,0.0
2021-12-20,2021,12,2021-W51,Atsinanana,-18.1492,49.4023,moyen,1750511,0,0,0,0,0,0,0,0,0.0,0.0,0.0
2021-12-27,2021,12,2021-W52,Atsinanana,-18.1492,49.4023,moyen,1750511,0,0,0,0,0,0,0,0,0.0,0.0,0.0
2022-01-03,2022,1,2022-W01,Atsinanana,-18.1492,49.4023,moyen,1750511,0,0,0,0,0,0,0,0,0.0,0.0,0.0
2022-01-10,2022,1,2022-W02,Atsinanana,-18.1492,49.4023,moyen,1750511,0,0,0,0,0,0,0,0,0.0,0.0,0.0
2022-01-17,2022,1,2022-W03,Atsinanana,-18.1492,49.4023,moyen,1750511,0,0,0,0,0,0,0,0,0.0,0.0,0.0
2022-01-24,2022,1,2022-W04,Atsinanana,-18.1492,49.4023,moyen,1750511,0,0,0,0,0,0,0,0,0.0,0.0,0.0
2022-01-31,2022,1,2022-W05,Atsinanana,-18.1492,49.4023,moyen,1750511,0,0,0,0,0,0,0,0,0.0,0.0,0.0
2022-02-07,2022,2,2022-W06,Atsinanana,-18.1492,49.4023,moyen,1750511,0,0,0,0,0,0,0,0,0.0,0.0,0.0
2022-02-14,2022,2,2022-W07,Atsinanana,-18.1492,49.4023,moyen,1750511,0,0,0,0,0,0,0,0,0.0,0.0,0.0
2022-02-21,2022,2,2022-W08,Atsinanana,-18.1492,49.4023,moyen,1750511,0,0,0,0,0,0,0,0,0.0,0.0,0.0
2022-02-28,2022,2,2022-W09,Atsinanana,-18.1492,49.4023,moyen,1750511,0,0,0,0,0,0,0,0,0.0,0.0,0.0
2022-03-07,2022,3,2022-W10,Atsinanana,-18.1492,49.4023,moyen,1750511,0,0,0,0,0,0,0,0,0.0,0.0,0.0
2022-03-14,2022,3,2022-W11,Atsinanana,-18.1492,49.4023,moyen,1750511,0,0,0,0,0,0,0,0,0.0,0.0,0.0
2022-03-21,2022,3,2022-W12,Atsinanana,-18.1492,49.4023,moyen,1750511,0,0,0,0,0,0,0,0,0.0,0.0,0.0
2022-03-28,2022,3,2022-W13,Atsinanana,-18.1492,49.4023,moyen,1750511,0,0,0,0,0,0,0,0,0.0,0.0,0.0
2022-04-04,2022,4,2022-W14,Atsinanana,-18.1492,49.4023,moyen,1750511,0,0,0,0,0,0,0,0,0.0,0.0,0.0
2022-04-11,2022,4,2022-W15,Atsinanana,-18.1492,49.4023,moyen,1750511,0,0,0,0,0,0,0,0,0.0,0.0,0.0
2022-04-18,2022,4,2022-W16,Atsinanana,-18.1492,49.4023,moyen,1750511,0,0,0,0,0,0,0,0,0.0,0.0,0.0
2022-04-25,2022,4,2022-W17,Atsinanana,-18.1492,49.4023,moyen,1750511,0,0,0,0,0,0,0,0,0.0,0.0,0.0
2022-05-02,2022,5,2022-W18,Atsinanana,-18.1492,49.4023,moyen,1750511,0,0,0,0,0,0,0,0,0.0,0.0,0.0
2022-05-09,2022,5,2022-W19,Atsinanana,-18.1492,49.4023,moyen,1750511,0,0,0,0,0,0,0,0,0.0,0.0,0.0
2022-05-16,2022,5,2022-W20,Atsinanana,-18.1492,49.4023,moyen,1750511,0,0,0,0,0,0,0,0,0.0,0.0,0.0
2022-05-23,2022,5,2022-W21,Atsinanana,-18.1492,49.4023,moyen,1750511,0,0,0,0,0,0,0,0,0.0,0.0,0.0
2022-05-30,2022,5,2022-W22,Atsinanana,-18.1492,49.4023,moyen,1750511,0,0,0,0,0,0,0,0,0.0,0.0,0.0
2022-06-06,2022,6,2022-W23,Atsinanana,-18.1492,49.4023,moyen,1750511,0,0,0,0,0,0,0,0,0.0,0.0,0.0
2022-06-13,2022,6,2022-W24,Atsinanana,-18.1492,49.4023,moyen,1750511,0,0,0,0,0,0,0,0,0.0,0.0,0.0
2022-06-20,2022,6,2022-W25,Atsinanana,-18.1492,49.4023,moyen,1750511,0,0,0,0,0,0,0,0,0.0,0.0,0.0
2022-06-27,2022,6,2022-W26,Atsinanana,-18.1492,49.4023,moyen,1750511,0,0,0,0,0,0,0,0,0.0,0.0,0.0
2022-07-04,2022,7,2022-W27,Atsinanana,-18.1492,49.4023,moyen,1750511,0,0,0,0,0,0,0,0,0.0,0.0,0.0
2022-07-11,2022,7,2022-W28,Atsinanana,-18.1492,49.4023,moyen,1750511,0,0,0,0,0,0,0,0,0.0,0.0,0.0
2022-07-18,2022,7,2022-W29,Atsinanana,-18.1492,49.4023,moyen,1750511,0,0,0,0,0,0,0,0,0.0,0.0,0.0
2022-07-25,2022,7,2022-W30,Atsinanana,-18.1492,49.4023,moyen,1750511,0,0,0,0,0,0,0,0,0.0,0.0,0.0
2022-08-01,2022,8,2022-W31,Atsinanana,-18.1492,49.4023,moyen,1750511,0,0,0,0,0,0,0,0,0.0,0.0,0.0
2022-08-08,2022,8,2022-W32,Atsinanana,-18.1492,49.4023,moyen,1750511,0,0,0,0,0,0,0,0,0.0,0.0,0.0
2022-08-15,2022,8,2022-W33,Atsinanana,-18.1492,49.4023,moyen,1750511,0,0,0,0,0,0,0,0,0.0,0.0,0.0
2022-08-22,2022,8,2022-W34,Atsinanana,-18.1492,49.4023,moyen,1750511,0,0,0,0,0,0,0,0,0.0,0.0,0.0
2022-08-29,2022,8,2022-W35,Atsinanana,-18.1492,49.4023,moyen,1750511,0,0,0,0,0,0,0,0,0.0,0.0,0.0
2022-09-05,2022,9,2022-W36,Atsinanana,-18.1492,49.4023,moyen,1750511,0,0,0,0,0,0,0,0,0.0,0.0,0.0
2022-09-12,2022,9,2022-W37,Atsinanana,-18.1492,49.4023,moyen,1750511,0,0,0,0,0,0,0,0,0.0,0.0,0.0
2022-09-19,2022,9,2022-W38,Atsinanana,-18.1492,49.4023,moyen,1750511,0,0,0,0,0,0,0,0,0.0,0.0,0.0
2022-09-26,2022,9,2022-W39,Atsinanana,-18.1492,49.4023,moyen,1750511,0,0,0,0,0,0,0,0,0.0,0.0,0.0
2022-10-03,2022,10,2022-W40,Atsinanana,-18.1492,49.4023,moyen,1750511,0,0,0,0,0,0,0,0,0.0,0.0,0.0
2022-10-10,2022,10,2022-W41,Atsinanana,-18.1492,49.4023,moyen,1750511,0,0,0,0,0,0,0,0,0.0,0.0,0.0
2022-10-17,2022,10,2022-W42,Atsinanana,-18.1492,49.4023,moyen,1750511,0,0,0,0,0,0,0,0,0.0,0.0,0.0
2022-10-24,2022,10,2022-W43,Atsinanana,-18.1492,49.4023,moyen,1750511,0,0,0,0,0,0,0,0,0.0,0.0,0.0
2022-10-31,2022,10,2022-W44,Atsinanana,-18.1492,49.4023,moyen,1750511,0,0,0,0,0,0,0,0,0.0,0.0,0.0
2022-11-07,2022,11,2022-W45,Atsinanana,-18.1492,49.4023,moyen,1750511,0,0,0,0,0,0,0,0,0.0,0.0,0.0
2022-11-14,2022,11,2022-W46,Atsinanana,-18.1492,49.4023,moyen,1750511,0,0,0,0,0,0,0,0,0.0,0.0,0.0
2022-11-21,2022,11,2022-W47,Atsinanana,-18.1492,49.4023,moyen,1750511,0,0,0,0,0,0,0,0,0.0,0.0,0.0
2022-11-28,2022,11,2022-W48,Atsinanana,-18.1492,49.4023,moyen,1750511,0,0,0,0,0,0,0,0,0.0,0.0,0.0
2022-12-05,2022,12,2022-W49,Atsinanana,-18.1492,49.4023,moyen,1750511,0,0,0,0,0,0,0,0,0.0,0.0,0.0
2022-12-12,2022,12,2022-W50,Atsinanana,-18.1492,49.4023,moyen,1750511,0,0,0,0,0,0,0,0,0.0,0.0,0.0
2022-12-19,2022,12,2022-W51,Atsinanana,-18.1492,49.4023,moyen,1750511,0,0,0,0,0,0,0,0,0.0,0.0,0.0
2022-12-26,2022,12,2022-W52,Atsinanana,-18.1492,49.4023,moyen,1750511,0,0,0,0,0,0,0,0,0.0,0.0,0.0
2023-01-02,2023,1,2023-W01,Atsinanana,-18.1492,49.4023,moyen,1750511,0,0,0,0,0,0,0,0,0.0,0.0,0.0
2023-01-09,2023,1,2023-W02,Atsinanana,-18.1492,49.4023,moyen,1750511,0,0,0,0,0,0,0,0,0.0,0.0,0.0
2023-01-16,2023,1,2023-W03,Atsinanana,-18.1492,49.4023,moyen,1750511,0,0,0,0,0,0,0,0,0.0,0.0,0.0
2023-01-23,2023,1,2023-W04,Atsinanana,-18.1492,49.4023,moyen,1750511,0,0,0,0,0,0,0,0,0.0,0.0,0.0
2023-01-30,2023,1,2023-W05,Atsinanana,-18.1492,49.4023,moyen,1750511,0,0,0,0,0,0,0,0,0.0,0.0,0.0
2023-02-06,2023,2,2023-W06,Atsinanana,-18.1492,49.4023,moyen,1750511,0,0,0,0,0,0,0,0,0.0,0.0,0.0
2023-02-13,2023,2,2023-W07,Atsinanana,-18.1492,49.4023,moyen,1750511,0,0,0,0,0,0,0,0,0.0,0.0,0.0
2023-02-20,2023,2,2023-W08,Atsinanana,-18.1492,49.4023,moyen,1750511,0,0,0,0,0,0,0,0,0.0,0.0,0.0
2023-02-27,2023,2,2023-W09,Atsinanana,-18.1492,49.4023,moyen,1750511,0,0,0,0,0,0,0,0,0.0,0.0,0.0
2023-03-06,2023,3,2023-W10,Atsinanana,-18.1492,49.4023,moyen,1750511,0,0,0,0,0,0,0,0,0.0,0.0,0.0
2023-03-13,2023,3,2023-W11,Atsinanana,-18.1492,49.4023,moyen,1750511,0,0,0,0,0,0,0,0,0.0,0.0,0.0
2023-03-20,2023,3,2023-W12,Atsinanana,-18.1492,49.4023,moyen,1750511,0,0,0,0,0,0,0,0,0.0,0.0,0.0
2023-03-27,2023,3,2023-W13,Atsinanana,-18.1492,49.4023,moyen,1750511,0,0,0,0,0,0,0,0,0.0,0.0,0.0
2023-04-03,2023,4,2023-W14,Atsinanana,-18.1492,49.4023,moyen,1750511,0,0,0,0,0,0,0,0,0.0,0.0,0.0
2023-04-10,2023,4,2023-W15,Atsinanana,-18.1492,49.4023,moyen,1750511,0,0,0,0,0,0,0,0,0.0,0.0,0.0
2023-04-17,2023,4,2023-W16,Atsinanana,-18.1492,49.4023,moyen,1750511,0,0,0,0,0,0,0,0,0.0,0.0,0.0
2023-04-24,2023,4,2023-W17,Atsinanana,-18.1492,49.4023,moyen,1750511,0,0,0,0,0,0,0,0,0.0,0.0,0.0
2023-05-01,2023,5,2023-W18,Atsinanana,-18.1492,49.4023,moyen,1750511,0,0,0,0,0,0,0,0,0.0,0.0,0.0
2023-05-08,2023,5,2023-W19,Atsinanana,-18.1492,49.4023,moyen,1750511,0,0,0,0,0,0,0,0,0.0,0.0,0.0
2023-05-15,2023,5,2023-W20,Atsinanana,-18.1492,49.4023,moyen,1750511,0,0,0,0,0,0,0,0,0.0,0.0,0.0
2023-05-22,2023,5,2023-W21,Atsinanana,-18.1492,49.4023,moyen,1750511,0,0,0,0,0,0,0,0,0.0,0.0,0.0
2023-05-29,2023,5,2023-W22,Atsinanana,-18.1492,49.4023,moyen,1750511,0,0,0,0,0,0,0,0,0.0,0.0,0.0
2023-06-05,2023,6,2023-W23,Atsinanana,-18.1492,49.4023,moyen,1750511,0,0,0,0,0,0,0,0,0.0,0.0,0.0
2023-06-12,2023,6,2023-W24,Atsinanana,-18.1492,49.4023,moyen,1750511,0,0,0,0,0,0,0,0,0.0,0.0,0.0
2023-06-19,2023,6,2023-W25,Atsinanana,-18.1492,49.4023,moyen,1750511,0,0,0,0,0,0,0,0,0.0,0.0,0.0
2023-06-26,2023,6,2023-W26,Atsinanana,-18.1492,49.4023,moyen,1750511,0,0,0,0,0,0,0,0,0.0,0.0,0.0
2023-07-03,2023,7,2023-W27,Atsinanana,-18.1492,49.4023,moyen,1750511,0,0,0,0,0,0,0,0,0.0,0.0,0.0
2023-07-10,2023,7,2023-W28,Atsinanana,-18.1492,49.4023,moyen,1750511,0,0,0,0,0,0,0,0,0.0,0.0,0.0
2023-07-17,2023,7,2023-W29,Atsinanana,-18.1492,49.4023,moyen,1750511,0,0,0,0,0,0,0,0,0.0,0.0,0.0
2023-07-24,2023,7,2023-W30,Atsinanana,-18.1492,49.4023,moyen,1750511,0,0,0,0,0,0,0,0,0.0,0.0,0.0
2023-07-31,2023,7,2023-W31,Atsinanana,-18.1492,49.4023,moyen,1750511,0,0,0,0,0,0,0,0,0.0,0.0,0.0
2023-08-07,2023,8,2023-W32,Atsinanana,-18.1492,49.4023,moyen,1750511,0,0,0,0,0,0,0,0,0.0,0.0,0.0
2023-08-14,2023,8,2023-W33,Atsinanana,-18.1492,49.4023,moyen,1750511,0,0,0,0,0,0,0,0,0.0,0.0,0.0
2023-08-21,2023,8,2023-W34,Atsinanana,-18.1492,49.4023,moyen,1750511,0,0,0,0,0,0,0,0,0.0,0.0,0.0
2023-08-28,2023,8,2023-W35,Atsinanana,-18.1492,49.4023,moyen,1750511,0,0,0,0,0,0,0,0,0.0,0.0,0.0
2023-09-04,2023,9,2023-W36,Atsinanana,-18.1492,49.4023,moyen,1750511,0,0,0,0,0,0,0,0,0.0,0.0,0.0
2023-09-11,2023,9,2023-W37,Atsinanana,-18.1492,49.4023,moyen,1750511,0,0,0,0,0,0,0,0,0.0,0.0,0.0
2023-09-18,2023,9,2023-W38,Atsinanana,-18.1492,49.4023,moyen,1750511,0,0,0,0,0,0,0,0,0.0,0.0,0.0
2023-09-25,2023,9,2023-W39,Atsinanana,-18.1492,49.4023,moyen,1750511,0,0,0,0,0,0,0,0,0.0,0.0,0.0
2023-10-02,2023,10,2023-W40,Atsinanana,-18.1492,49.4023,moyen,1750511,0,0,0,0,0,0,0,0,0.0,0.0,0.0
2023-10-09,2023,10,2023-W41,Atsinanana,-18.1492,49.4023,moyen,1750511,0,0,0,0,0,0,0,0,0.0,0.0,0.0
2023-10-16,2023,10,2023-W42,Atsinanana,-18.1492,49.4023,moyen,1750511,0,0,0,0,0,0,0,0,0.0,0.0,0.0
2023-10-23,2023,10,2023-W43,Atsinanana,-18.1492,49.4023,moyen,1750511,0,0,0,0,0,0,0,0,0.0,0.0,0.0
2023-10-30,2023,10,2023-W44,Atsinanana,-18.1492,49.4023,moyen,1750511,0,0,0,0,0,0,0,0,0.0,0.0,0.0
2023-11-06,2023,11,2023-W45,Atsinanana,-18.1492,49.4023,moyen,1750511,0,0,0,0,0,0,0,0,0.0,0.0,0.0
2023-11-13,2023,11,2023-W46,Atsinanana,-18.1492,49.4023,moyen,1750511,0,0,0,0,0,0,0,0,0.0,0.0,0.0
2023-11-20,2023,11,2023-W47,Atsinanana,-18.1492,49.4023,moyen,1750511,0,0,0,0,0,0,0,0,0.0,0.0,0.0
2023-11-27,2023,11,2023-W48,Atsinanana,-18.1492,49.4023,moyen,1750511,0,0,0,0,0,0,0,0,0.0,0.0,0.0
2023-12-04,2023,12,2023-W49,Atsinanana,-18.1492,49.4023,moyen,1750511,0,0,0,0,0,0,0,0,0.0,0.0,0.0
2023-12-11,2023,12,2023-W50,Atsinanana,-18.1492,49.4023,moyen,1750511,0,0,0,0,0,0,0,0,0.0,0.0,0.0
2023-12-18,2023,12,2023-W51,Atsinanana,-18.1492,49.4023,moyen,1750511,0,0,0,0,0,0,0,0,0.0,0.0,0.0
2023-12-25,2023,12,2023-W52,Atsinanana,-18.1492,49.4023,moyen,1750511,0,0,0,0,0,0,0,0,0.0,0.0,0.0
2024-01-01,2024,1,2024-W01,Atsinanana,-18.1492,49.4023,moyen,1750511,0,0,0,0,0,0,0,0,0.0,0.0,0.0
2024-01-08,2024,1,2024-W02,Atsinanana,-18.1492,49.4023,moyen,1750511,0,0,0,0,0,0,0,0,0.0,0.0,0.0
2024-01-15,2024,1,2024-W03,Atsinanana,-18.1492,49.4023,moyen,1750511,0,0,0,0,0,0,0,0,0.0,0.0,0.0
2024-01-22,2024,1,2024-W04,Atsinanana,-18.1492,49.4023,moyen,1750511,0,0,0,0,0,0,0,0,0.0,0.0,0.0
2024-01-29,2024,1,2024-W05,Atsinanana,-18.1492,49.4023,moyen,1750511,0,0,0,0,0,0,0,0,0.0,0.0,0.0
2024-02-05,2024,2,2024-W06,Atsinanana,-18.1492,49.4023,moyen,1750511,0,0,0,0,0,0,0,0,0.0,0.0,0.0
2024-02-12,2024,2,2024-W07,Atsinanana,-18.1492,49.4023,moyen,1750511,0,0,0,0,0,0,0,0,0.0,0.0,0.0
2024-02-19,2024,2,2024-W08,Atsinanana,-18.1492,49.4023,moyen,1750511,0,0,0,0,0,0,0,0,0.0,0.0,0.0
2024-02-26,2024,2,2024-W09,Atsinanana,-18.1492,49.4023,moyen,1750511,0,0,0,0,0,0,0,0,0.0,0.0,0.0
2024-03-04,2024,3,2024-W10,Atsinanana,-18.1492,49.4023,moyen,1750511,0,0,0,0,0,0,0,0,0.0,0.0,0.0
2024-03-11,2024,3,2024-W11,Atsinanana,-18.1492,49.4023,moyen,1750511,0,0,0,0,0,0,0,0,0.0,0.0,0.0
2024-03-18,2024,3,2024-W12,Atsinanana,-18.1492,49.4023,moyen,1750511,0,0,0,0,0,0,0,0,0.0,0.0,0.0
2024-03-25,2024,3,2024-W13,Atsinanana,-18.1492,49.4023,moyen,1750511,0,0,0,0,0,0,0,0,0.0,0.0,0.0
2024-04-01,2024,4,2024-W14,Atsinanana,-18.1492,49.4023,moyen,1750511,0,0,0,0,0,0,0,0,0.0,0.0,0.0
2024-04-08,2024,4,2024-W15,Atsinanana,-18.1492,49.4023,moyen,1750511,0,0,0,0,0,0,0,0,0.0,0.0,0.0
2024-04-15,2024,4,2024-W16,Atsinanana,-18.1492,49.4023,moyen,1750511,0,0,0,0,0,0,0,0,0.0,0.0,0.0
2024-04-22,2024,4,2024-W17,Atsinanana,-18.1492,49.4023,moyen,1750511,0,0,0,0,0,0,0,0,0.0,0.0,0.0
2024-04-29,2024,4,2024-W18,Atsinanana,-18.1492,49.4023,moyen,1750511,0,0,0,0,0,0,0,0,0.0,0.0,0.0
2024-05-06,2024,5,2024-W19,Atsinanana,-18.1492,49.4023,moyen,1750511,0,0,0,0,0,0,0,0,0.0,0.0,0.0
2024-05-13,2024,5,2024-W20,Atsinanana,-18.1492,49.4023,moyen,1750511,0,0,0,0,0,0,0,0,0.0,0.0,0.0
2024-05-20,2024,5,2024-W21,Atsinanana,-18.1492,49.4023,moyen,1750511,0,0,0,0,0,0,0,0,0.0,0.0,0.0
2024-05-27,2024,5,2024-W22,Atsinanana,-18.1492,49.4023,moyen,1750511,0,0,0,0,0,0,0,0,0.0,0.0,0.0
2024-06-03,2024,6,2024-W23,Atsinanana,-18.1492,49.4023,moyen,1750511,0,0,0,0,0,0,0,0,0.0,0.0,0.0
2024-06-10,2024,6,2024-W24,Atsinanana,-18.1492,49.4023,moyen,1750511,0,0,0,0,0,0,0,0,0.0,0.0,0.0
2024-06-17,2024,6,2024-W25,Atsinanana,-18.1492,49.4023,moyen,1750511,0,0,0,0,0,0,0,0,0.0,0.0,0.0
2024-06-24,2024,6,2024-W26,Atsinanana,-18.1492,49.4023,moyen,1750511,0,0,0,0,0,0,0,0,0.0,0.0,0.0
2024-07-01,2024,7,2024-W27,Atsinanana,-18.1492,49.4023,moyen,1750511,0,0,0,0,0,0,0,0,0.0,0.0,0.0
2024-07-08,2024,7,2024-W28,Atsinanana,-18.1492,49.4023,moyen,1750511,0,0,0,0,0,0,0,0,0.0,0.0,0.0
2024-07-15,2024,7,2024-W29,Atsinanana,-18.1492,49.4023,moyen,1750511,0,0,0,0,0,0,0,0,0.0,0.0,0.0
2024-07-22,2024,7,2024-W30,Atsinanana,-18.1492,49.4023,moyen,1750511,0,0,0,0,0,0,0,0,0.0,0.0,0.0
2024-07-29,2024,7,2024-W31,Atsinanana,-18.1492,49.4023,moyen,1750511,0,0,0,0,0,0,0,0,0.0,0.0,0.0
2024-08-05,2024,8,2024-W32,Atsinanana,-18.1492,49.4023,moyen,1750511,0,0,0,0,0,0,0,0,0.0,0.0,0.0
2024-08-12,2024,8,2024-W33,Atsinanana,-18.1492,49.4023,moyen,1750511,0,0,0,0,0,0,0,0,0.0,0.0,0.0
2024-08-19,2024,8,2024-W34,Atsinanana,-18.1492,49.4023,moyen,1750511,0,0,0,0,0,0,0,0,0.0,0.0,0.0
2024-08-26,2024,8,2024-W35,Atsinanana,-18.1492,49.4023,moyen,1750511,0,0,0,0,0,0,0,0,0.0,0.0,0.0
2024-09-02,2024,9,2024-W36,Atsinanana,-18.1492,49.4023,moyen,1750511,0,0,0,0,0,0,0,0,0.0,0.0,0.0
2024-09-09,2024,9,2024-W37,Atsinanana,-18.1492,49.4023,moyen,1750511,0,0,0,0,0,0,0,0,0.0,0.0,0.0
2024-09-16,2024,9,2024-W38,Atsinanana,-18.1492,49.4023,moyen,1750511,0,0,0,0,0,0,0,0,0.0,0.0,0.0
2024-09-23,2024,9,2024-W39,Atsinanana,-18.1492,49.4023,moyen,1750511,0,0,0,0,0,0,0,0,0.0,0.0,0.0
2024-09-30,2024,9,2024-W40,Atsinanana,-18.1492,49.4023,moyen,1750511,0,0,0,0,0,0,0,0,0.0,0.0,0.0
2024-10-07,2024,10,2024-W41,Atsinanana,-18.1492,49.4023,moyen,1750511,0,0,0,0,0,0,0,0,0.0,0.0,0.0
2024-10-14,2024,10,2024-W42,Atsinanana,-18.1492,49.4023,moyen,1750511,0,0,0,0,0,0,0,0,0.0,0.0,0.0
2024-10-21,2024,10,2024-W43,Atsinanana,-18.1492,49.4023,moyen,1750511,0,0,0,0,0,0,0,0,0.0,0.0,0.0
2024-10-28,2024,10,2024-W44,Atsinanana,-18.1492,49.4023,moyen,1750511,0,0,0,0,0,0,0,0,0.0,0.0,0.0
2024-11-04,2024,11,2024-W45,Atsinanana,-18.1492,49.4023,moyen,1750511,0,0,0,0,0,0,0,0,0.0,0.0,0.0
2024-11-11,2024,11,2024-W46,Atsinanana,-18.1492,49.4023,moyen,1750511,0,0,0,0,0,0,0,0,0.0,0.0,0.0
2024-11-18,2024,11,2024-W47,Atsinanana,-18.1492,49.4023,moyen,1750511,0,0,0,0,0,0,0,0,0.0,0.0,0.0
2024-11-25,2024,11,2024-W48,Atsinanana,-18.1492,49.4023,moyen,1750511,0,0,0,0,0,0,0,0,0.0,0.0,0.0
2024-12-02,2024,12,2024-W49,Atsinanana,-18.1492,49.4023,moyen,1750511,0,0,0,0,0,0,0,0,0.0,0.0,0.0
2024-12-09,2024,12,2024-W50,Atsinanana,-18.1492,49.4023,moyen,1750511,0,0,0,0,0,0,0,0,0.0,0.0,0.0
2024-12-16,2024,12,2024-W51,Atsinanana,-18.1492,49.4023,moyen,1750511,0,0,0,0,0,0,0,0,0.0,0.0,0.0
2024-12-23,2024,12,2024-W52,Atsinanana,-18.1492,49.4023,moyen,1750511,0,0,0,0,0,0,0,0,0.0,0.0,0.0
2024-12-30,2024,12,2025-W01,Atsinanana,-18.1492,49.4023,moyen,1750511,0,0,0,0,0,0,0,0,0.0,0.0,0.0
2025-01-06,2025,1,2025-W02,Atsinanana,-18.1492,49.4023,moyen,1750511,0,0,0,0,0,0,0,0,0.0,0.0,0.0
2025-01-13,2025,1,2025-W03,Atsinanana,-18.1492,49.4023,moyen,1750511,0,0,0,0,0,0,0,0,0.0,0.0,0.0
2025-01-20,2025,1,2025-W04,Atsinanana,-18.1492,49.4023,moyen,1750511,0,0,0,0,0,0,0,0,0.0,0.0,0.0
2025-01-27,2025,1,2025-W05,Atsinanana,-18.1492,49.4023,moyen,1750511,0,0,0,0,0,0,0,0,0.0,0.0,0.0
2025-02-03,2025,2,2025-W06,Atsinanana,-18.1492,49.4023,moyen,1750511,0,0,0,0,0,0,0,0,0.0,0.0,0.0
2025-02-10,2025,2,2025-W07,Atsinanana,-18.1492,49.4023,moyen,1750511,0,0,0,0,0,0,0,0,0.0,0.0,0.0
2025-02-17,2025,2,2025-W08,Atsinanana,-18.1492,49.4023,moyen,1750511,0,0,0,0,0,0,0,0,0.0,0.0,0.0
2025-02-24,2025,2,2025-W09,Atsinanana,-18.1492,49.4023,moyen,1750511,0,0,0,0,0,0,0,0,0.0,0.0,0.0
2025-03-03,2025,3,2025-W10,Atsinanana,-18.1492,49.4023,moyen,1750511,0,0,0,0,0,0,0,0,0.0,0.0,0.0
2025-03-10,2025,3,2025-W11,Atsinanana,-18.1492,49.4023,moyen,1750511,0,0,0,0,0,0,0,0,0.0,0.0,0.0
2025-03-17,2025,3,2025-W12,Atsinanana,-18.1492,49.4023,moyen,1750511,0,0,0,0,0,0,0,0,0.0,0.0,0.0
2025-03-24,2025,3,2025-W13,Atsinanana,-18.1492,49.4023,moyen,1750511,0,0,0,0,0,0,0,0,0.0,0.0,0.0
2025-03-31,2025,3,2025-W14,Atsinanana,-18.1492,49.4023,moyen,1750511,0,0,0,0,0,0,0,0,0.0,0.0,0.0
2025-04-07,2025,4,2025-W15,Atsinanana,-18.1492,49.4023,moyen,1750511,0,0,0,0,0,0,0,0,0.0,0.0,0.0
2025-04-14,2025,4,2025-W16,Atsinanana,-18.1492,49.4023,moyen,1750511,0,0,0,0,0,0,0,0,0.0,0.0,0.0
2025-04-21,2025,4,2025-W17,Atsinanana,-18.1492,49.4023,moyen,1750511,0,0,0,0,0,0,0,0,0.0,0.0,0.0
2025-04-28,2025,4,2025-W18,Atsinanana,-18.1492,49.4023,moyen,1750511,0,0,0,0,0,0,0,0,0.0,0.0,0.0
2025-05-05,2025,5,2025-W19,Atsinanana,-18.1492,49.4023,moyen,1750511,0,0,0,0,0,0,0,0,0.0,0.0,0.0
2025-05-12,2025,5,2025-W20,Atsinanana,-18.1492,49.4023,moyen,1750511,0,0,0,0,0,0,0,0,0.0,0.0,0.0
2025-05-19,2025,5,2025-W21,Atsinanana,-18.1492,49.4023,moyen,1750511,0,0,0,0,0,0,0,0,0.0,0.0,0.0
2025-05-26,2025,5,2025-W22,Atsinanana,-18.1492,49.4023,moyen,1750511,0,0,0,0,0,0,0,0,0.0,0.0,0.0
2025-06-02,2025,6,2025-W23,Atsinanana,-18.1492,49.4023,moyen,1750511,0,0,0,0,0,0,0,0,0.0,0.0,0.0
2025-06-09,2025,6,2025-W24,Atsinanana,-18.1492,49.4023,moyen,1750511,0,0,0,0,0,0,0,0,0.0,0.0,0.0
2025-06-16,2025,6,2025-W25,Atsinanana,-18.1492,49.4023,moyen,1750511,0,0,0,0,0,0,0,0,0.0,0.0,0.0
2025-06-23,2025,6,2025-W26,Atsinanana,-18.1492,49.4023,moyen,1750511,0,0,0,0,0,0,0,0,0.0,0.0,0.0
2025-06-30,2025,6,2025-W27,Atsinanana,-18.1492,49.4023,moyen,1750511,0,0,0,0,0,0,0,0,0.0,0.0,0.0
2025-07-07,2025,7,2025-W28,Atsinanana,-18.1492,49.4023,moyen,1750511,0,0,0,0,0,0,0,0,0.0,0.0,0.0
2025-07-14,2025,7,2025-W29,Atsinanana,-18.1492,49.4023,moyen,1750511,0,0,0,0,0,0,0,0,0.0,0.0,0.0
2025-07-21,2025,7,2025-W30,Atsinanana,-18.1492,49.4023,moyen,1750511,0,0,0,0,0,0,0,0,0.0,0.0,0.0
2025-07-28,2025,7,2025-W31,Atsinanana,-18.1492,49.4023,moyen,1750511,0,0,0,0,0,0,0,0,0.0,0.0,0.0
2025-08-04,2025,8,2025-W32,Atsinanana,-18.1492,49.4023,moyen,1750511,0,0,0,0,0,0,0,0,0.0,0.0,0.0
2025-08-11,2025,8,2025-W33,Atsinanana,-18.1492,49.4023,moyen,1750511,0,0,0,0,0,0,0,0,0.0,0.0,0.0
2025-08-18,2025,8,2025-W34,Atsinanana,-18.1492,49.4023,moyen,1750511,0,0,0,0,0,0,0,0,0.0,0.0,0.0
2025-08-25,2025,8,2025-W35,Atsinanana,-18.1492,49.4023,moyen,1750511,0,0,0,0,0,0,0,0,0.0,0.0,0.0
2025-09-01,2025,9,2025-W36,Atsinanana,-18.1492,49.4023,moyen,1750511,0,0,0,0,0,0,0,0,0.0,0.0,0.0
2025-09-08,2025,9,2025-W37,Atsinanana,-18.1492,49.4023,moyen,1750511,0,0,0,0,0,0,0,0,0.0,0.0,0.0
2025-09-15,2025,9,2025-W38,Atsinanana,-18.1492,49.4023,moyen,1750511,0,0,0,0,0,0,0,0,0.0,0.0,0.0
2025-09-22,2025,9,2025-W39,Atsinanana,-18.1492,49.4023,moyen,1750511,0,0,0,0,0,0,0,0,0.0,0.0,0.0
2025-09-29,2025,9,2025-W40,Atsinanana,-18.1492,49.4023,moyen,1750511,0,0,0,0,0,0,0,0,0.0,0.0,0.0
2025-10-06,2025,10,2025-W41,Atsinanana,-18.1492,49.4023,moyen,1750511,0,0,0,0,0,0,0,0,0.0,0.0,0.0
2025-10-13,2025,10,2025-W42,Atsinanana,-18.1492,49.4023,moyen,1750511,0,0,0,0,0,0,0,0,0.0,0.0,0.0
2025-10-20,2025,10,2025-W43,Atsinanana,-18.1492,49.4023,moyen,1750511,0,0,0,0,0,0,0,0,0.0,0.0,0.0
2025-10-27,2025,10,2025-W44,Atsinanana,-18.1492,49.4023,moyen,1750511,0,0,0,0,0,0,0,0,0.0,0.0,0.0
2025-11-03,2025,11,2025-W45,Atsinanana,-18.1492,49.4023,moyen,1750511,0,0,0,0,0,0,0,0,0.0,0.0,0.0
2025-11-10,2025,11,2025-W46,Atsinanana,-18.1492,49.4023,moyen,1750511,0,0,0,0,0,0,0,0,0.0,0.0,0.0
2025-11-17,2025,11,2025-W47,Atsinanana,-18.1492,49.4023,moyen,1750511,0,0,0,0,0,0,0,0,0.0,0.0,0.0
2025-11-24,2025,11,2025-W48,Atsinanana,-18.1492,49.4023,moyen,1750511,0,0,0,0,0,0,0,0,0.0,0.0,0.0
2025-12-01,2025,12,2025-W49,Atsinanana,-18.1492,49.4023,moyen,1750511,0,0,0,0,0,0,0,0,0.0,0.0,0.0
2025-12-08,2025,12,2025-W50,Atsinanana,-18.1492,49.4023,moyen,1750511,0,0,0,0,0,0,0,0,0.0,0.0,0.0
2025-12-15,2025,12,2025-W51,Atsinanana,-18.1492,49.4023,moyen,1750511,0,0,0,0,0,0,0,0,0.0,0.0,0.0
2025-12-22,2025,12,2025-W52,Atsinanana,-18.1492,49.4023,moyen,1750511,0,0,0,0,0,0,0,0,0.0,0.0,0.0
2025-12-29,2025,12,2026-W01,Atsinanana,-18.1492,49.4023,moyen,1750511,0,0,0,0,0,0,0,0,0.0,0.0,0.0
2026-01-05,2026,1,2026-W02,Atsinanana,-18.1492,49.4023,moyen,1750511,0,0,0,0,0,0,0,0,0.0,0.0,0.0
2026-01-12,2026,1,2026-W03,Atsinanana,-18.1492,49.4023,moyen,1750511,0,0,0,0,0,0,0,0,0.0,0.0,0.0
2026-01-19,2026,1,2026-W04,Atsinanana,-18.1492,49.4023,moyen,1750511,0,0,0,0,0,0,0,0,0.0,0.0,0.0
2026-01-26,2026,1,2026-W05,Atsinanana,-18.1492,49.4023,moyen,1750511,0,0,0,0,0,0,0,0,0.0,0.0,0.0
2026-02-02,2026,2,2026-W06,Atsinanana,-18.1492,49.4023,moyen,1750511,0,0,0,0,0,0,0,0,0.0,0.0,0.0
2026-02-09,2026,2,2026-W07,Atsinanana,-18.1492,49.4023,moyen,1750511,0,0,0,0,0,0,0,0,0.0,0.0,0.0
2026-02-16,2026,2,2026-W08,Atsinanana,-18.1492,49.4023,moyen,1750511,0,0,0,0,0,0,0,0,0.0,0.0,0.0
2026-02-23,2026,2,2026-W09,Atsinanana,-18.1492,49.4023,moyen,1750511,0,0,0,0,0,0,0,0,0.0,0.0,0.0
2026-03-02,2026,3,2026-W10,Atsinanana,-18.1492,49.4023,moyen,1750511,0,0,0,0,0,0,0,0,0.0,0.0,0.0
2026-03-09,2026,3,2026-W11,Atsinanana,-18.1492,49.4023,moyen,1750511,0,0,0,0,0,0,0,0,0.0,0.0,0.0
2026-03-16,2026,3,2026-W12,Atsinanana,-18.1492,49.4023,moyen,1750511,0,0,0,0,0,0,0,0,0.0,0.0,0.0
2026-03-23,2026,3,2026-W13,Atsinanana,-18.1492,49.4023,moyen,1750511,0,0,0,0,0,0,0,0,0.0,0.0,0.0
2026-03-30,2026,3,2026-W14,Atsinanana,-18.1492,49.4023,moyen,1750511,0,0,0,0,0,0,0,0,0.0,0.0,0.0
2026-04-06,2026,4,2026-W15,Atsinanana,-18.1492,49.4023,moyen,1750511,0,0,0,0,0,0,0,0,0.0,0.0,0.0
2026-04-13,2026,4,2026-W16,Atsinanana,-18.1492,49.4023,moyen,1750511,0,0,0,0,0,0,0,0,0.0,0.0,0.0
2026-04-20,2026,4,2026-W17,Atsinanana,-18.1492,49.4023,moyen,1750511,0,0,0,0,0,0,0,0,0.0,0.0,0.0
2026-04-27,2026,4,2026-W18,Atsinanana,-18.1492,49.4023,moyen,1750511,0,0,0,0,0,0,0,0,0.0,0.0,0.0
2026-05-04,2026,5,2026-W19,Atsinanana,-18.1492,49.4023,moyen,1750511,0,0,0,0,0,0,0,0,0.0,0.0,0.0
2026-05-11,2026,5,2026-W20,Atsinanana,-18.1492,49.4023,moyen,1750511,0,0,0,0,0,0,0,0,0.0,0.0,0.0
2026-05-18,2026,5,2026-W21,Atsinanana,-18.1492,49.4023,moyen,1750511,0,0,0,0,0,0,0,0,0.0,0.0,0.0
2026-05-25,2026,5,2026-W22,Atsinanana,-18.1492,49.4023,moyen,1750511,0,0,0,0,0,0,0,0,0.0,0.0,0.0
2026-06-01,2026,6,2026-W23,Atsinanana,-18.1492,49.4023,moyen,1750511,0,0,0,0,0,0,0,0,0.0,0.0,0.0
2026-06-08,2026,6,2026-W24,Atsinanana,-18.1492,49.4023,moyen,1750511,0,0,0,0,0,0,0,0,0.0,0.0,0.0
2026-06-15,2026,6,2026-W25,Atsinanana,-18.1492,49.4023,moyen,1750511,0,0,0,0,0,0,0,0,0.0,0.0,0.0
2026-06-22,2026,6,2026-W26,Atsinanana,-18.1492,49.4023,moyen,1750511,0,0,0,0,0,0,0,0,0.0,0.0,0.0
2026-06-29,2026,6,2026-W27,Atsinanana,-18.1492,49.4023,moyen,1750511,0,0,0,0,0,0,0,0,0.0,0.0,0.0
2026-07-06,2026,7,2026-W28,Atsinanana,-18.1492,49.4023,moyen,1750511,0,0,0,0,0,0,0,0,0.0,0.0,0.0
2026-07-13,2026,7,2026-W29,Atsinanana,-18.1492,49.4023,moyen,1750511,0,0,0,0,0,0,0,0,0.0,0.0,0.0
2026-07-20,2026,7,2026-W30,Atsinanana,-18.1492,49.4023,moyen,1750511,0,0,0,0,0,0,0,0,0.0,0.0,0.0
2026-07-27,2026,7,2026-W31,Atsinanana,-18.1492,49.4023,moyen,1750511,0,0,0,0,0,0,0,0,0.0,0.0,0.0
2020-01-06,2020,1,2020-W02,Boeny,-15.7167,46.3167,faible,1100305,0,0,0,0,0,0,0,0,0.0,0.0,0.0
2020-01-13,2020,1,2020-W03,Boeny,-15.7167,46.3167,faible,1100305,0,0,0,0,0,0,0,0,0.0,0.0,0.0
2020-01-20,2020,1,2020-W04,Boeny,-15.7167,46.3167,faible,1100305,0,0,0,0,0,0,0,0,0.0,0.0,0.0
2020-01-27,2020,1,2020-W05,Boeny,-15.7167,46.3167,faible,1100305,0,0,0,0,0,0,0,0,0.0,0.0,0.0
2020-02-03,2020,2,2020-W06,Boeny,-15.7167,46.3167,faible,1100305,0,0,0,0,0,0,0,0,0.0,0.0,0.0
2020-02-10,2020,2,2020-W07,Boeny,-15.7167,46.3167,faible,1100305,0,0,0,0,0,0,0,0,0.0,0.0,0.0
2020-02-17,2020,2,2020-W08,Boeny,-15.7167,46.3167,faible,1100305,0,0,0,0,0,0,0,0,0.0,0.0,0.0
2020-02-24,2020,2,2020-W09,Boeny,-15.7167,46.3167,faible,1100305,0,0,0,0,0,0,0,0,0.0,0.0,0.0
2020-03-02,2020,3,2020-W10,Boeny,-15.7167,46.3167,faible,1100305,0,0,0,0,0,0,0,0,0.0,0.0,0.0
2020-03-09,2020,3,2020-W11,Boeny,-15.7167,46.3167,faible,1100305,0,0,0,0,0,0,0,0,0.0,0.0,0.0
2020-03-16,2020,3,2020-W12,Boeny,-15.7167,46.3167,faible,1100305,0,0,0,0,0,0,0,0,0.0,0.0,0.0
2020-03-23,2020,3,2020-W13,Boeny,-15.7167,46.3167,faible,1100305,0,0,0,0,0,0,0,0,0.0,0.0,0.0
2020-03-30,2020,3,2020-W14,Boeny,-15.7167,46.3167,faible,1100305,0,0,0,0,0,0,0,0,0.0,0.0,0.0
2020-04-06,2020,4,2020-W15,Boeny,-15.7167,46.3167,faible,1100305,0,0,0,0,0,0,0,0,0.0,0.0,0.0
2020-04-13,2020,4,2020-W16,Boeny,-15.7167,46.3167,faible,1100305,0,0,0,0,0,0,0,0,0.0,0.0,0.0
2020-04-20,2020,4,2020-W17,Boeny,-15.7167,46.3167,faible,1100305,0,0,0,0,0,0,0,0,0.0,0.0,0.0
2020-04-27,2020,4,2020-W18,Boeny,-15.7167,46.3167,faible,1100305,0,0,0,0,0,0,0,0,0.0,0.0,0.0
2020-05-04,2020,5,2020-W19,Boeny,-15.7167,46.3167,faible,1100305,0,0,0,0,0,0,0,0,0.0,0.0,0.0
2020-05-11,2020,5,2020-W20,Boeny,-15.7167,46.3167,faible,1100305,0,0,0,0,0,0,0,0,0.0,0.0,0.0
2020-05-18,2020,5,2020-W21,Boeny,-15.7167,46.3167,faible,1100305,0,0,0,0,0,0,0,0,0.0,0.0,0.0
2020-05-25,2020,5,2020-W22,Boeny,-15.7167,46.3167,faible,1100305,0,0,0,0,0,0,0,0,0.0,0.0,0.0
2020-06-01,2020,6,2020-W23,Boeny,-15.7167,46.3167,faible,1100305,0,0,0,0,0,0,0,0,0.0,0.0,0.0
2020-06-08,2020,6,2020-W24,Boeny,-15.7167,46.3167,faible,1100305,0,0,0,0,0,0,0,0,0.0,0.0,0.0
2020-06-15,2020,6,2020-W25,Boeny,-15.7167,46.3167,faible,1100305,0,0,0,0,0,0,0,0,0.0,0.0,0.0
2020-06-22,2020,6,2020-W26,Boeny,-15.7167,46.3167,faible,1100305,0,0,0,0,0,0,0,0,0.0,0.0,0.0
2020-06-29,2020,6,2020-W27,Boeny,-15.7167,46.3167,faible,1100305,0,0,0,0,0,0,0,0,0.0,0.0,0.0
2020-07-06,2020,7,2020-W28,Boeny,-15.7167,46.3167,faible,1100305,0,0,0,0,0,0,0,0,0.0,0.0,0.0
2020-07-13,2020,7,2020-W29,Boeny,-15.7167,46.3167,faible,1100305,0,0,0,0,0,0,0,0,0.0,0.0,0.0
2020-07-20,2020,7,2020-W30,Boeny,-15.7167,46.3167,faible,1100305,0,0,0,0,0,0,0,0,0.0,0.0,0.0
2020-07-27,2020,7,2020-W31,Boeny,-15.7167,46.3167,faible,1100305,0,0,0,0,0,0,0,0,0.0,0.0,0.0
2020-08-03,2020,8,2020-W32,Boeny,-15.7167,46.3167,faible,1100305,0,0,0,0,0,0,0,0,0.0,0.0,0.0
2020-08-10,2020,8,2020-W33,Boeny,-15.7167,46.3167,faible,1100305,0,0,0,0,0,0,0,0,0.0,0.0,0.0
2020-08-17,2020,8,2020-W34,Boeny,-15.7167,46.3167,faible,1100305,0,0,0,0,0,0,0,0,0.0,0.0,0.0
2020-08-24,2020,8,2020-W35,Boeny,-15.7167,46.3167,faible,1100305,0,0,0,0,0,0,0,0,0.0,0.0,0.0
2020-08-31,2020,8,2020-W36,Boeny,-15.7167,46.3167,faible,1100305,0,0,0,0,0,0,0,0,0.0,0.0,0.0
2020-09-07,2020,9,2020-W37,Boeny,-15.7167,46.3167,faible,1100305,0,0,0,0,0,0,0,0,0.0,0.0,0.0
2020-09-14,2020,9,2020-W38,Boeny,-15.7167,46.3167,faible,1100305,0,0,0,0,0,0,0,0,0.0,0.0,0.0
2020-09-21,2020,9,2020-W39,Boeny,-15.7167,46.3167,faible,1100305,0,0,0,0,0,0,0,0,0.0,0.0,0.0
2020-09-28,2020,9,2020-W40,Boeny,-15.7167,46.3167,faible,1100305,0,0,0,0,0,0,0,0,0.0,0.0,0.0
2020-10-05,2020,10,2020-W41,Boeny,-15.7167,46.3167,faible,1100305,0,0,0,0,0,0,0,0,0.0,0.0,0.0
2020-10-12,2020,10,2020-W42,Boeny,-15.7167,46.3167,faible,1100305,0,0,0,0,0,0,0,0,0.0,0.0,0.0
2020-10-19,2020,10,2020-W43,Boeny,-15.7167,46.3167,faible,1100305,0,0,0,0,0,0,0,0,0.0,0.0,0.0
2020-10-26,2020,10,2020-W44,Boeny,-15.7167,46.3167,faible,1100305,0,0,0,0,0,0,0,0,0.0,0.0,0.0
2020-11-02,2020,11,2020-W45,Boeny,-15.7167,46.3167,faible,1100305,0,0,0,0,0,0,0,0,0.0,0.0,0.0
2020-11-09,2020,11,2020-W46,Boeny,-15.7167,46.3167,faible,1100305,0,0,0,0,0,0,0,0,0.0,0.0,0.0
2020-11-16,2020,11,2020-W47,Boeny,-15.7167,46.3167,faible,1100305,0,0,0,0,0,0,0,0,0.0,0.0,0.0
2020-11-23,2020,11,2020-W48,Boeny,-15.7167,46.3167,faible,1100305,0,0,0,0,0,0,0,0,0.0,0.0,0.0
2020-11-30,2020,11,2020-W49,Boeny,-15.7167,46.3167,faible,1100305,0,0,0,0,0,0,0,0,0.0,0.0,0.0
2020-12-07,2020,12,2020-W50,Boeny,-15.7167,46.3167,faible,1100305,0,0,0,0,0,0,0,0,0.0,0.0,0.0
2020-12-14,2020,12,2020-W51,Boeny,-15.7167,46.3167,faible,1100305,0,0,0,0,0,0,0,0,0.0,0.0,0.0
2020-12-21,2020,12,2020-W52,Boeny,-15.7167,46.3167,faible,1100305,0,0,0,0,0,0,0,0,0.0,0.0,0.0
2020-12-28,2020,12,2020-W53,Boeny,-15.7167,46.3167,faible,1100305,0,0,0,0,0,0,0,0,0.0,0.0,0.0
2021-01-04,2021,1,2021-W01,Boeny,-15.7167,46.3167,faible,1100305,0,0,0,0,0,0,0,0,0.0,0.0,0.0
2021-01-11,2021,1,2021-W02,Boeny,-15.7167,46.3167,faible,1100305,0,0,0,0,0,0,0,0,0.0,0.0,0.0
2021-01-18,2021,1,2021-W03,Boeny,-15.7167,46.3167,faible,1100305,0,0,0,0,0,0,0,0,0.0,0.0,0.0
2021-01-25,2021,1,2021-W04,Boeny,-15.7167,46.3167,faible,1100305,0,0,0,0,0,0,0,0,0.0,0.0,0.0
2021-02-01,2021,2,2021-W05,Boeny,-15.7167,46.3167,faible,1100305,0,0,0,0,0,0,0,0,0.0,0.0,0.0
2021-02-08,2021,2,2021-W06,Boeny,-15.7167,46.3167,faible,1100305,0,0,0,0,0,0,0,0,0.0,0.0,0.0
2021-02-15,2021,2,2021-W07,Boeny,-15.7167,46.3167,faible,1100305,0,0,0,0,0,0,0,0,0.0,0.0,0.0
2021-02-22,2021,2,2021-W08,Boeny,-15.7167,46.3167,faible,1100305,0,0,0,0,0,0,0,0,0.0,0.0,0.0
2021-03-01,2021,3,2021-W09,Boeny,-15.7167,46.3167,faible,1100305,0,0,0,0,0,0,0,0,0.0,0.0,0.0
2021-03-08,2021,3,2021-W10,Boeny,-15.7167,46.3167,faible,1100305,0,0,0,0,0,0,0,0,0.0,0.0,0.0
2021-03-15,2021,3,2021-W11,Boeny,-15.7167,46.3167,faible,1100305,0,0,0,0,0,0,0,0,0.0,0.0,0.0
2021-03-22,2021,3,2021-W12,Boeny,-15.7167,46.3167,faible,1100305,0,0,0,0,0,0,0,0,0.0,0.0,0.0
2021-03-29,2021,3,2021-W13,Boeny,-15.7167,46.3167,faible,1100305,0,0,0,0,0,0,0,0,0.0,0.0,0.0
2021-04-05,2021,4,2021-W14,Boeny,-15.7167,46.3167,faible,1100305,0,0,0,0,0,0,0,0,0.0,0.0,0.0
2021-04-12,2021,4,2021-W15,Boeny,-15.7167,46.3167,faible,1100305,0,0,0,0,0,0,0,0,0.0,0.0,0.0
2021-04-19,2021,4,2021-W16,Boeny,-15.7167,46.3167,faible,1100305,0,0,0,0,0,0,0,0,0.0,0.0,0.0
2021-04-26,2021,4,2021-W17,Boeny,-15.7167,46.3167,faible,1100305,0,0,0,0,0,0,0,0,0.0,0.0,0.0
2021-05-03,2021,5,2021-W18,Boeny,-15.7167,46.3167,faible,1100305,0,0,0,0,0,0,0,0,0.0,0.0,0.0
2021-05-10,2021,5,2021-W19,Boeny,-15.7167,46.3167,faible,1100305,0,0,0,0,0,0,0,0,0.0,0.0,0.0
2021-05-17,2021,5,2021-W20,Boeny,-15.7167,46.3167,faible,1100305,0,0,0,0,0,0,0,0,0.0,0.0,0.0
2021-05-24,2021,5,2021-W21,Boeny,-15.7167,46.3167,faible,1100305,0,0,0,0,0,0,0,0,0.0,0.0,0.0
2021-05-31,2021,5,2021-W22,Boeny,-15.7167,46.3167,faible,1100305,0,0,0,0,0,0,0,0,0.0,0.0,0.0
2021-06-07,2021,6,2021-W23,Boeny,-15.7167,46.3167,faible,1100305,0,0,0,0,0,0,0,0,0.0,0.0,0.0
2021-06-14,2021,6,2021-W24,Boeny,-15.7167,46.3167,faible,1100305,0,0,0,0,0,0,0,0,0.0,0.0,0.0
2021-06-21,2021,6,2021-W25,Boeny,-15.7167,46.3167,faible,1100305,0,0,0,0,0,0,0,0,0.0,0.0,0.0
2021-06-28,2021,6,2021-W26,Boeny,-15.7167,46.3167,faible,1100305,0,0,0,0,0,0,0,0,0.0,0.0,0.0
2021-07-05,2021,7,2021-W27,Boeny,-15.7167,46.3167,faible,1100305,0,0,0,0,0,0,0,0,0.0,0.0,0.0
2021-07-12,2021,7,2021-W28,Boeny,-15.7167,46.3167,faible,1100305,0,0,0,0,0,0,0,0,0.0,0.0,0.0
2021-07-19,2021,7,2021-W29,Boeny,-15.7167,46.3167,faible,1100305,0,0,0,0,0,0,0,0,0.0,0.0,0.0
2021-07-26,2021,7,2021-W30,Boeny,-15.7167,46.3167,faible,1100305,0,0,0,0,0,0,0,0,0.0,0.0,0.0
2021-08-02,2021,8,2021-W31,Boeny,-15.7167,46.3167,faible,1100305,0,0,0,0,0,0,0,0,0.0,0.0,0.0
2021-08-09,2021,8,2021-W32,Boeny,-15.7167,46.3167,faible,1100305,0,0,0,0,0,0,0,0,0.0,0.0,0.0
2021-08-16,2021,8,2021-W33,Boeny,-15.7167,46.3167,faible,1100305,0,0,0,0,0,0,0,0,0.0,0.0,0.0
2021-08-23,2021,8,2021-W34,Boeny,-15.7167,46.3167,faible,1100305,0,0,0,0,0,0,0,0,0.0,0.0,0.0
2021-08-30,2021,8,2021-W35,Boeny,-15.7167,46.3167,faible,1100305,0,0,0,0,0,0,0,0,0.0,0.0,0.0
2021-09-06,2021,9,2021-W36,Boeny,-15.7167,46.3167,faible,1100305,0,0,0,0,0,0,0,0,0.0,0.0,0.0
2021-09-13,2021,9,2021-W37,Boeny,-15.7167,46.3167,faible,1100305,0,0,0,0,0,0,0,0,0.0,0.0,0.0
2021-09-20,2021,9,2021-W38,Boeny,-15.7167,46.3167,faible,1100305,0,0,0,0,0,0,0,0,0.0,0.0,0.0
2021-09-27,2021,9,2021-W39,Boeny,-15.7167,46.3167,faible,1100305,0,0,0,0,0,0,0,0,0.0,0.0,0.0
2021-10-04,2021,10,2021-W40,Boeny,-15.7167,46.3167,faible,1100305,0,0,0,0,0,0,0,0,0.0,0.0,0.0
2021-10-11,2021,10,2021-W41,Boeny,-15.7167,46.3167,faible,1100305,0,0,0,0,0,0,0,0,0.0,0.0,0.0
2021-10-18,2021,10,2021-W42,Boeny,-15.7167,46.3167,faible,1100305,0,0,0,0,0,0,0,0,0.0,0.0,0.0
2021-10-25,2021,10,2021-W43,Boeny,-15.7167,46.3167,faible,1100305,0,0,0,0,0,0,0,0,0.0,0.0,0.0
2021-11-01,2021,11,2021-W44,Boeny,-15.7167,46.3167,faible,1100305,0,0,0,0,0,0,0,0,0.0,0.0,0.0
2021-11-08,2021,11,2021-W45,Boeny,-15.7167,46.3167,faible,1100305,0,0,0,0,0,0,0,0,0.0,0.0,0.0
2021-11-15,2021,11,2021-W46,Boeny,-15.7167,46.3167,faible,1100305,0,0,0,0,0,0,0,0,0.0,0.0,0.0
2021-11-22,2021,11,2021-W47,Boeny,-15.7167,46.3167,faible,1100305,0,0,0,0,0,0,0,0,0.0,0.0,0.0
2021-11-29,2021,11,2021-W48,Boeny,-15.7167,46.3167,faible,1100305,0,0,0,0,0,0,0,0,0.0,0.0,0.0
2021-12-06,2021,12,2021-W49,Boeny,-15.7167,46.3167,faible,1100305,0,0,0,0,0,0,0,0,0.0,0.0,0.0
2021-12-13,2021,12,2021-W50,Boeny,-15.7167,46.3167,faible,1100305,0,0,0,0,0,0,0,0,0.0,0.0,0.0
2021-12-20,2021,12,2021-W51,Boeny,-15.7167,46.3167,faible,1100305,0,0,0,0,0,0,0,0,0.0,0.0,0.0
2021-12-27,2021,12,2021-W52,Boeny,-15.7167,46.3167,faible,1100305,0,0,0,0,0,0,0,0,0.0,0.0,0.0
2022-01-03,2022,1,2022-W01,Boeny,-15.7167,46.3167,faible,1100305,0,0,0,0,0,0,0,0,0.0,0.0,0.0
2022-01-10,2022,1,2022-W02,Boeny,-15.7167,46.3167,faible,1100305,0,0,0,0,0,0,0,0,0.0,0.0,0.0
2022-01-17,2022,1,2022-W03,Boeny,-15.7167,46.3167,faible,1100305,0,0,0,0,0,0,0,0,0.0,0.0,0.0
2022-01-24,2022,1,2022-W04,Boeny,-15.7167,46.3167,faible,1100305,0,0,0,0,0,0,0,0,0.0,0.0,0.0
2022-01-31,2022,1,2022-W05,Boeny,-15.7167,46.3167,faible,1100305,0,0,0,0,0,0,0,0,0.0,0.0,0.0
2022-02-07,2022,2,2022-W06,Boeny,-15.7167,46.3167,faible,1100305,0,0,0,0,0,0,0,0,0.0,0.0,0.0
2022-02-14,2022,2,2022-W07,Boeny,-15.7167,46.3167,faible,1100305,0,0,0,0,0,0,0,0,0.0,0.0,0.0
2022-02-21,2022,2,2022-W08,Boeny,-15.7167,46.3167,faible,1100305,0,0,0,0,0,0,0,0,0.0,0.0,0.0
2022-02-28,2022,2,2022-W09,Boeny,-15.7167,46.3167,faible,1100305,0,0,0,0,0,0,0,0,0.0,0.0,0.0
2022-03-07,2022,3,2022-W10,Boeny,-15.7167,46.3167,faible,1100305,0,0,0,0,0,0,0,0,0.0,0.0,0.0
2022-03-14,2022,3,2022-W11,Boeny,-15.7167,46.3167,faible,1100305,0,0,0,0,0,0,0,0,0.0,0.0,0.0
2022-03-21,2022,3,2022-W12,Boeny,-15.7167,46.3167,faible,1100305,0,0,0,0,0,0,0,0,0.0,0.0,0.0
2022-03-28,2022,3,2022-W13,Boeny,-15.7167,46.3167,faible,1100305,0,0,0,0,0,0,0,0,0.0,0.0,0.0
2022-04-04,2022,4,2022-W14,Boeny,-15.7167,46.3167,faible,1100305,0,0,0,0,0,0,0,0,0.0,0.0,0.0
2022-04-11,2022,4,2022-W15,Boeny,-15.7167,46.3167,faible,1100305,0,0,0,0,0,0,0,0,0.0,0.0,0.0
2022-04-18,2022,4,2022-W16,Boeny,-15.7167,46.3167,faible,1100305,0,0,0,0,0,0,0,0,0.0,0.0,0.0
2022-04-25,2022,4,2022-W17,Boeny,-15.7167,46.3167,faible,1100305,0,0,0,0,0,0,0,0,0.0,0.0,0.0
2022-05-02,2022,5,2022-W18,Boeny,-15.7167,46.3167,faible,1100305,0,0,0,0,0,0,0,0,0.0,0.0,0.0
2022-05-09,2022,5,2022-W19,Boeny,-15.7167,46.3167,faible,1100305,0,0,0,0,0,0,0,0,0.0,0.0,0.0
2022-05-16,2022,5,2022-W20,Boeny,-15.7167,46.3167,faible,1100305,0,0,0,0,0,0,0,0,0.0,0.0,0.0
2022-05-23,2022,5,2022-W21,Boeny,-15.7167,46.3167,faible,1100305,0,0,0,0,0,0,0,0,0.0,0.0,0.0
2022-05-30,2022,5,2022-W22,Boeny,-15.7167,46.3167,faible,1100305,0,0,0,0,0,0,0,0,0.0,0.0,0.0
2022-06-06,2022,6,2022-W23,Boeny,-15.7167,46.3167,faible,1100305,0,0,0,0,0,0,0,0,0.0,0.0,0.0
2022-06-13,2022,6,2022-W24,Boeny,-15.7167,46.3167,faible,1100305,0,0,0,0,0,0,0,0,0.0,0.0,0.0
2022-06-20,2022,6,2022-W25,Boeny,-15.7167,46.3167,faible,1100305,0,0,0,0,0,0,0,0,0.0,0.0,0.0
2022-06-27,2022,6,2022-W26,Boeny,-15.7167,46.3167,faible,1100305,0,0,0,0,0,0,0,0,0.0,0.0,0.0
2022-07-04,2022,7,2022-W27,Boeny,-15.7167,46.3167,faible,1100305,0,0,0,0,0,0,0,0,0.0,0.0,0.0
2022-07-11,2022,7,2022-W28,Boeny,-15.7167,46.3167,faible,1100305,0,0,0,0,0,0,0,0,0.0,0.0,0.0
2022-07-18,2022,7,2022-W29,Boeny,-15.7167,46.3167,faible,1100305,0,0,0,0,0,0,0,0,0.0,0.0,0.0
2022-07-25,2022,7,2022-W30,Boeny,-15.7167,46.3167,faible,1100305,0,0,0,0,0,0,0,0,0.0,0.0,0.0
2022-08-01,2022,8,2022-W31,Boeny,-15.7167,46.3167,faible,1100305,0,0,0,0,0,0,0,0,0.0,0.0,0.0
2022-08-08,2022,8,2022-W32,Boeny,-15.7167,46.3167,faible,1100305,0,0,0,0,0,0,0,0,0.0,0.0,0.0
2022-08-15,2022,8,2022-W33,Boeny,-15.7167,46.3167,faible,1100305,0,0,0,0,0,0,0,0,0.0,0.0,0.0
2022-08-22,2022,8,2022-W34,Boeny,-15.7167,46.3167,faible,1100305,0,0,0,0,0,0,0,0,0.0,0.0,0.0
2022-08-29,2022,8,2022-W35,Boeny,-15.7167,46.3167,faible,1100305,0,0,0,0,0,0,0,0,0.0,0.0,0.0
2022-09-05,2022,9,2022-W36,Boeny,-15.7167,46.3167,faible,1100305,0,0,0,0,0,0,0,0,0.0,0.0,0.0
2022-09-12,2022,9,2022-W37,Boeny,-15.7167,46.3167,faible,1100305,0,0,0,0,0,0,0,0,0.0,0.0,0.0
2022-09-19,2022,9,2022-W38,Boeny,-15.7167,46.3167,faible,1100305,0,0,0,0,0,0,0,0,0.0,0.0,0.0
2022-09-26,2022,9,2022-W39,Boeny,-15.7167,46.3167,faible,1100305,0,0,0,0,0,0,0,0,0.0,0.0,0.0
2022-10-03,2022,10,2022-W40,Boeny,-15.7167,46.3167,faible,1100305,0,0,0,0,0,0,0,0,0.0,0.0,0.0
2022-10-10,2022,10,2022-W41,Boeny,-15.7167,46.3167,faible,1100305,0,0,0,0,0,0,0,0,0.0,0.0,0.0
2022-10-17,2022,10,2022-W42,Boeny,-15.7167,46.3167,faible,1100305,0,0,0,0,0,0,0,0,0.0,0.0,0.0
2022-10-24,2022,10,2022-W43,Boeny,-15.7167,46.3167,faible,1100305,0,0,0,0,0,0,0,0,0.0,0.0,0.0
2022-10-31,2022,10,2022-W44,Boeny,-15.7167,46.3167,faible,1100305,0,0,0,0,0,0,0,0,0.0,0.0,0.0
2022-11-07,2022,11,2022-W45,Boeny,-15.7167,46.3167,faible,1100305,0,0,0,0,0,0,0,0,0.0,0.0,0.0
2022-11-14,2022,11,2022-W46,Boeny,-15.7167,46.3167,faible,1100305,0,0,0,0,0,0,0,0,0.0,0.0,0.0
2022-11-21,2022,11,2022-W47,Boeny,-15.7167,46.3167,faible,1100305,0,0,0,0,0,0,0,0,0.0,0.0,0.0
2022-11-28,2022,11,2022-W48,Boeny,-15.7167,46.3167,faible,1100305,0,0,0,0,0,0,0,0,0.0,0.0,0.0
2022-12-05,2022,12,2022-W49,Boeny,-15.7167,46.3167,faible,1100305,0,0,0,0,0,0,0,0,0.0,0.0,0.0
2022-12-12,2022,12,2022-W50,Boeny,-15.7167,46.3167,faible,1100305,0,0,0,0,0,0,0,0,0.0,0.0,0.0
2022-12-19,2022,12,2022-W51,Boeny,-15.7167,46.3167,faible,1100305,0,0,0,0,0,0,0,0,0.0,0.0,0.0
2022-12-26,2022,12,2022-W52,Boeny,-15.7167,46.3167,faible,1100305,0,0,0,0,0,0,0,0,0.0,0.0,0.0
2023-01-02,2023,1,2023-W01,Boeny,-15.7167,46.3167,faible,1100305,0,0,0,0,0,0,0,0,0.0,0.0,0.0
2023-01-09,2023,1,2023-W02,Boeny,-15.7167,46.3167,faible,1100305,0,0,0,0,0,0,0,0,0.0,0.0,0.0
2023-01-16,2023,1,2023-W03,Boeny,-15.7167,46.3167,faible,1100305,0,0,0,0,0,0,0,0,0.0,0.0,0.0
2023-01-23,2023,1,2023-W04,Boeny,-15.7167,46.3167,faible,1100305,0,0,0,0,0,0,0,0,0.0,0.0,0.0
2023-01-30,2023,1,2023-W05,Boeny,-15.7167,46.3167,faible,1100305,0,0,0,0,0,0,0,0,0.0,0.0,0.0
2023-02-06,2023,2,2023-W06,Boeny,-15.7167,46.3167,faible,1100305,0,0,0,0,0,0,0,0,0.0,0.0,0.0
2023-02-13,2023,2,2023-W07,Boeny,-15.7167,46.3167,faible,1100305,0,0,0,0,0,0,0,0,0.0,0.0,0.0
2023-02-20,2023,2,2023-W08,Boeny,-15.7167,46.3167,faible,1100305,0,0,0,0,0,0,0,0,0.0,0.0,0.0
2023-02-27,2023,2,2023-W09,Boeny,-15.7167,46.3167,faible,1100305,0,0,0,0,0,0,0,0,0.0,0.0,0.0
2023-03-06,2023,3,2023-W10,Boeny,-15.7167,46.3167,faible,1100305,0,0,0,0,0,0,0,0,0.0,0.0,0.0
2023-03-13,2023,3,2023-W11,Boeny,-15.7167,46.3167,faible,1100305,0,0,0,0,0,0,0,0,0.0,0.0,0.0
2023-03-20,2023,3,2023-W12,Boeny,-15.7167,46.3167,faible,1100305,0,0,0,0,0,0,0,0,0.0,0.0,0.0
2023-03-27,2023,3,2023-W13,Boeny,-15.7167,46.3167,faible,1100305,0,0,0,0,0,0,0,0,0.0,0.0,0.0
2023-04-03,2023,4,2023-W14,Boeny,-15.7167,46.3167,faible,1100305,0,0,0,0,0,0,0,0,0.0,0.0,0.0
2023-04-10,2023,4,2023-W15,Boeny,-15.7167,46.3167,faible,1100305,0,0,0,0,0,0,0,0,0.0,0.0,0.0
2023-04-17,2023,4,2023-W16,Boeny,-15.7167,46.3167,faible,1100305,0,0,0,0,0,0,0,0,0.0,0.0,0.0
2023-04-24,2023,4,2023-W17,Boeny,-15.7167,46.3167,faible,1100305,0,0,0,0,0,0,0,0,0.0,0.0,0.0
2023-05-01,2023,5,2023-W18,Boeny,-15.7167,46.3167,faible,1100305,0,0,0,0,0,0,0,0,0.0,0.0,0.0
2023-05-08,2023,5,2023-W19,Boeny,-15.7167,46.3167,faible,1100305,0,0,0,0,0,0,0,0,0.0,0.0,0.0
2023-05-15,2023,5,2023-W20,Boeny,-15.7167,46.3167,faible,1100305,0,0,0,0,0,0,0,0,0.0,0.0,0.0
2023-05-22,2023,5,2023-W21,Boeny,-15.7167,46.3167,faible,1100305,0,0,0,0,0,0,0,0,0.0,0.0,0.0
2023-05-29,2023,5,2023-W22,Boeny,-15.7167,46.3167,faible,1100305,0,0,0,0,0,0,0,0,0.0,0.0,0.0
2023-06-05,2023,6,2023-W23,Boeny,-15.7167,46.3167,faible,1100305,0,0,0,0,0,0,0,0,0.0,0.0,0.0
2023-06-12,2023,6,2023-W24,Boeny,-15.7167,46.3167,faible,1100305,0,0,0,0,0,0,0,0,0.0,0.0,0.0
2023-06-19,2023,6,2023-W25,Boeny,-15.7167,46.3167,faible,1100305,0,0,0,0,0,0,0,0,0.0,0.0,0.0
2023-06-26,2023,6,2023-W26,Boeny,-15.7167,46.3167,faible,1100305,0,0,0,0,0,0,0,0,0.0,0.0,0.0
2023-07-03,2023,7,2023-W27,Boeny,-15.7167,46.3167,faible,1100305,0,0,0,0,0,0,0,0,0.0,0.0,0.0
2023-07-10,2023,7,2023-W28,Boeny,-15.7167,46.3167,faible,1100305,0,0,0,0,0,0,0,0,0.0,0.0,0.0
2023-07-17,2023,7,2023-W29,Boeny,-15.7167,46.3167,faible,1100305,0,0,0,0,0,0,0,0,0.0,0.0,0.0
2023-07-24,2023,7,2023-W30,Boeny,-15.7167,46.3167,faible,1100305,0,0,0,0,0,0,0,0,0.0,0.0,0.0
2023-07-31,2023,7,2023-W31,Boeny,-15.7167,46.3167,faible,1100305,0,0,0,0,0,0,0,0,0.0,0.0,0.0
2023-08-07,2023,8,2023-W32,Boeny,-15.7167,46.3167,faible,1100305,0,0,0,0,0,0,0,0,0.0,0.0,0.0
2023-08-14,2023,8,2023-W33,Boeny,-15.7167,46.3167,faible,1100305,0,0,0,0,0,0,0,0,0.0,0.0,0.0
2023-08-21,2023,8,2023-W34,Boeny,-15.7167,46.3167,faible,1100305,0,0,0,0,0,0,0,0,0.0,0.0,0.0
2023-08-28,2023,8,2023-W35,Boeny,-15.7167,46.3167,faible,1100305,0,0,0,0,0,0,0,0,0.0,0.0,0.0
2023-09-04,2023,9,2023-W36,Boeny,-15.7167,46.3167,faible,1100305,0,0,0,0,0,0,0,0,0.0,0.0,0.0
2023-09-11,2023,9,2023-W37,Boeny,-15.7167,46.3167,faible,1100305,0,0,0,0,0,0,0,0,0.0,0.0,0.0
2023-09-18,2023,9,2023-W38,Boeny,-15.7167,46.3167,faible,1100305,0,0,0,0,0,0,0,0,0.0,0.0,0.0
2023-09-25,2023,9,2023-W39,Boeny,-15.7167,46.3167,faible,1100305,0,0,0,0,0,0,0,0,0.0,0.0,0.0
2023-10-02,2023,10,2023-W40,Boeny,-15.7167,46.3167,faible,1100305,0,0,0,0,0,0,0,0,0.0,0.0,0.0
2023-10-09,2023,10,2023-W41,Boeny,-15.7167,46.3167,faible,1100305,0,0,0,0,0,0,0,0,0.0,0.0,0.0
2023-10-16,2023,10,2023-W42,Boeny,-15.7167,46.3167,faible,1100305,0,0,0,0,0,0,0,0,0.0,0.0,0.0
2023-10-23,2023,10,2023-W43,Boeny,-15.7167,46.3167,faible,1100305,0,0,0,0,0,0,0,0,0.0,0.0,0.0
2023-10-30,2023,10,2023-W44,Boeny,-15.7167,46.3167,faible,1100305,0,0,0,0,0,0,0,0,0.0,0.0,0.0
2023-11-06,2023,11,2023-W45,Boeny,-15.7167,46.3167,faible,1100305,0,0,0,0,0,0,0,0,0.0,0.0,0.0
2023-11-13,2023,11,2023-W46,Boeny,-15.7167,46.3167,faible,1100305,0,0,0,0,0,0,0,0,0.0,0.0,0.0
2023-11-20,2023,11,2023-W47,Boeny,-15.7167,46.3167,faible,1100305,0,0,0,0,0,0,0,0,0.0,0.0,0.0
2023-11-27,2023,11,2023-W48,Boeny,-15.7167,46.3167,faible,1100305,0,0,0,0,0,0,0,0,0.0,0.0,0.0
2023-12-04,2023,12,2023-W49,Boeny,-15.7167,46.3167,faible,1100305,0,0,0,0,0,0,0,0,0.0,0.0,0.0
2023-12-11,2023,12,2023-W50,Boeny,-15.7167,46.3167,faible,1100305,0,0,0,0,0,0,0,0,0.0,0.0,0.0
2023-12-18,2023,12,2023-W51,Boeny,-15.7167,46.3167,faible,1100305,0,0,0,0,0,0,0,0,0.0,0.0,0.0
2023-12-25,2023,12,2023-W52,Boeny,-15.7167,46.3167,faible,1100305,0,0,0,0,0,0,0,0,0.0,0.0,0.0
2024-01-01,2024,1,2024-W01,Boeny,-15.7167,46.3167,faible,1100305,0,0,0,0,0,0,0,0,0.0,0.0,0.0
2024-01-08,2024,1,2024-W02,Boeny,-15.7167,46.3167,faible,1100305,0,0,0,0,0,0,0,0,0.0,0.0,0.0
2024-01-15,2024,1,2024-W03,Boeny,-15.7167,46.3167,faible,1100305,0,0,0,0,0,0,0,0,0.0,0.0,0.0
2024-01-22,2024,1,2024-W04,Boeny,-15.7167,46.3167,faible,1100305,0,0,0,0,0,0,0,0,0.0,0.0,0.0
2024-01-29,2024,1,2024-W05,Boeny,-15.7167,46.3167,faible,1100305,0,0,0,0,0,0,0,0,0.0,0.0,0.0
2024-02-05,2024,2,2024-W06,Boeny,-15.7167,46.3167,faible,1100305,0,0,0,0,0,0,0,0,0.0,0.0,0.0
2024-02-12,2024,2,2024-W07,Boeny,-15.7167,46.3167,faible,1100305,0,0,0,0,0,0,0,0,0.0,0.0,0.0
2024-02-19,2024,2,2024-W08,Boeny,-15.7167,46.3167,faible,1100305,0,0,0,0,0,0,0,0,0.0,0.0,0.0
2024-02-26,2024,2,2024-W09,Boeny,-15.7167,46.3167,faible,1100305,0,0,0,0,0,0,0,0,0.0,0.0,0.0
2024-03-04,2024,3,2024-W10,Boeny,-15.7167,46.3167,faible,1100305,0,0,0,0,0,0,0,0,0.0,0.0,0.0
2024-03-11,2024,3,2024-W11,Boeny,-15.7167,46.3167,faible,1100305,0,0,0,0,0,0,0,0,0.0,0.0,0.0
2024-03-18,2024,3,2024-W12,Boeny,-15.7167,46.3167,faible,1100305,0,0,0,0,0,0,0,0,0.0,0.0,0.0
2024-03-25,2024,3,2024-W13,Boeny,-15.7167,46.3167,faible,1100305,0,0,0,0,0,0,0,0,0.0,0.0,0.0
2024-04-01,2024,4,2024-W14,Boeny,-15.7167,46.3167,faible,1100305,0,0,0,0,0,0,0,0,0.0,0.0,0.0
2024-04-08,2024,4,2024-W15,Boeny,-15.7167,46.3167,faible,1100305,0,0,0,0,0,0,0,0,0.0,0.0,0.0
2024-04-15,2024,4,2024-W16,Boeny,-15.7167,46.3167,faible,1100305,0,0,0,0,0,0,0,0,0.0,0.0,0.0
2024-04-22,2024,4,2024-W17,Boeny,-15.7167,46.3167,faible,1100305,0,0,0,0,0,0,0,0,0.0,0.0,0.0
2024-04-29,2024,4,2024-W18,Boeny,-15.7167,46.3167,faible,1100305,0,0,0,0,0,0,0,0,0.0,0.0,0.0
2024-05-06,2024,5,2024-W19,Boeny,-15.7167,46.3167,faible,1100305,0,0,0,0,0,0,0,0,0.0,0.0,0.0
2024-05-13,2024,5,2024-W20,Boeny,-15.7167,46.3167,faible,1100305,0,0,0,0,0,0,0,0,0.0,0.0,0.0
2024-05-20,2024,5,2024-W21,Boeny,-15.7167,46.3167,faible,1100305,0,0,0,0,0,0,0,0,0.0,0.0,0.0
2024-05-27,2024,5,2024-W22,Boeny,-15.7167,46.3167,faible,1100305,0,0,0,0,0,0,0,0,0.0,0.0,0.0
2024-06-03,2024,6,2024-W23,Boeny,-15.7167,46.3167,faible,1100305,0,0,0,0,0,0,0,0,0.0,0.0,0.0
2024-06-10,2024,6,2024-W24,Boeny,-15.7167,46.3167,faible,1100305,0,0,0,0,0,0,0,0,0.0,0.0,0.0
2024-06-17,2024,6,2024-W25,Boeny,-15.7167,46.3167,faible,1100305,0,0,0,0,0,0,0,0,0.0,0.0,0.0
2024-06-24,2024,6,2024-W26,Boeny,-15.7167,46.3167,faible,1100305,0,0,0,0,0,0,0,0,0.0,0.0,0.0
2024-07-01,2024,7,2024-W27,Boeny,-15.7167,46.3167,faible,1100305,0,0,0,0,0,0,0,0,0.0,0.0,0.0
2024-07-08,2024,7,2024-W28,Boeny,-15.7167,46.3167,faible,1100305,0,0,0,0,0,0,0,0,0.0,0.0,0.0
2024-07-15,2024,7,2024-W29,Boeny,-15.7167,46.3167,faible,1100305,0,0,0,0,0,0,0,0,0.0,0.0,0.0
2024-07-22,2024,7,2024-W30,Boeny,-15.7167,46.3167,faible,1100305,0,0,0,0,0,0,0,0,0.0,0.0,0.0
2024-07-29,2024,7,2024-W31,Boeny,-15.7167,46.3167,faible,1100305,0,0,0,0,0,0,0,0,0.0,0.0,0.0
2024-08-05,2024,8,2024-W32,Boeny,-15.7167,46.3167,faible,1100305,0,0,0,0,0,0,0,0,0.0,0.0,0.0
2024-08-12,2024,8,2024-W33,Boeny,-15.7167,46.3167,faible,1100305,0,0,0,0,0,0,0,0,0.0,0.0,0.0
2024-08-19,2024,8,2024-W34,Boeny,-15.7167,46.3167,faible,1100305,0,0,0,0,0,0,0,0,0.0,0.0,0.0
2024-08-26,2024,8,2024-W35,Boeny,-15.7167,46.3167,faible,1100305,0,0,0,0,0,0,0,0,0.0,0.0,0.0
2024-09-02,2024,9,2024-W36,Boeny,-15.7167,46.3167,faible,1100305,0,0,0,0,0,0,0,0,0.0,0.0,0.0
2024-09-09,2024,9,2024-W37,Boeny,-15.7167,46.3167,faible,1100305,0,0,0,0,0,0,0,0,0.0,0.0,0.0
2024-09-16,2024,9,2024-W38,Boeny,-15.7167,46.3167,faible,1100305,0,0,0,0,0,0,0,0,0.0,0.0,0.0
2024-09-23,2024,9,2024-W39,Boeny,-15.7167,46.3167,faible,1100305,0,0,0,0,0,0,0,0,0.0,0.0,0.0
2024-09-30,2024,9,2024-W40,Boeny,-15.7167,46.3167,faible,1100305,0,0,0,0,0,0,0,0,0.0,0.0,0.0
2024-10-07,2024,10,2024-W41,Boeny,-15.7167,46.3167,faible,1100305,0,0,0,0,0,0,0,0,0.0,0.0,0.0
2024-10-14,2024,10,2024-W42,Boeny,-15.7167,46.3167,faible,1100305,0,0,0,0,0,0,0,0,0.0,0.0,0.0
2024-10-21,2024,10,2024-W43,Boeny,-15.7167,46.3167,faible,1100305,0,0,0,0,0,0,0,0,0.0,0.0,0.0
2024-10-28,2024,10,2024-W44,Boeny,-15.7167,46.3167,faible,1100305,0,0,0,0,0,0,0,0,0.0,0.0,0.0
2024-11-04,2024,11,2024-W45,Boeny,-15.7167,46.3167,faible,1100305,0,0,0,0,0,0,0,0,0.0,0.0,0.0
2024-11-11,2024,11,2024-W46,Boeny,-15.7167,46.3167,faible,1100305,0,0,0,0,0,0,0,0,0.0,0.0,0.0
2024-11-18,2024,11,2024-W47,Boeny,-15.7167,46.3167,faible,1100305,0,0,0,0,0,0,0,0,0.0,0.0,0.0
2024-11-25,2024,11,2024-W48,Boeny,-15.7167,46.3167,faible,1100305,0,0,0,0,0,0,0,0,0.0,0.0,0.0
2024-12-02,2024,12,2024-W49,Boeny,-15.7167,46.3167,faible,1100305,0,0,0,0,0,0,0,0,0.0,0.0,0.0
2024-12-09,2024,12,2024-W50,Boeny,-15.7167,46.3167,faible,1100305,0,0,0,0,0,0,0,0,0.0,0.0,0.0
2024-12-16,2024,12,2024-W51,Boeny,-15.7167,46.3167,faible,1100305,0,0,0,0,0,0,0,0,0.0,0.0,0.0
2024-12-23,2024,12,2024-W52,Boeny,-15.7167,46.3167,faible,1100305,0,0,0,0,0,0,0,0,0.0,0.0,0.0
2024-12-30,2024,12,2025-W01,Boeny,-15.7167,46.3167,faible,1100305,0,0,0,0,0,0,0,0,0.0,0.0,0.0
2025-01-06,2025,1,2025-W02,Boeny,-15.7167,46.3167,faible,1100305,0,0,0,0,0,0,0,0,0.0,0.0,0.0
2025-01-13,2025,1,2025-W03,Boeny,-15.7167,46.3167,faible,1100305,0,0,0,0,0,0,0,0,0.0,0.0,0.0
2025-01-20,2025,1,2025-W04,Boeny,-15.7167,46.3167,faible,1100305,0,0,0,0,0,0,0,0,0.0,0.0,0.0
2025-01-27,2025,1,2025-W05,Boeny,-15.7167,46.3167,faible,1100305,0,0,0,0,0,0,0,0,0.0,0.0,0.0
2025-02-03,2025,2,2025-W06,Boeny,-15.7167,46.3167,faible,1100305,0,0,0,0,0,0,0,0,0.0,0.0,0.0
2025-02-10,2025,2,2025-W07,Boeny,-15.7167,46.3167,faible,1100305,0,0,0,0,0,0,0,0,0.0,0.0,0.0
2025-02-17,2025,2,2025-W08,Boeny,-15.7167,46.3167,faible,1100305,0,0,0,0,0,0,0,0,0.0,0.0,0.0
2025-02-24,2025,2,2025-W09,Boeny,-15.7167,46.3167,faible,1100305,0,0,0,0,0,0,0,0,0.0,0.0,0.0
2025-03-03,2025,3,2025-W10,Boeny,-15.7167,46.3167,faible,1100305,0,0,0,0,0,0,0,0,0.0,0.0,0.0
2025-03-10,2025,3,2025-W11,Boeny,-15.7167,46.3167,faible,1100305,0,0,0,0,0,0,0,0,0.0,0.0,0.0
2025-03-17,2025,3,2025-W12,Boeny,-15.7167,46.3167,faible,1100305,0,0,0,0,0,0,0,0,0.0,0.0,0.0
2025-03-24,2025,3,2025-W13,Boeny,-15.7167,46.3167,faible,1100305,0,0,0,0,0,0,0,0,0.0,0.0,0.0
2025-03-31,2025,3,2025-W14,Boeny,-15.7167,46.3167,faible,1100305,0,0,0,0,0,0,0,0,0.0,0.0,0.0
2025-04-07,2025,4,2025-W15,Boeny,-15.7167,46.3167,faible,1100305,0,0,0,0,0,0,0,0,0.0,0.0,0.0
2025-04-14,2025,4,2025-W16,Boeny,-15.7167,46.3167,faible,1100305,0,0,0,0,0,0,0,0,0.0,0.0,0.0
2025-04-21,2025,4,2025-W17,Boeny,-15.7167,46.3167,faible,1100305,0,0,0,0,0,0,0,0,0.0,0.0,0.0
2025-04-28,2025,4,2025-W18,Boeny,-15.7167,46.3167,faible,1100305,0,0,0,0,0,0,0,0,0.0,0.0,0.0
2025-05-05,2025,5,2025-W19,Boeny,-15.7167,46.3167,faible,1100305,0,0,0,0,0,0,0,0,0.0,0.0,0.0
2025-05-12,2025,5,2025-W20,Boeny,-15.7167,46.3167,faible,1100305,0,0,0,0,0,0,0,0,0.0,0.0,0.0
2025-05-19,2025,5,2025-W21,Boeny,-15.7167,46.3167,faible,1100305,0,0,0,0,0,0,0,0,0.0,0.0,0.0
2025-05-26,2025,5,2025-W22,Boeny,-15.7167,46.3167,faible,1100305,0,0,0,0,0,0,0,0,0.0,0.0,0.0
2025-06-02,2025,6,2025-W23,Boeny,-15.7167,46.3167,faible,1100305,0,0,0,0,0,0,0,0,0.0,0.0,0.0
2025-06-09,2025,6,2025-W24,Boeny,-15.7167,46.3167,faible,1100305,0,0,0,0,0,0,0,0,0.0,0.0,0.0
2025-06-16,2025,6,2025-W25,Boeny,-15.7167,46.3167,faible,1100305,0,0,0,0,0,0,0,0,0.0,0.0,0.0
2025-06-23,2025,6,2025-W26,Boeny,-15.7167,46.3167,faible,1100305,0,0,0,0,0,0,0,0,0.0,0.0,0.0
2025-06-30,2025,6,2025-W27,Boeny,-15.7167,46.3167,faible,1100305,0,0,0,0,0,0,0,0,0.0,0.0,0.0
2025-07-07,2025,7,2025-W28,Boeny,-15.7167,46.3167,faible,1100305,0,0,0,0,0,0,0,0,0.0,0.0,0.0
2025-07-14,2025,7,2025-W29,Boeny,-15.7167,46.3167,faible,1100305,0,0,0,0,0,0,0,0,0.0,0.0,0.0
2025-07-21,2025,7,2025-W30,Boeny,-15.7167,46.3167,faible,1100305,0,0,0,0,0,0,0,0,0.0,0.0,0.0
2025-07-28,2025,7,2025-W31,Boeny,-15.7167,46.3167,faible,1100305,0,0,0,0,0,0,0,0,0.0,0.0,0.0
2025-08-04,2025,8,2025-W32,Boeny,-15.7167,46.3167,faible,1100305,0,0,0,0,0,0,0,0,0.0,0.0,0.0
2025-08-11,2025,8,2025-W33,Boeny,-15.7167,46.3167,faible,1100305,0,0,0,0,0,0,0,0,0.0,0.0,0.0
2025-08-18,2025,8,2025-W34,Boeny,-15.7167,46.3167,faible,1100305,0,0,0,0,0,0,0,0,0.0,0.0,0.0
2025-08-25,2025,8,2025-W35,Boeny,-15.7167,46.3167,faible,1100305,0,0,0,0,0,0,0,0,0.0,0.0,0.0
2025-09-01,2025,9,2025-W36,Boeny,-15.7167,46.3167,faible,1100305,0,0,0,0,0,0,0,0,0.0,0.0,0.0
2025-09-08,2025,9,2025-W37,Boeny,-15.7167,46.3167,faible,1100305,0,0,0,0,0,0,0,0,0.0,0.0,0.0
2025-09-15,2025,9,2025-W38,Boeny,-15.7167,46.3167,faible,1100305,0,0,0,0,0,0,0,0,0.0,0.0,0.0
2025-09-22,2025,9,2025-W39,Boeny,-15.7167,46.3167,faible,1100305,0,0,0,0,0,0,0,0,0.0,0.0,0.0
2025-09-29,2025,9,2025-W40,Boeny,-15.7167,46.3167,faible,1100305,0,0,0,0,0,0,0,0,0.0,0.0,0.0
2025-10-06,2025,10,2025-W41,Boeny,-15.7167,46.3167,faible,1100305,0,0,0,0,0,0,0,0,0.0,0.0,0.0
2025-10-13,2025,10,2025-W42,Boeny,-15.7167,46.3167,faible,1100305,0,0,0,0,0,0,0,0,0.0,0.0,0.0
2025-10-20,2025,10,2025-W43,Boeny,-15.7167,46.3167,faible,1100305,0,0,0,0,0,0,0,0,0.0,0.0,0.0
2025-10-27,2025,10,2025-W44,Boeny,-15.7167,46.3167,faible,1100305,0,0,0,0,0,0,0,0,0.0,0.0,0.0
2025-11-03,2025,11,2025-W45,Boeny,-15.7167,46.3167,faible,1100305,0,0,0,0,0,0,0,0,0.0,0.0,0.0
2025-11-10,2025,11,2025-W46,Boeny,-15.7167,46.3167,faible,1100305,0,0,0,0,0,0,0,0,0.0,0.0,0.0
2025-11-17,2025,11,2025-W47,Boeny,-15.7167,46.3167,faible,1100305,0,0,0,0,0,0,0,0,0.0,0.0,0.0
2025-11-24,2025,11,2025-W48,Boeny,-15.7167,46.3167,faible,1100305,0,0,0,0,0,0,0,0,0.0,0.0,0.0
2025-12-01,2025,12,2025-W49,Boeny,-15.7167,46.3167,faible,1100305,0,0,0,0,0,0,0,0,0.0,0.0,0.0
2025-12-08,2025,12,2025-W50,Boeny,-15.7167,46.3167,faible,1100305,0,0,0,0,0,0,0,0,0.0,0.0,0.0
2025-12-15,2025,12,2025-W51,Boeny,-15.7167,46.3167,faible,1100305,0,0,0,0,0,0,0,0,0.0,0.0,0.0
2025-12-22,2025,12,2025-W52,Boeny,-15.7167,46.3167,faible,1100305,0,0,0,0,0,0,0,0,0.0,0.0,0.0
2025-12-29,2025,12,2026-W01,Boeny,-15.7167,46.3167,faible,1100305,0,0,0,0,0,0,0,0,0.0,0.0,0.0
2026-01-05,2026,1,2026-W02,Boeny,-15.7167,46.3167,faible,1100305,0,0,0,0,0,0,0,0,0.0,0.0,0.0
2026-01-12,2026,1,2026-W03,Boeny,-15.7167,46.3167,faible,1100305,0,0,0,0,0,0,0,0,0.0,0.0,0.0
2026-01-19,2026,1,2026-W04,Boeny,-15.7167,46.3167,faible,1100305,0,0,0,0,0,0,0,0,0.0,0.0,0.0
2026-01-26,2026,1,2026-W05,Boeny,-15.7167,46.3167,faible,1100305,0,0,0,0,0,0,0,0,0.0,0.0,0.0
2026-02-02,2026,2,2026-W06,Boeny,-15.7167,46.3167,faible,1100305,0,0,0,0,0,0,0,0,0.0,0.0,0.0
2026-02-09,2026,2,2026-W07,Boeny,-15.7167,46.3167,faible,1100305,0,0,0,0,0,0,0,0,0.0,0.0,0.0
2026-02-16,2026,2,2026-W08,Boeny,-15.7167,46.3167,faible,1100305,0,0,0,0,0,0,0,0,0.0,0.0,0.0
2026-02-23,2026,2,2026-W09,Boeny,-15.7167,46.3167,faible,1100305,0,0,0,0,0,0,0,0,0.0,0.0,0.0
2026-03-02,2026,3,2026-W10,Boeny,-15.7167,46.3167,faible,1100305,0,0,0,0,0,0,0,0,0.0,0.0,0.0
2026-03-09,2026,3,2026-W11,Boeny,-15.7167,46.3167,faible,1100305,0,0,0,0,0,0,0,0,0.0,0.0,0.0
2026-03-16,2026,3,2026-W12,Boeny,-15.7167,46.3167,faible,1100305,0,0,0,0,0,0,0,0,0.0,0.0,0.0
2026-03-23,2026,3,2026-W13,Boeny,-15.7167,46.3167,faible,1100305,0,0,0,0,0,0,0,0,0.0,0.0,0.0
2026-03-30,2026,3,2026-W14,Boeny,-15.7167,46.3167,faible,1100305,0,0,0,0,0,0,0,0,0.0,0.0,0.0
2026-04-06,2026,4,2026-W15,Boeny,-15.7167,46.3167,faible,1100305,0,0,0,0,0,0,0,0,0.0,0.0,0.0
2026-04-13,2026,4,2026-W16,Boeny,-15.7167,46.3167,faible,1100305,0,0,0,0,0,0,0,0,0.0,0.0,0.0
2026-04-20,2026,4,2026-W17,Boeny,-15.7167,46.3167,faible,1100305,0,0,0,0,0,0,0,0,0.0,0.0,0.0
2026-04-27,2026,4,2026-W18,Boeny,-15.7167,46.3167,faible,1100305,0,0,0,0,0,0,0,0,0.0,0.0,0.0
2026-05-04,2026,5,2026-W19,Boeny,-15.7167,46.3167,faible,1100305,0,0,0,0,0,0,0,0,0.0,0.0,0.0
2026-05-11,2026,5,2026-W20,Boeny,-15.7167,46.3167,faible,1100305,0,0,0,0,0,0,0,0,0.0,0.0,0.0
2026-05-18,2026,5,2026-W21,Boeny,-15.7167,46.3167,faible,1100305,0,0,0,0,0,0,0,0,0.0,0.0,0.0
2026-05-25,2026,5,2026-W22,Boeny,-15.7167,46.3167,faible,1100305,0,0,0,0,0,0,0,0,0.0,0.0,0.0
2026-06-01,2026,6,2026-W23,Boeny,-15.7167,46.3167,faible,1100305,0,0,0,0,0,0,0,0,0.0,0.0,0.0
2026-06-08,2026,6,2026-W24,Boeny,-15.7167,46.3167,faible,1100305,0,0,0,0,0,0,0,0,0.0,0.0,0.0
2026-06-15,2026,6,2026-W25,Boeny,-15.7167,46.3167,faible,1100305,0,0,0,0,0,0,0,0,0.0,0.0,0.0
2026-06-22,2026,6,2026-W26,Boeny,-15.7167,46.3167,faible,1100305,0,0,0,0,0,0,0,0,0.0,0.0,0.0
2026-06-29,2026,6,2026-W27,Boeny,-15.7167,46.3167,faible,1100305,0,0,0,0,0,0,0,0,0.0,0.0,0.0
2026-07-06,2026,7,2026-W28,Boeny,-15.7167,46.3167,faible,1100305,0,0,0,0,0,0,0,0,0.0,0.0,0.0
2026-07-13,2026,7,2026-W29,Boeny,-15.7167,46.3167,faible,1100305,0,0,0,0,0,0,0,0,0.0,0.0,0.0
2026-07-20,2026,7,2026-W30,Boeny,-15.7167,46.3167,faible,1100305,0,0,0,0,0,0,0,0,0.0,0.0,0.0
2026-07-27,2026,7,2026-W31,Boeny,-15.7167,46.3167,faible,1100305,0,0,0,0,0,0,0,0,0.0,0.0,0.0
2020-01-06,2020,1,2020-W02,SAVA,-14.2833,50.1667,faible,1330546,0,0,0,0,0,0,0,0,0.0,0.0,0.0
2020-01-13,2020,1,2020-W03,SAVA,-14.2833,50.1667,faible,1330546,0,0,0,0,0,0,0,0,0.0,0.0,0.0
2020-01-20,2020,1,2020-W04,SAVA,-14.2833,50.1667,faible,1330546,0,0,0,0,0,0,0,0,0.0,0.0,0.0
2020-01-27,2020,1,2020-W05,SAVA,-14.2833,50.1667,faible,1330546,0,0,0,0,0,0,0,0,0.0,0.0,0.0
2020-02-03,2020,2,2020-W06,SAVA,-14.2833,50.1667,faible,1330546,0,0,0,0,0,0,0,0,0.0,0.0,0.0
2020-02-10,2020,2,2020-W07,SAVA,-14.2833,50.1667,faible,1330546,0,0,0,0,0,0,0,0,0.0,0.0,0.0
2020-02-17,2020,2,2020-W08,SAVA,-14.2833,50.1667,faible,1330546,0,0,0,0,0,0,0,0,0.0,0.0,0.0
2020-02-24,2020,2,2020-W09,SAVA,-14.2833,50.1667,faible,1330546,0,0,0,0,0,0,0,0,0.0,0.0,0.0
2020-03-02,2020,3,2020-W10,SAVA,-14.2833,50.1667,faible,1330546,0,0,0,0,0,0,0,0,0.0,0.0,0.0
2020-03-09,2020,3,2020-W11,SAVA,-14.2833,50.1667,faible,1330546,0,0,0,0,0,0,0,0,0.0,0.0,0.0
2020-03-16,2020,3,2020-W12,SAVA,-14.2833,50.1667,faible,1330546,0,0,0,0,0,0,0,0,0.0,0.0,0.0
2020-03-23,2020,3,2020-W13,SAVA,-14.2833,50.1667,faible,1330546,0,0,0,0,0,0,0,0,0.0,0.0,0.0
2020-03-30,2020,3,2020-W14,SAVA,-14.2833,50.1667,faible,1330546,0,0,0,0,0,0,0,0,0.0,0.0,0.0
2020-04-06,2020,4,2020-W15,SAVA,-14.2833,50.1667,faible,1330546,0,0,0,0,0,0,0,0,0.0,0.0,0.0
2020-04-13,2020,4,2020-W16,SAVA,-14.2833,50.1667,faible,1330546,0,0,0,0,0,0,0,0,0.0,0.0,0.0
2020-04-20,2020,4,2020-W17,SAVA,-14.2833,50.1667,faible,1330546,0,0,0,0,0,0,0,0,0.0,0.0,0.0
2020-04-27,2020,4,2020-W18,SAVA,-14.2833,50.1667,faible,1330546,0,0,0,0,0,0,0,0,0.0,0.0,0.0
2020-05-04,2020,5,2020-W19,SAVA,-14.2833,50.1667,faible,1330546,0,0,0,0,0,0,0,0,0.0,0.0,0.0
2020-05-11,2020,5,2020-W20,SAVA,-14.2833,50.1667,faible,1330546,0,0,0,0,0,0,0,0,0.0,0.0,0.0
2020-05-18,2020,5,2020-W21,SAVA,-14.2833,50.1667,faible,1330546,0,0,0,0,0,0,0,0,0.0,0.0,0.0
2020-05-25,2020,5,2020-W22,SAVA,-14.2833,50.1667,faible,1330546,0,0,0,0,0,0,0,0,0.0,0.0,0.0
2020-06-01,2020,6,2020-W23,SAVA,-14.2833,50.1667,faible,1330546,0,0,0,0,0,0,0,0,0.0,0.0,0.0
2020-06-08,2020,6,2020-W24,SAVA,-14.2833,50.1667,faible,1330546,0,0,0,0,0,0,0,0,0.0,0.0,0.0
2020-06-15,2020,6,2020-W25,SAVA,-14.2833,50.1667,faible,1330546,0,0,0,0,0,0,0,0,0.0,0.0,0.0
2020-06-22,2020,6,2020-W26,SAVA,-14.2833,50.1667,faible,1330546,0,0,0,0,0,0,0,0,0.0,0.0,0.0
2020-06-29,2020,6,2020-W27,SAVA,-14.2833,50.1667,faible,1330546,0,0,0,0,0,0,0,0,0.0,0.0,0.0
2020-07-06,2020,7,2020-W28,SAVA,-14.2833,50.1667,faible,1330546,0,0,0,0,0,0,0,0,0.0,0.0,0.0
2020-07-13,2020,7,2020-W29,SAVA,-14.2833,50.1667,faible,1330546,0,0,0,0,0,0,0,0,0.0,0.0,0.0
2020-07-20,2020,7,2020-W30,SAVA,-14.2833,50.1667,faible,1330546,0,0,0,0,0,0,0,0,0.0,0.0,0.0
2020-07-27,2020,7,2020-W31,SAVA,-14.2833,50.1667,faible,1330546,0,0,0,0,0,0,0,0,0.0,0.0,0.0
2020-08-03,2020,8,2020-W32,SAVA,-14.2833,50.1667,faible,1330546,0,0,0,0,0,0,0,0,0.0,0.0,0.0
2020-08-10,2020,8,2020-W33,SAVA,-14.2833,50.1667,faible,1330546,0,0,0,0,0,0,0,0,0.0,0.0,0.0
2020-08-17,2020,8,2020-W34,SAVA,-14.2833,50.1667,faible,1330546,0,0,0,0,0,0,0,0,0.0,0.0,0.0
2020-08-24,2020,8,2020-W35,SAVA,-14.2833,50.1667,faible,1330546,0,0,0,0,0,0,0,0,0.0,0.0,0.0
2020-08-31,2020,8,2020-W36,SAVA,-14.2833,50.1667,faible,1330546,0,0,0,0,0,0,0,0,0.0,0.0,0.0
2020-09-07,2020,9,2020-W37,SAVA,-14.2833,50.1667,faible,1330546,0,0,0,0,0,0,0,0,0.0,0.0,0.0
2020-09-14,2020,9,2020-W38,SAVA,-14.2833,50.1667,faible,1330546,0,0,0,0,0,0,0,0,0.0,0.0,0.0
2020-09-21,2020,9,2020-W39,SAVA,-14.2833,50.1667,faible,1330546,0,0,0,0,0,0,0,0,0.0,0.0,0.0
2020-09-28,2020,9,2020-W40,SAVA,-14.2833,50.1667,faible,1330546,0,0,0,0,0,0,0,0,0.0,0.0,0.0
2020-10-05,2020,10,2020-W41,SAVA,-14.2833,50.1667,faible,1330546,0,0,0,0,0,0,0,0,0.0,0.0,0.0
2020-10-12,2020,10,2020-W42,SAVA,-14.2833,50.1667,faible,1330546,0,0,0,0,0,0,0,0,0.0,0.0,0.0
2020-10-19,2020,10,2020-W43,SAVA,-14.2833,50.1667,faible,1330546,0,0,0,0,0,0,0,0,0.0,0.0,0.0
2020-10-26,2020,10,2020-W44,SAVA,-14.2833,50.1667,faible,1330546,0,0,0,0,0,0,0,0,0.0,0.0,0.0
2020-11-02,2020,11,2020-W45,SAVA,-14.2833,50.1667,faible,1330546,0,0,0,0,0,0,0,0,0.0,0.0,0.0
2020-11-09,2020,11,2020-W46,SAVA,-14.2833,50.1667,faible,1330546,0,0,0,0,0,0,0,0,0.0,0.0,0.0
2020-11-16,2020,11,2020-W47,SAVA,-14.2833,50.1667,faible,1330546,0,0,0,0,0,0,0,0,0.0,0.0,0.0
2020-11-23,2020,11,2020-W48,SAVA,-14.2833,50.1667,faible,1330546,0,0,0,0,0,0,0,0,0.0,0.0,0.0
2020-11-30,2020,11,2020-W49,SAVA,-14.2833,50.1667,faible,1330546,0,0,0,0,0,0,0,0,0.0,0.0,0.0
2020-12-07,2020,12,2020-W50,SAVA,-14.2833,50.1667,faible,1330546,0,0,0,0,0,0,0,0,0.0,0.0,0.0
2020-12-14,2020,12,2020-W51,SAVA,-14.2833,50.1667,faible,1330546,0,0,0,0,0,0,0,0,0.0,0.0,0.0
2020-12-21,2020,12,2020-W52,SAVA,-14.2833,50.1667,faible,1330546,0,0,0,0,0,0,0,0,0.0,0.0,0.0
2020-12-28,2020,12,2020-W53,SAVA,-14.2833,50.1667,faible,1330546,0,0,0,0,0,0,0,0,0.0,0.0,0.0
2021-01-04,2021,1,2021-W01,SAVA,-14.2833,50.1667,faible,1330546,0,0,0,0,0,0,0,0,0.0,0.0,0.0
2021-01-11,2021,1,2021-W02,SAVA,-14.2833,50.1667,faible,1330546,0,0,0,0,0,0,0,0,0.0,0.0,0.0
2021-01-18,2021,1,2021-W03,SAVA,-14.2833,50.1667,faible,1330546,0,0,0,0,0,0,0,0,0.0,0.0,0.0
2021-01-25,2021,1,2021-W04,SAVA,-14.2833,50.1667,faible,1330546,0,0,0,0,0,0,0,0,0.0,0.0,0.0
2021-02-01,2021,2,2021-W05,SAVA,-14.2833,50.1667,faible,1330546,0,0,0,0,0,0,0,0,0.0,0.0,0.0
2021-02-08,2021,2,2021-W06,SAVA,-14.2833,50.1667,faible,1330546,0,0,0,0,0,0,0,0,0.0,0.0,0.0
2021-02-15,2021,2,2021-W07,SAVA,-14.2833,50.1667,faible,1330546,0,0,0,0,0,0,0,0,0.0,0.0,0.0
2021-02-22,2021,2,2021-W08,SAVA,-14.2833,50.1667,faible,1330546,0,0,0,0,0,0,0,0,0.0,0.0,0.0
2021-03-01,2021,3,2021-W09,SAVA,-14.2833,50.1667,faible,1330546,0,0,0,0,0,0,0,0,0.0,0.0,0.0
2021-03-08,2021,3,2021-W10,SAVA,-14.2833,50.1667,faible,1330546,0,0,0,0,0,0,0,0,0.0,0.0,0.0
2021-03-15,2021,3,2021-W11,SAVA,-14.2833,50.1667,faible,1330546,0,0,0,0,0,0,0,0,0.0,0.0,0.0
2021-03-22,2021,3,2021-W12,SAVA,-14.2833,50.1667,faible,1330546,0,0,0,0,0,0,0,0,0.0,0.0,0.0
2021-03-29,2021,3,2021-W13,SAVA,-14.2833,50.1667,faible,1330546,0,0,0,0,0,0,0,0,0.0,0.0,0.0
2021-04-05,2021,4,2021-W14,SAVA,-14.2833,50.1667,faible,1330546,0,0,0,0,0,0,0,0,0.0,0.0,0.0
2021-04-12,2021,4,2021-W15,SAVA,-14.2833,50.1667,faible,1330546,0,0,0,0,0,0,0,0,0.0,0.0,0.0
2021-04-19,2021,4,2021-W16,SAVA,-14.2833,50.1667,faible,1330546,0,0,0,0,0,0,0,0,0.0,0.0,0.0
2021-04-26,2021,4,2021-W17,SAVA,-14.2833,50.1667,faible,1330546,0,0,0,0,0,0,0,0,0.0,0.0,0.0
2021-05-03,2021,5,2021-W18,SAVA,-14.2833,50.1667,faible,1330546,0,0,0,0,0,0,0,0,0.0,0.0,0.0
2021-05-10,2021,5,2021-W19,SAVA,-14.2833,50.1667,faible,1330546,0,0,0,0,0,0,0,0,0.0,0.0,0.0
2021-05-17,2021,5,2021-W20,SAVA,-14.2833,50.1667,faible,1330546,0,0,0,0,0,0,0,0,0.0,0.0,0.0
2021-05-24,2021,5,2021-W21,SAVA,-14.2833,50.1667,faible,1330546,0,0,0,0,0,0,0,0,0.0,0.0,0.0
2021-05-31,2021,5,2021-W22,SAVA,-14.2833,50.1667,faible,1330546,0,0,0,0,0,0,0,0,0.0,0.0,0.0
2021-06-07,2021,6,2021-W23,SAVA,-14.2833,50.1667,faible,1330546,0,0,0,0,0,0,0,0,0.0,0.0,0.0
2021-06-14,2021,6,2021-W24,SAVA,-14.2833,50.1667,faible,1330546,0,0,0,0,0,0,0,0,0.0,0.0,0.0
2021-06-21,2021,6,2021-W25,SAVA,-14.2833,50.1667,faible,1330546,0,0,0,0,0,0,0,0,0.0,0.0,0.0
2021-06-28,2021,6,2021-W26,SAVA,-14.2833,50.1667,faible,1330546,0,0,0,0,0,0,0,0,0.0,0.0,0.0
2021-07-05,2021,7,2021-W27,SAVA,-14.2833,50.1667,faible,1330546,0,0,0,0,0,0,0,0,0.0,0.0,0.0
2021-07-12,2021,7,2021-W28,SAVA,-14.2833,50.1667,faible,1330546,0,0,0,0,0,0,0,0,0.0,0.0,0.0
2021-07-19,2021,7,2021-W29,SAVA,-14.2833,50.1667,faible,1330546,0,0,0,0,0,0,0,0,0.0,0.0,0.0
2021-07-26,2021,7,2021-W30,SAVA,-14.2833,50.1667,faible,1330546,0,0,0,0,0,0,0,0,0.0,0.0,0.0
2021-08-02,2021,8,2021-W31,SAVA,-14.2833,50.1667,faible,1330546,0,0,0,0,0,0,0,0,0.0,0.0,0.0
2021-08-09,2021,8,2021-W32,SAVA,-14.2833,50.1667,faible,1330546,0,0,0,0,0,0,0,0,0.0,0.0,0.0
2021-08-16,2021,8,2021-W33,SAVA,-14.2833,50.1667,faible,1330546,0,0,0,0,0,0,0,0,0.0,0.0,0.0
2021-08-23,2021,8,2021-W34,SAVA,-14.2833,50.1667,faible,1330546,0,0,0,0,0,0,0,0,0.0,0.0,0.0
2021-08-30,2021,8,2021-W35,SAVA,-14.2833,50.1667,faible,1330546,0,0,0,0,0,0,0,0,0.0,0.0,0.0
2021-09-06,2021,9,2021-W36,SAVA,-14.2833,50.1667,faible,1330546,0,0,0,0,0,0,0,0,0.0,0.0,0.0
2021-09-13,2021,9,2021-W37,SAVA,-14.2833,50.1667,faible,1330546,0,0,0,0,0,0,0,0,0.0,0.0,0.0
2021-09-20,2021,9,2021-W38,SAVA,-14.2833,50.1667,faible,1330546,0,0,0,0,0,0,0,0,0.0,0.0,0.0
2021-09-27,2021,9,2021-W39,SAVA,-14.2833,50.1667,faible,1330546,0,0,0,0,0,0,0,0,0.0,0.0,0.0
2021-10-04,2021,10,2021-W40,SAVA,-14.2833,50.1667,faible,1330546,0,0,0,0,0,0,0,0,0.0,0.0,0.0
2021-10-11,2021,10,2021-W41,SAVA,-14.2833,50.1667,faible,1330546,0,0,0,0,0,0,0,0,0.0,0.0,0.0
2021-10-18,2021,10,2021-W42,SAVA,-14.2833,50.1667,faible,1330546,0,0,0,0,0,0,0,0,0.0,0.0,0.0
2021-10-25,2021,10,2021-W43,SAVA,-14.2833,50.1667,faible,1330546,0,0,0,0,0,0,0,0,0.0,0.0,0.0
2021-11-01,2021,11,2021-W44,SAVA,-14.2833,50.1667,faible,1330546,0,0,0,0,0,0,0,0,0.0,0.0,0.0
2021-11-08,2021,11,2021-W45,SAVA,-14.2833,50.1667,faible,1330546,0,0,0,0,0,0,0,0,0.0,0.0,0.0
2021-11-15,2021,11,2021-W46,SAVA,-14.2833,50.1667,faible,1330546,0,0,0,0,0,0,0,0,0.0,0.0,0.0
2021-11-22,2021,11,2021-W47,SAVA,-14.2833,50.1667,faible,1330546,0,0,0,0,0,0,0,0,0.0,0.0,0.0
2021-11-29,2021,11,2021-W48,SAVA,-14.2833,50.1667,faible,1330546,0,0,0,0,0,0,0,0,0.0,0.0,0.0
2021-12-06,2021,12,2021-W49,SAVA,-14.2833,50.1667,faible,1330546,0,0,0,0,0,0,0,0,0.0,0.0,0.0
2021-12-13,2021,12,2021-W50,SAVA,-14.2833,50.1667,faible,1330546,0,0,0,0,0,0,0,0,0.0,0.0,0.0
2021-12-20,2021,12,2021-W51,SAVA,-14.2833,50.1667,faible,1330546,0,0,0,0,0,0,0,0,0.0,0.0,0.0
2021-12-27,2021,12,2021-W52,SAVA,-14.2833,50.1667,faible,1330546,0,0,0,0,0,0,0,0,0.0,0.0,0.0
2022-01-03,2022,1,2022-W01,SAVA,-14.2833,50.1667,faible,1330546,0,0,0,0,0,0,0,0,0.0,0.0,0.0
2022-01-10,2022,1,2022-W02,SAVA,-14.2833,50.1667,faible,1330546,0,0,0,0,0,0,0,0,0.0,0.0,0.0
2022-01-17,2022,1,2022-W03,SAVA,-14.2833,50.1667,faible,1330546,0,0,0,0,0,0,0,0,0.0,0.0,0.0
2022-01-24,2022,1,2022-W04,SAVA,-14.2833,50.1667,faible,1330546,0,0,0,0,0,0,0,0,0.0,0.0,0.0
2022-01-31,2022,1,2022-W05,SAVA,-14.2833,50.1667,faible,1330546,0,0,0,0,0,0,0,0,0.0,0.0,0.0
2022-02-07,2022,2,2022-W06,SAVA,-14.2833,50.1667,faible,1330546,0,0,0,0,0,0,0,0,0.0,0.0,0.0
2022-02-14,2022,2,2022-W07,SAVA,-14.2833,50.1667,faible,1330546,0,0,0,0,0,0,0,0,0.0,0.0,0.0
2022-02-21,2022,2,2022-W08,SAVA,-14.2833,50.1667,faible,1330546,0,0,0,0,0,0,0,0,0.0,0.0,0.0
2022-02-28,2022,2,2022-W09,SAVA,-14.2833,50.1667,faible,1330546,0,0,0,0,0,0,0,0,0.0,0.0,0.0
2022-03-07,2022,3,2022-W10,SAVA,-14.2833,50.1667,faible,1330546,0,0,0,0,0,0,0,0,0.0,0.0,0.0
2022-03-14,2022,3,2022-W11,SAVA,-14.2833,50.1667,faible,1330546,0,0,0,0,0,0,0,0,0.0,0.0,0.0
2022-03-21,2022,3,2022-W12,SAVA,-14.2833,50.1667,faible,1330546,0,0,0,0,0,0,0,0,0.0,0.0,0.0
2022-03-28,2022,3,2022-W13,SAVA,-14.2833,50.1667,faible,1330546,0,0,0,0,0,0,0,0,0.0,0.0,0.0
2022-04-04,2022,4,2022-W14,SAVA,-14.2833,50.1667,faible,1330546,0,0,0,0,0,0,0,0,0.0,0.0,0.0
2022-04-11,2022,4,2022-W15,SAVA,-14.2833,50.1667,faible,1330546,0,0,0,0,0,0,0,0,0.0,0.0,0.0
2022-04-18,2022,4,2022-W16,SAVA,-14.2833,50.1667,faible,1330546,0,0,0,0,0,0,0,0,0.0,0.0,0.0
2022-04-25,2022,4,2022-W17,SAVA,-14.2833,50.1667,faible,1330546,0,0,0,0,0,0,0,0,0.0,0.0,0.0
2022-05-02,2022,5,2022-W18,SAVA,-14.2833,50.1667,faible,1330546,0,0,0,0,0,0,0,0,0.0,0.0,0.0
2022-05-09,2022,5,2022-W19,SAVA,-14.2833,50.1667,faible,1330546,0,0,0,0,0,0,0,0,0.0,0.0,0.0
2022-05-16,2022,5,2022-W20,SAVA,-14.2833,50.1667,faible,1330546,0,0,0,0,0,0,0,0,0.0,0.0,0.0
2022-05-23,2022,5,2022-W21,SAVA,-14.2833,50.1667,faible,1330546,0,0,0,0,0,0,0,0,0.0,0.0,0.0
2022-05-30,2022,5,2022-W22,SAVA,-14.2833,50.1667,faible,1330546,0,0,0,0,0,0,0,0,0.0,0.0,0.0
2022-06-06,2022,6,2022-W23,SAVA,-14.2833,50.1667,faible,1330546,0,0,0,0,0,0,0,0,0.0,0.0,0.0
2022-06-13,2022,6,2022-W24,SAVA,-14.2833,50.1667,faible,1330546,0,0,0,0,0,0,0,0,0.0,0.0,0.0
2022-06-20,2022,6,2022-W25,SAVA,-14.2833,50.1667,faible,1330546,0,0,0,0,0,0,0,0,0.0,0.0,0.0
2022-06-27,2022,6,2022-W26,SAVA,-14.2833,50.1667,faible,1330546,0,0,0,0,0,0,0,0,0.0,0.0,0.0
2022-07-04,2022,7,2022-W27,SAVA,-14.2833,50.1667,faible,1330546,0,0,0,0,0,0,0,0,0.0,0.0,0.0
2022-07-11,2022,7,2022-W28,SAVA,-14.2833,50.1667,faible,1330546,0,0,0,0,0,0,0,0,0.0,0.0,0.0
2022-07-18,2022,7,2022-W29,SAVA,-14.2833,50.1667,faible,1330546,0,0,0,0,0,0,0,0,0.0,0.0,0.0
2022-07-25,2022,7,2022-W30,SAVA,-14.2833,50.1667,faible,1330546,0,0,0,0,0,0,0,0,0.0,0.0,0.0
2022-08-01,2022,8,2022-W31,SAVA,-14.2833,50.1667,faible,1330546,0,0,0,0,0,0,0,0,0.0,0.0,0.0
2022-08-08,2022,8,2022-W32,SAVA,-14.2833,50.1667,faible,1330546,0,0,0,0,0,0,0,0,0.0,0.0,0.0
2022-08-15,2022,8,2022-W33,SAVA,-14.2833,50.1667,faible,1330546,0,0,0,0,0,0,0,0,0.0,0.0,0.0
2022-08-22,2022,8,2022-W34,SAVA,-14.2833,50.1667,faible,1330546,0,0,0,0,0,0,0,0,0.0,0.0,0.0
2022-08-29,2022,8,2022-W35,SAVA,-14.2833,50.1667,faible,1330546,0,0,0,0,0,0,0,0,0.0,0.0,0.0
2022-09-05,2022,9,2022-W36,SAVA,-14.2833,50.1667,faible,1330546,0,0,0,0,0,0,0,0,0.0,0.0,0.0
2022-09-12,2022,9,2022-W37,SAVA,-14.2833,50.1667,faible,1330546,0,0,0,0,0,0,0,0,0.0,0.0,0.0
2022-09-19,2022,9,2022-W38,SAVA,-14.2833,50.1667,faible,1330546,0,0,0,0,0,0,0,0,0.0,0.0,0.0
2022-09-26,2022,9,2022-W39,SAVA,-14.2833,50.1667,faible,1330546,0,0,0,0,0,0,0,0,0.0,0.0,0.0
2022-10-03,2022,10,2022-W40,SAVA,-14.2833,50.1667,faible,1330546,0,0,0,0,0,0,0,0,0.0,0.0,0.0
2022-10-10,2022,10,2022-W41,SAVA,-14.2833,50.1667,faible,1330546,0,0,0,0,0,0,0,0,0.0,0.0,0.0
2022-10-17,2022,10,2022-W42,SAVA,-14.2833,50.1667,faible,1330546,0,0,0,0,0,0,0,0,0.0,0.0,0.0
2022-10-24,2022,10,2022-W43,SAVA,-14.2833,50.1667,faible,1330546,0,0,0,0,0,0,0,0,0.0,0.0,0.0
2022-10-31,2022,10,2022-W44,SAVA,-14.2833,50.1667,faible,1330546,0,0,0,0,0,0,0,0,0.0,0.0,0.0
2022-11-07,2022,11,2022-W45,SAVA,-14.2833,50.1667,faible,1330546,0,0,0,0,0,0,0,0,0.0,0.0,0.0
2022-11-14,2022,11,2022-W46,SAVA,-14.2833,50.1667,faible,1330546,0,0,0,0,0,0,0,0,0.0,0.0,0.0
2022-11-21,2022,11,2022-W47,SAVA,-14.2833,50.1667,faible,1330546,0,0,0,0,0,0,0,0,0.0,0.0,0.0
2022-11-28,2022,11,2022-W48,SAVA,-14.2833,50.1667,faible,1330546,0,0,0,0,0,0,0,0,0.0,0.0,0.0
2022-12-05,2022,12,2022-W49,SAVA,-14.2833,50.1667,faible,1330546,0,0,0,0,0,0,0,0,0.0,0.0,0.0
2022-12-12,2022,12,2022-W50,SAVA,-14.2833,50.1667,faible,1330546,0,0,0,0,0,0,0,0,0.0,0.0,0.0
2022-12-19,2022,12,2022-W51,SAVA,-14.2833,50.1667,faible,1330546,0,0,0,0,0,0,0,0,0.0,0.0,0.0
2022-12-26,2022,12,2022-W52,SAVA,-14.2833,50.1667,faible,1330546,0,0,0,0,0,0,0,0,0.0,0.0,0.0
2023-01-02,2023,1,2023-W01,SAVA,-14.2833,50.1667,faible,1330546,0,0,0,0,0,0,0,0,0.0,0.0,0.0
2023-01-09,2023,1,2023-W02,SAVA,-14.2833,50.1667,faible,1330546,0,0,0,0,0,0,0,0,0.0,0.0,0.0
2023-01-16,2023,1,2023-W03,SAVA,-14.2833,50.1667,faible,1330546,0,0,0,0,0,0,0,0,0.0,0.0,0.0
2023-01-23,2023,1,2023-W04,SAVA,-14.2833,50.1667,faible,1330546,0,0,0,0,0,0,0,0,0.0,0.0,0.0
2023-01-30,2023,1,2023-W05,SAVA,-14.2833,50.1667,faible,1330546,0,0,0,0,0,0,0,0,0.0,0.0,0.0
2023-02-06,2023,2,2023-W06,SAVA,-14.2833,50.1667,faible,1330546,0,0,0,0,0,0,0,0,0.0,0.0,0.0
2023-02-13,2023,2,2023-W07,SAVA,-14.2833,50.1667,faible,1330546,0,0,0,0,0,0,0,0,0.0,0.0,0.0
2023-02-20,2023,2,2023-W08,SAVA,-14.2833,50.1667,faible,1330546,0,0,0,0,0,0,0,0,0.0,0.0,0.0
2023-02-27,2023,2,2023-W09,SAVA,-14.2833,50.1667,faible,1330546,0,0,0,0,0,0,0,0,0.0,0.0,0.0
2023-03-06,2023,3,2023-W10,SAVA,-14.2833,50.1667,faible,1330546,0,0,0,0,0,0,0,0,0.0,0.0,0.0
2023-03-13,2023,3,2023-W11,SAVA,-14.2833,50.1667,faible,1330546,0,0,0,0,0,0,0,0,0.0,0.0,0.0
2023-03-20,2023,3,2023-W12,SAVA,-14.2833,50.1667,faible,1330546,0,0,0,0,0,0,0,0,0.0,0.0,0.0
2023-03-27,2023,3,2023-W13,SAVA,-14.2833,50.1667,faible,1330546,0,0,0,0,0,0,0,0,0.0,0.0,0.0
2023-04-03,2023,4,2023-W14,SAVA,-14.2833,50.1667,faible,1330546,0,0,0,0,0,0,0,0,0.0,0.0,0.0
2023-04-10,2023,4,2023-W15,SAVA,-14.2833,50.1667,faible,1330546,0,0,0,0,0,0,0,0,0.0,0.0,0.0
2023-04-17,2023,4,2023-W16,SAVA,-14.2833,50.1667,faible,1330546,0,0,0,0,0,0,0,0,0.0,0.0,0.0
2023-04-24,2023,4,2023-W17,SAVA,-14.2833,50.1667,faible,1330546,0,0,0,0,0,0,0,0,0.0,0.0,0.0
2023-05-01,2023,5,2023-W18,SAVA,-14.2833,50.1667,faible,1330546,0,0,0,0,0,0,0,0,0.0,0.0,0.0
2023-05-08,2023,5,2023-W19,SAVA,-14.2833,50.1667,faible,1330546,0,0,0,0,0,0,0,0,0.0,0.0,0.0
2023-05-15,2023,5,2023-W20,SAVA,-14.2833,50.1667,faible,1330546,0,0,0,0,0,0,0,0,0.0,0.0,0.0
2023-05-22,2023,5,2023-W21,SAVA,-14.2833,50.1667,faible,1330546,0,0,0,0,0,0,0,0,0.0,0.0,0.0
2023-05-29,2023,5,2023-W22,SAVA,-14.2833,50.1667,faible,1330546,0,0,0,0,0,0,0,0,0.0,0.0,0.0
2023-06-05,2023,6,2023-W23,SAVA,-14.2833,50.1667,faible,1330546,0,0,0,0,0,0,0,0,0.0,0.0,0.0
2023-06-12,2023,6,2023-W24,SAVA,-14.2833,50.1667,faible,1330546,0,0,0,0,0,0,0,0,0.0,0.0,0.0
2023-06-19,2023,6,2023-W25,SAVA,-14.2833,50.1667,faible,1330546,0,0,0,0,0,0,0,0,0.0,0.0,0.0
2023-06-26,2023,6,2023-W26,SAVA,-14.2833,50.1667,faible,1330546,0,0,0,0,0,0,0,0,0.0,0.0,0.0
2023-07-03,2023,7,2023-W27,SAVA,-14.2833,50.1667,faible,1330546,0,0,0,0,0,0,0,0,0.0,0.0,0.0
2023-07-10,2023,7,2023-W28,SAVA,-14.2833,50.1667,faible,1330546,0,0,0,0,0,0,0,0,0.0,0.0,0.0
2023-07-17,2023,7,2023-W29,SAVA,-14.2833,50.1667,faible,1330546,0,0,0,0,0,0,0,0,0.0,0.0,0.0
2023-07-24,2023,7,2023-W30,SAVA,-14.2833,50.1667,faible,1330546,0,0,0,0,0,0,0,0,0.0,0.0,0.0
2023-07-31,2023,7,2023-W31,SAVA,-14.2833,50.1667,faible,1330546,0,0,0,0,0,0,0,0,0.0,0.0,0.0
2023-08-07,2023,8,2023-W32,SAVA,-14.2833,50.1667,faible,1330546,0,0,0,0,0,0,0,0,0.0,0.0,0.0
2023-08-14,2023,8,2023-W33,SAVA,-14.2833,50.1667,faible,1330546,0,0,0,0,0,0,0,0,0.0,0.0,0.0
2023-08-21,2023,8,2023-W34,SAVA,-14.2833,50.1667,faible,1330546,0,0,0,0,0,0,0,0,0.0,0.0,0.0
2023-08-28,2023,8,2023-W35,SAVA,-14.2833,50.1667,faible,1330546,0,0,0,0,0,0,0,0,0.0,0.0,0.0
2023-09-04,2023,9,2023-W36,SAVA,-14.2833,50.1667,faible,1330546,0,0,0,0,0,0,0,0,0.0,0.0,0.0
2023-09-11,2023,9,2023-W37,SAVA,-14.2833,50.1667,faible,1330546,0,0,0,0,0,0,0,0,0.0,0.0,0.0
2023-09-18,2023,9,2023-W38,SAVA,-14.2833,50.1667,faible,1330546,0,0,0,0,0,0,0,0,0.0,0.0,0.0
2023-09-25,2023,9,2023-W39,SAVA,-14.2833,50.1667,faible,1330546,0,0,0,0,0,0,0,0,0.0,0.0,0.0
2023-10-02,2023,10,2023-W40,SAVA,-14.2833,50.1667,faible,1330546,0,0,0,0,0,0,0,0,0.0,0.0,0.0
2023-10-09,2023,10,2023-W41,SAVA,-14.2833,50.1667,faible,1330546,0,0,0,0,0,0,0,0,0.0,0.0,0.0
2023-10-16,2023,10,2023-W42,SAVA,-14.2833,50.1667,faible,1330546,0,0,0,0,0,0,0,0,0.0,0.0,0.0
2023-10-23,2023,10,2023-W43,SAVA,-14.2833,50.1667,faible,1330546,0,0,0,0,0,0,0,0,0.0,0.0,0.0
2023-10-30,2023,10,2023-W44,SAVA,-14.2833,50.1667,faible,1330546,0,0,0,0,0,0,0,0,0.0,0.0,0.0
2023-11-06,2023,11,2023-W45,SAVA,-14.2833,50.1667,faible,1330546,0,0,0,0,0,0,0,0,0.0,0.0,0.0
2023-11-13,2023,11,2023-W46,SAVA,-14.2833,50.1667,faible,1330546,0,0,0,0,0,0,0,0,0.0,0.0,0.0
2023-11-20,2023,11,2023-W47,SAVA,-14.2833,50.1667,faible,1330546,0,0,0,0,0,0,0,0,0.0,0.0,0.0
2023-11-27,2023,11,2023-W48,SAVA,-14.2833,50.1667,faible,1330546,0,0,0,0,0,0,0,0,0.0,0.0,0.0
2023-12-04,2023,12,2023-W49,SAVA,-14.2833,50.1667,faible,1330546,0,0,0,0,0,0,0,0,0.0,0.0,0.0
2023-12-11,2023,12,2023-W50,SAVA,-14.2833,50.1667,faible,1330546,0,0,0,0,0,0,0,0,0.0,0.0,0.0
2023-12-18,2023,12,2023-W51,SAVA,-14.2833,50.1667,faible,1330546,0,0,0,0,0,0,0,0,0.0,0.0,0.0
2023-12-25,2023,12,2023-W52,SAVA,-14.2833,50.1667,faible,1330546,0,0,0,0,0,0,0,0,0.0,0.0,0.0
2024-01-01,2024,1,2024-W01,SAVA,-14.2833,50.1667,faible,1330546,0,0,0,0,0,0,0,0,0.0,0.0,0.0
2024-01-08,2024,1,2024-W02,SAVA,-14.2833,50.1667,faible,1330546,0,0,0,0,0,0,0,0,0.0,0.0,0.0
2024-01-15,2024,1,2024-W03,SAVA,-14.2833,50.1667,faible,1330546,0,0,0,0,0,0,0,0,0.0,0.0,0.0
2024-01-22,2024,1,2024-W04,SAVA,-14.2833,50.1667,faible,1330546,0,0,0,0,0,0,0,0,0.0,0.0,0.0
2024-01-29,2024,1,2024-W05,SAVA,-14.2833,50.1667,faible,1330546,0,0,0,0,0,0,0,0,0.0,0.0,0.0
2024-02-05,2024,2,2024-W06,SAVA,-14.2833,50.1667,faible,1330546,0,0,0,0,0,0,0,0,0.0,0.0,0.0
2024-02-12,2024,2,2024-W07,SAVA,-14.2833,50.1667,faible,1330546,0,0,0,0,0,0,0,0,0.0,0.0,0.0
2024-02-19,2024,2,2024-W08,SAVA,-14.2833,50.1667,faible,1330546,0,0,0,0,0,0,0,0,0.0,0.0,0.0
2024-02-26,2024,2,2024-W09,SAVA,-14.2833,50.1667,faible,1330546,0,0,0,0,0,0,0,0,0.0,0.0,0.0
2024-03-04,2024,3,2024-W10,SAVA,-14.2833,50.1667,faible,1330546,0,0,0,0,0,0,0,0,0.0,0.0,0.0
2024-03-11,2024,3,2024-W11,SAVA,-14.2833,50.1667,faible,1330546,0,0,0,0,0,0,0,0,0.0,0.0,0.0
2024-03-18,2024,3,2024-W12,SAVA,-14.2833,50.1667,faible,1330546,0,0,0,0,0,0,0,0,0.0,0.0,0.0
2024-03-25,2024,3,2024-W13,SAVA,-14.2833,50.1667,faible,1330546,0,0,0,0,0,0,0,0,0.0,0.0,0.0
2024-04-01,2024,4,2024-W14,SAVA,-14.2833,50.1667,faible,1330546,0,0,0,0,0,0,0,0,0.0,0.0,0.0
2024-04-08,2024,4,2024-W15,SAVA,-14.2833,50.1667,faible,1330546,0,0,0,0,0,0,0,0,0.0,0.0,0.0
2024-04-15,2024,4,2024-W16,SAVA,-14.2833,50.1667,faible,1330546,0,0,0,0,0,0,0,0,0.0,0.0,0.0
2024-04-22,2024,4,2024-W17,SAVA,-14.2833,50.1667,faible,1330546,0,0,0,0,0,0,0,0,0.0,0.0,0.0
2024-04-29,2024,4,2024-W18,SAVA,-14.2833,50.1667,faible,1330546,0,0,0,0,0,0,0,0,0.0,0.0,0.0
2024-05-06,2024,5,2024-W19,SAVA,-14.2833,50.1667,faible,1330546,0,0,0,0,0,0,0,0,0.0,0.0,0.0
2024-05-13,2024,5,2024-W20,SAVA,-14.2833,50.1667,faible,1330546,0,0,0,0,0,0,0,0,0.0,0.0,0.0
2024-05-20,2024,5,2024-W21,SAVA,-14.2833,50.1667,faible,1330546,0,0,0,0,0,0,0,0,0.0,0.0,0.0
2024-05-27,2024,5,2024-W22,SAVA,-14.2833,50.1667,faible,1330546,0,0,0,0,0,0,0,0,0.0,0.0,0.0
2024-06-03,2024,6,2024-W23,SAVA,-14.2833,50.1667,faible,1330546,0,0,0,0,0,0,0,0,0.0,0.0,0.0
2024-06-10,2024,6,2024-W24,SAVA,-14.2833,50.1667,faible,1330546,0,0,0,0,0,0,0,0,0.0,0.0,0.0
2024-06-17,2024,6,2024-W25,SAVA,-14.2833,50.1667,faible,1330546,0,0,0,0,0,0,0,0,0.0,0.0,0.0
2024-06-24,2024,6,2024-W26,SAVA,-14.2833,50.1667,faible,1330546,0,0,0,0,0,0,0,0,0.0,0.0,0.0
2024-07-01,2024,7,2024-W27,SAVA,-14.2833,50.1667,faible,1330546,0,0,0,0,0,0,0,0,0.0,0.0,0.0
2024-07-08,2024,7,2024-W28,SAVA,-14.2833,50.1667,faible,1330546,0,0,0,0,0,0,0,0,0.0,0.0,0.0
2024-07-15,2024,7,2024-W29,SAVA,-14.2833,50.1667,faible,1330546,0,0,0,0,0,0,0,0,0.0,0.0,0.0
2024-07-22,2024,7,2024-W30,SAVA,-14.2833,50.1667,faible,1330546,0,0,0,0,0,0,0,0,0.0,0.0,0.0
2024-07-29,2024,7,2024-W31,SAVA,-14.2833,50.1667,faible,1330546,0,0,0,0,0,0,0,0,0.0,0.0,0.0
2024-08-05,2024,8,2024-W32,SAVA,-14.2833,50.1667,faible,1330546,0,0,0,0,0,0,0,0,0.0,0.0,0.0
2024-08-12,2024,8,2024-W33,SAVA,-14.2833,50.1667,faible,1330546,0,0,0,0,0,0,0,0,0.0,0.0,0.0
2024-08-19,2024,8,2024-W34,SAVA,-14.2833,50.1667,faible,1330546,0,0,0,0,0,0,0,0,0.0,0.0,0.0
2024-08-26,2024,8,2024-W35,SAVA,-14.2833,50.1667,faible,1330546,0,0,0,0,0,0,0,0,0.0,0.0,0.0
2024-09-02,2024,9,2024-W36,SAVA,-14.2833,50.1667,faible,1330546,0,0,0,0,0,0,0,0,0.0,0.0,0.0
2024-09-09,2024,9,2024-W37,SAVA,-14.2833,50.1667,faible,1330546,0,0,0,0,0,0,0,0,0.0,0.0,0.0
2024-09-16,2024,9,2024-W38,SAVA,-14.2833,50.1667,faible,1330546,0,0,0,0,0,0,0,0,0.0,0.0,0.0
2024-09-23,2024,9,2024-W39,SAVA,-14.2833,50.1667,faible,1330546,0,0,0,0,0,0,0,0,0.0,0.0,0.0
2024-09-30,2024,9,2024-W40,SAVA,-14.2833,50.1667,faible,1330546,0,0,0,0,0,0,0,0,0.0,0.0,0.0
2024-10-07,2024,10,2024-W41,SAVA,-14.2833,50.1667,faible,1330546,0,0,0,0,0,0,0,0,0.0,0.0,0.0
2024-10-14,2024,10,2024-W42,SAVA,-14.2833,50.1667,faible,1330546,0,0,0,0,0,0,0,0,0.0,0.0,0.0
2024-10-21,2024,10,2024-W43,SAVA,-14.2833,50.1667,faible,1330546,0,0,0,0,0,0,0,0,0.0,0.0,0.0
2024-10-28,2024,10,2024-W44,SAVA,-14.2833,50.1667,faible,1330546,0,0,0,0,0,0,0,0,0.0,0.0,0.0
2024-11-04,2024,11,2024-W45,SAVA,-14.2833,50.1667,faible,1330546,0,0,0,0,0,0,0,0,0.0,0.0,0.0
2024-11-11,2024,11,2024-W46,SAVA,-14.2833,50.1667,faible,1330546,0,0,0,0,0,0,0,0,0.0,0.0,0.0
2024-11-18,2024,11,2024-W47,SAVA,-14.2833,50.1667,faible,1330546,0,0,0,0,0,0,0,0,0.0,0.0,0.0
2024-11-25,2024,11,2024-W48,SAVA,-14.2833,50.1667,faible,1330546,0,0,0,0,0,0,0,0,0.0,0.0,0.0
2024-12-02,2024,12,2024-W49,SAVA,-14.2833,50.1667,faible,1330546,0,0,0,0,0,0,0,0,0.0,0.0,0.0
2024-12-09,2024,12,2024-W50,SAVA,-14.2833,50.1667,faible,1330546,0,0,0,0,0,0,0,0,0.0,0.0,0.0
2024-12-16,2024,12,2024-W51,SAVA,-14.2833,50.1667,faible,1330546,0,0,0,0,0,0,0,0,0.0,0.0,0.0
2024-12-23,2024,12,2024-W52,SAVA,-14.2833,50.1667,faible,1330546,0,0,0,0,0,0,0,0,0.0,0.0,0.0
2024-12-30,2024,12,2025-W01,SAVA,-14.2833,50.1667,faible,1330546,0,0,0,0,0,0,0,0,0.0,0.0,0.0
2025-01-06,2025,1,2025-W02,SAVA,-14.2833,50.1667,faible,1330546,0,0,0,0,0,0,0,0,0.0,0.0,0.0
2025-01-13,2025,1,2025-W03,SAVA,-14.2833,50.1667,faible,1330546,0,0,0,0,0,0,0,0,0.0,0.0,0.0
2025-01-20,2025,1,2025-W04,SAVA,-14.2833,50.1667,faible,1330546,0,0,0,0,0,0,0,0,0.0,0.0,0.0
2025-01-27,2025,1,2025-W05,SAVA,-14.2833,50.1667,faible,1330546,0,0,0,0,0,0,0,0,0.0,0.0,0.0
2025-02-03,2025,2,2025-W06,SAVA,-14.2833,50.1667,faible,1330546,0,0,0,0,0,0,0,0,0.0,0.0,0.0
2025-02-10,2025,2,2025-W07,SAVA,-14.2833,50.1667,faible,1330546,0,0,0,0,0,0,0,0,0.0,0.0,0.0
2025-02-17,2025,2,2025-W08,SAVA,-14.2833,50.1667,faible,1330546,0,0,0,0,0,0,0,0,0.0,0.0,0.0
2025-02-24,2025,2,2025-W09,SAVA,-14.2833,50.1667,faible,1330546,0,0,0,0,0,0,0,0,0.0,0.0,0.0
2025-03-03,2025,3,2025-W10,SAVA,-14.2833,50.1667,faible,1330546,0,0,0,0,0,0,0,0,0.0,0.0,0.0
2025-03-10,2025,3,2025-W11,SAVA,-14.2833,50.1667,faible,1330546,0,0,0,0,0,0,0,0,0.0,0.0,0.0
2025-03-17,2025,3,2025-W12,SAVA,-14.2833,50.1667,faible,1330546,0,0,0,0,0,0,0,0,0.0,0.0,0.0
2025-03-24,2025,3,2025-W13,SAVA,-14.2833,50.1667,faible,1330546,0,0,0,0,0,0,0,0,0.0,0.0,0.0
2025-03-31,2025,3,2025-W14,SAVA,-14.2833,50.1667,faible,1330546,0,0,0,0,0,0,0,0,0.0,0.0,0.0
2025-04-07,2025,4,2025-W15,SAVA,-14.2833,50.1667,faible,1330546,0,0,0,0,0,0,0,0,0.0,0.0,0.0
2025-04-14,2025,4,2025-W16,SAVA,-14.2833,50.1667,faible,1330546,0,0,0,0,0,0,0,0,0.0,0.0,0.0
2025-04-21,2025,4,2025-W17,SAVA,-14.2833,50.1667,faible,1330546,0,0,0,0,0,0,0,0,0.0,0.0,0.0
2025-04-28,2025,4,2025-W18,SAVA,-14.2833,50.1667,faible,1330546,0,0,0,0,0,0,0,0,0.0,0.0,0.0
2025-05-05,2025,5,2025-W19,SAVA,-14.2833,50.1667,faible,1330546,0,0,0,0,0,0,0,0,0.0,0.0,0.0
2025-05-12,2025,5,2025-W20,SAVA,-14.2833,50.1667,faible,1330546,0,0,0,0,0,0,0,0,0.0,0.0,0.0
2025-05-19,2025,5,2025-W21,SAVA,-14.2833,50.1667,faible,1330546,0,0,0,0,0,0,0,0,0.0,0.0,0.0
2025-05-26,2025,5,2025-W22,SAVA,-14.2833,50.1667,faible,1330546,0,0,0,0,0,0,0,0,0.0,0.0,0.0
2025-06-02,2025,6,2025-W23,SAVA,-14.2833,50.1667,faible,1330546,0,0,0,0,0,0,0,0,0.0,0.0,0.0
2025-06-09,2025,6,2025-W24,SAVA,-14.2833,50.1667,faible,1330546,0,0,0,0,0,0,0,0,0.0,0.0,0.0
2025-06-16,2025,6,2025-W25,SAVA,-14.2833,50.1667,faible,1330546,0,0,0,0,0,0,0,0,0.0,0.0,0.0
2025-06-23,2025,6,2025-W26,SAVA,-14.2833,50.1667,faible,1330546,0,0,0,0,0,0,0,0,0.0,0.0,0.0
2025-06-30,2025,6,2025-W27,SAVA,-14.2833,50.1667,faible,1330546,0,0,0,0,0,0,0,0,0.0,0.0,0.0
2025-07-07,2025,7,2025-W28,SAVA,-14.2833,50.1667,faible,1330546,0,0,0,0,0,0,0,0,0.0,0.0,0.0
2025-07-14,2025,7,2025-W29,SAVA,-14.2833,50.1667,faible,1330546,0,0,0,0,0,0,0,0,0.0,0.0,0.0
2025-07-21,2025,7,2025-W30,SAVA,-14.2833,50.1667,faible,1330546,0,0,0,0,0,0,0,0,0.0,0.0,0.0
2025-07-28,2025,7,2025-W31,SAVA,-14.2833,50.1667,faible,1330546,0,0,0,0,0,0,0,0,0.0,0.0,0.0
2025-08-04,2025,8,2025-W32,SAVA,-14.2833,50.1667,faible,1330546,0,0,0,0,0,0,0,0,0.0,0.0,0.0
2025-08-11,2025,8,2025-W33,SAVA,-14.2833,50.1667,faible,1330546,0,0,0,0,0,0,0,0,0.0,0.0,0.0
2025-08-18,2025,8,2025-W34,SAVA,-14.2833,50.1667,faible,1330546,0,0,0,0,0,0,0,0,0.0,0.0,0.0
2025-08-25,2025,8,2025-W35,SAVA,-14.2833,50.1667,faible,1330546,0,0,0,0,0,0,0,0,0.0,0.0,0.0
2025-09-01,2025,9,2025-W36,SAVA,-14.2833,50.1667,faible,1330546,0,0,0,0,0,0,0,0,0.0,0.0,0.0
2025-09-08,2025,9,2025-W37,SAVA,-14.2833,50.1667,faible,1330546,0,0,0,0,0,0,0,0,0.0,0.0,0.0
2025-09-15,2025,9,2025-W38,SAVA,-14.2833,50.1667,faible,1330546,0,0,0,0,0,0,0,0,0.0,0.0,0.0
2025-09-22,2025,9,2025-W39,SAVA,-14.2833,50.1667,faible,1330546,0,0,0,0,0,0,0,0,0.0,0.0,0.0
2025-09-29,2025,9,2025-W40,SAVA,-14.2833,50.1667,faible,1330546,0,0,0,0,0,0,0,0,0.0,0.0,0.0
2025-10-06,2025,10,2025-W41,SAVA,-14.2833,50.1667,faible,1330546,0,0,0,0,0,0,0,0,0.0,0.0,0.0
2025-10-13,2025,10,2025-W42,SAVA,-14.2833,50.1667,faible,1330546,0,0,0,0,0,0,0,0,0.0,0.0,0.0
2025-10-20,2025,10,2025-W43,SAVA,-14.2833,50.1667,faible,1330546,0,0,0,0,0,0,0,0,0.0,0.0,0.0
2025-10-27,2025,10,2025-W44,SAVA,-14.2833,50.1667,faible,1330546,0,0,0,0,0,0,0,0,0.0,0.0,0.0
2025-11-03,2025,11,2025-W45,SAVA,-14.2833,50.1667,faible,1330546,0,0,0,0,0,0,0,0,0.0,0.0,0.0
2025-11-10,2025,11,2025-W46,SAVA,-14.2833,50.1667,faible,1330546,0,0,0,0,0,0,0,0,0.0,0.0,0.0
2025-11-17,2025,11,2025-W47,SAVA,-14.2833,50.1667,faible,1330546,0,0,0,0,0,0,0,0,0.0,0.0,0.0
2025-11-24,2025,11,2025-W48,SAVA,-14.2833,50.1667,faible,1330546,0,0,0,0,0,0,0,0,0.0,0.0,0.0
2025-12-01,2025,12,2025-W49,SAVA,-14.2833,50.1667,faible,1330546,0,0,0,0,0,0,0,0,0.0,0.0,0.0
2025-12-08,2025,12,2025-W50,SAVA,-14.2833,50.1667,faible,1330546,0,0,0,0,0,0,0,0,0.0,0.0,0.0
2025-12-15,2025,12,2025-W51,SAVA,-14.2833,50.1667,faible,1330546,0,0,0,0,0,0,0,0,0.0,0.0,0.0
2025-12-22,2025,12,2025-W52,SAVA,-14.2833,50.1667,faible,1330546,0,0,0,0,0,0,0,0,0.0,0.0,0.0
2025-12-29,2025,12,2026-W01,SAVA,-14.2833,50.1667,faible,1330546,0,0,0,0,0,0,0,0,0.0,0.0,0.0
2026-01-05,2026,1,2026-W02,SAVA,-14.2833,50.1667,faible,1330546,0,0,0,0,0,0,0,0,0.0,0.0,0.0
2026-01-12,2026,1,2026-W03,SAVA,-14.2833,50.1667,faible,1330546,0,0,0,0,0,0,0,0,0.0,0.0,0.0
2026-01-19,2026,1,2026-W04,SAVA,-14.2833,50.1667,faible,1330546,0,0,0,0,0,0,0,0,0.0,0.0,0.0
2026-01-26,2026,1,2026-W05,SAVA,-14.2833,50.1667,faible,1330546,0,0,0,0,0,0,0,0,0.0,0.0,0.0
2026-02-02,2026,2,2026-W06,SAVA,-14.2833,50.1667,faible,1330546,0,0,0,0,0,0,0,0,0.0,0.0,0.0
2026-02-09,2026,2,2026-W07,SAVA,-14.2833,50.1667,faible,1330546,0,0,0,0,0,0,0,0,0.0,0.0,0.0
2026-02-16,2026,2,2026-W08,SAVA,-14.2833,50.1667,faible,1330546,0,0,0,0,0,0,0,0,0.0,0.0,0.0
2026-02-23,2026,2,2026-W09,SAVA,-14.2833,50.1667,faible,1330546,0,0,0,0,0,0,0,0,0.0,0.0,0.0
2026-03-02,2026,3,2026-W10,SAVA,-14.2833,50.1667,faible,1330546,0,0,0,0,0,0,0,0,0.0,0.0,0.0
2026-03-09,2026,3,2026-W11,SAVA,-14.2833,50.1667,faible,1330546,0,0,0,0,0,0,0,0,0.0,0.0,0.0
2026-03-16,2026,3,2026-W12,SAVA,-14.2833,50.1667,faible,1330546,0,0,0,0,0,0,0,0,0.0,0.0,0.0
2026-03-23,2026,3,2026-W13,SAVA,-14.2833,50.1667,faible,1330546,0,0,0,0,0,0,0,0,0.0,0.0,0.0
2026-03-30,2026,3,2026-W14,SAVA,-14.2833,50.1667,faible,1330546,0,0,0,0,0,0,0,0,0.0,0.0,0.0
2026-04-06,2026,4,2026-W15,SAVA,-14.2833,50.1667,faible,1330546,0,0,0,0,0,0,0,0,0.0,0.0,0.0
2026-04-13,2026,4,2026-W16,SAVA,-14.2833,50.1667,faible,1330546,0,0,0,0,0,0,0,0,0.0,0.0,0.0
2026-04-20,2026,4,2026-W17,SAVA,-14.2833,50.1667,faible,1330546,0,0,0,0,0,0,0,0,0.0,0.0,0.0
2026-04-27,2026,4,2026-W18,SAVA,-14.2833,50.1667,faible,1330546,0,0,0,0,0,0,0,0,0.0,0.0,0.0
2026-05-04,2026,5,2026-W19,SAVA,-14.2833,50.1667,faible,1330546,0,0,0,0,0,0,0,0,0.0,0.0,0.0
2026-05-11,2026,5,2026-W20,SAVA,-14.2833,50.1667,faible,1330546,0,0,0,0,0,0,0,0,0.0,0.0,0.0
2026-05-18,2026,5,2026-W21,SAVA,-14.2833,50.1667,faible,1330546,0,0,0,0,0,0,0,0,0.0,0.0,0.0
2026-05-25,2026,5,2026-W22,SAVA,-14.2833,50.1667,faible,1330546,0,0,0,0,0,0,0,0,0.0,0.0,0.0
2026-06-01,2026,6,2026-W23,SAVA,-14.2833,50.1667,faible,1330546,0,0,0,0,0,0,0,0,0.0,0.0,0.0
2026-06-08,2026,6,2026-W24,SAVA,-14.2833,50.1667,faible,1330546,0,0,0,0,0,0,0,0,0.0,0.0,0.0
2026-06-15,2026,6,2026-W25,SAVA,-14.2833,50.1667,faible,1330546,0,0,0,0,0,0,0,0,0.0,0.0,0.0
2026-06-22,2026,6,2026-W26,SAVA,-14.2833,50.1667,faible,1330546,0,0,0,0,0,0,0,0,0.0,0.0,0.0
2026-06-29,2026,6,2026-W27,SAVA,-14.2833,50.1667,faible,1330546,0,0,0,0,0,0,0,0,0.0,0.0,0.0
2026-07-06,2026,7,2026-W28,SAVA,-14.2833,50.1667,faible,1330546,0,0,0,0,0,0,0,0,0.0,0.0,0.0
2026-07-13,2026,7,2026-W29,SAVA,-14.2833,50.1667,faible,1330546,0,0,0,0,0,0,0,0,0.0,0.0,0.0
2026-07-20,2026,7,2026-W30,SAVA,-14.2833,50.1667,faible,1330546,0,0,0,0,0,0,0,0,0.0,0.0,0.0
2026-07-27,2026,7,2026-W31,SAVA,-14.2833,50.1667,faible,1330546,0,0,0,0,0,0,0,0,0.0,0.0,0.0
2020-01-06,2020,1,2020-W02,Sofia,-14.8833,48.0333,faible,1784988,0,0,0,0,0,0,0,0,0.0,0.0,0.0
2020-01-13,2020,1,2020-W03,Sofia,-14.8833,48.0333,faible,1784988,0,0,0,0,0,0,0,0,0.0,0.0,0.0
2020-01-20,2020,1,2020-W04,Sofia,-14.8833,48.0333,faible,1784988,0,0,0,0,0,0,0,0,0.0,0.0,0.0
2020-01-27,2020,1,2020-W05,Sofia,-14.8833,48.0333,faible,1784988,0,0,0,0,0,0,0,0,0.0,0.0,0.0
2020-02-03,2020,2,2020-W06,Sofia,-14.8833,48.0333,faible,1784988,0,0,0,0,0,0,0,0,0.0,0.0,0.0
2020-02-10,2020,2,2020-W07,Sofia,-14.8833,48.0333,faible,1784988,0,0,0,0,0,0,0,0,0.0,0.0,0.0
2020-02-17,2020,2,2020-W08,Sofia,-14.8833,48.0333,faible,1784988,0,0,0,0,0,0,0,0,0.0,0.0,0.0
2020-02-24,2020,2,2020-W09,Sofia,-14.8833,48.0333,faible,1784988,0,0,0,0,0,0,0,0,0.0,0.0,0.0
2020-03-02,2020,3,2020-W10,Sofia,-14.8833,48.0333,faible,1784988,0,0,0,0,0,0,0,0,0.0,0.0,0.0
2020-03-09,2020,3,2020-W11,Sofia,-14.8833,48.0333,faible,1784988,0,0,0,0,0,0,0,0,0.0,0.0,0.0
2020-03-16,2020,3,2020-W12,Sofia,-14.8833,48.0333,faible,1784988,0,0,0,0,0,0,0,0,0.0,0.0,0.0
2020-03-23,2020,3,2020-W13,Sofia,-14.8833,48.0333,faible,1784988,0,0,0,0,0,0,0,0,0.0,0.0,0.0
2020-03-30,2020,3,2020-W14,Sofia,-14.8833,48.0333,faible,1784988,0,0,0,0,0,0,0,0,0.0,0.0,0.0
2020-04-06,2020,4,2020-W15,Sofia,-14.8833,48.0333,faible,1784988,0,0,0,0,0,0,0,0,0.0,0.0,0.0
2020-04-13,2020,4,2020-W16,Sofia,-14.8833,48.0333,faible,1784988,0,0,0,0,0,0,0,0,0.0,0.0,0.0
2020-04-20,2020,4,2020-W17,Sofia,-14.8833,48.0333,faible,1784988,0,0,0,0,0,0,0,0,0.0,0.0,0.0
2020-04-27,2020,4,2020-W18,Sofia,-14.8833,48.0333,faible,1784988,0,0,0,0,0,0,0,0,0.0,0.0,0.0
2020-05-04,2020,5,2020-W19,Sofia,-14.8833,48.0333,faible,1784988,0,0,0,0,0,0,0,0,0.0,0.0,0.0
2020-05-11,2020,5,2020-W20,Sofia,-14.8833,48.0333,faible,1784988,0,0,0,0,0,0,0,0,0.0,0.0,0.0
2020-05-18,2020,5,2020-W21,Sofia,-14.8833,48.0333,faible,1784988,0,0,0,0,0,0,0,0,0.0,0.0,0.0
2020-05-25,2020,5,2020-W22,Sofia,-14.8833,48.0333,faible,1784988,0,0,0,0,0,0,0,0,0.0,0.0,0.0
2020-06-01,2020,6,2020-W23,Sofia,-14.8833,48.0333,faible,1784988,0,0,0,0,0,0,0,0,0.0,0.0,0.0
2020-06-08,2020,6,2020-W24,Sofia,-14.8833,48.0333,faible,1784988,0,0,0,0,0,0,0,0,0.0,0.0,0.0
2020-06-15,2020,6,2020-W25,Sofia,-14.8833,48.0333,faible,1784988,0,0,0,0,0,0,0,0,0.0,0.0,0.0
2020-06-22,2020,6,2020-W26,Sofia,-14.8833,48.0333,faible,1784988,0,0,0,0,0,0,0,0,0.0,0.0,0.0
2020-06-29,2020,6,2020-W27,Sofia,-14.8833,48.0333,faible,1784988,0,0,0,0,0,0,0,0,0.0,0.0,0.0
2020-07-06,2020,7,2020-W28,Sofia,-14.8833,48.0333,faible,1784988,0,0,0,0,0,0,0,0,0.0,0.0,0.0
2020-07-13,2020,7,2020-W29,Sofia,-14.8833,48.0333,faible,1784988,0,0,0,0,0,0,0,0,0.0,0.0,0.0
2020-07-20,2020,7,2020-W30,Sofia,-14.8833,48.0333,faible,1784988,0,0,0,0,0,0,0,0,0.0,0.0,0.0
2020-07-27,2020,7,2020-W31,Sofia,-14.8833,48.0333,faible,1784988,0,0,0,0,0,0,0,0,0.0,0.0,0.0
2020-08-03,2020,8,2020-W32,Sofia,-14.8833,48.0333,faible,1784988,0,0,0,0,0,0,0,0,0.0,0.0,0.0
2020-08-10,2020,8,2020-W33,Sofia,-14.8833,48.0333,faible,1784988,0,0,0,0,0,0,0,0,0.0,0.0,0.0
2020-08-17,2020,8,2020-W34,Sofia,-14.8833,48.0333,faible,1784988,0,0,0,0,0,0,0,0,0.0,0.0,0.0
2020-08-24,2020,8,2020-W35,Sofia,-14.8833,48.0333,faible,1784988,0,0,0,0,0,0,0,0,0.0,0.0,0.0
2020-08-31,2020,8,2020-W36,Sofia,-14.8833,48.0333,faible,1784988,0,0,0,0,0,0,0,0,0.0,0.0,0.0
2020-09-07,2020,9,2020-W37,Sofia,-14.8833,48.0333,faible,1784988,0,0,0,0,0,0,0,0,0.0,0.0,0.0
2020-09-14,2020,9,2020-W38,Sofia,-14.8833,48.0333,faible,1784988,0,0,0,0,0,0,0,0,0.0,0.0,0.0
2020-09-21,2020,9,2020-W39,Sofia,-14.8833,48.0333,faible,1784988,0,0,0,0,0,0,0,0,0.0,0.0,0.0
2020-09-28,2020,9,2020-W40,Sofia,-14.8833,48.0333,faible,1784988,0,0,0,0,0,0,0,0,0.0,0.0,0.0
2020-10-05,2020,10,2020-W41,Sofia,-14.8833,48.0333,faible,1784988,0,0,0,0,0,0,0,0,0.0,0.0,0.0
2020-10-12,2020,10,2020-W42,Sofia,-14.8833,48.0333,faible,1784988,0,0,0,0,0,0,0,0,0.0,0.0,0.0
2020-10-19,2020,10,2020-W43,Sofia,-14.8833,48.0333,faible,1784988,0,0,0,0,0,0,0,0,0.0,0.0,0.0
2020-10-26,2020,10,2020-W44,Sofia,-14.8833,48.0333,faible,1784988,0,0,0,0,0,0,0,0,0.0,0.0,0.0
2020-11-02,2020,11,2020-W45,Sofia,-14.8833,48.0333,faible,1784988,0,0,0,0,0,0,0,0,0.0,0.0,0.0
2020-11-09,2020,11,2020-W46,Sofia,-14.8833,48.0333,faible,1784988,0,0,0,0,0,0,0,0,0.0,0.0,0.0
2020-11-16,2020,11,2020-W47,Sofia,-14.8833,48.0333,faible,1784988,0,0,0,0,0,0,0,0,0.0,0.0,0.0
2020-11-23,2020,11,2020-W48,Sofia,-14.8833,48.0333,faible,1784988,0,0,0,0,0,0,0,0,0.0,0.0,0.0
2020-11-30,2020,11,2020-W49,Sofia,-14.8833,48.0333,faible,1784988,0,0,0,0,0,0,0,0,0.0,0.0,0.0
2020-12-07,2020,12,2020-W50,Sofia,-14.8833,48.0333,faible,1784988,0,0,0,0,0,0,0,0,0.0,0.0,0.0
2020-12-14,2020,12,2020-W51,Sofia,-14.8833,48.0333,faible,1784988,0,0,0,0,0,0,0,0,0.0,0.0,0.0
2020-12-21,2020,12,2020-W52,Sofia,-14.8833,48.0333,faible,1784988,0,0,0,0,0,0,0,0,0.0,0.0,0.0
2020-12-28,2020,12,2020-W53,Sofia,-14.8833,48.0333,faible,1784988,0,0,0,0,0,0,0,0,0.0,0.0,0.0
2021-01-04,2021,1,2021-W01,Sofia,-14.8833,48.0333,faible,1784988,0,0,0,0,0,0,0,0,0.0,0.0,0.0
2021-01-11,2021,1,2021-W02,Sofia,-14.8833,48.0333,faible,1784988,0,0,0,0,0,0,0,0,0.0,0.0,0.0
2021-01-18,2021,1,2021-W03,Sofia,-14.8833,48.0333,faible,1784988,0,0,0,0,0,0,0,0,0.0,0.0,0.0
2021-01-25,2021,1,2021-W04,Sofia,-14.8833,48.0333,faible,1784988,0,0,0,0,0,0,0,0,0.0,0.0,0.0
2021-02-01,2021,2,2021-W05,Sofia,-14.8833,48.0333,faible,1784988,0,0,0,0,0,0,0,0,0.0,0.0,0.0
2021-02-08,2021,2,2021-W06,Sofia,-14.8833,48.0333,faible,1784988,0,0,0,0,0,0,0,0,0.0,0.0,0.0
2021-02-15,2021,2,2021-W07,Sofia,-14.8833,48.0333,faible,1784988,0,0,0,0,0,0,0,0,0.0,0.0,0.0
2021-02-22,2021,2,2021-W08,Sofia,-14.8833,48.0333,faible,1784988,0,0,0,0,0,0,0,0,0.0,0.0,0.0
2021-03-01,2021,3,2021-W09,Sofia,-14.8833,48.0333,faible,1784988,0,0,0,0,0,0,0,0,0.0,0.0,0.0
2021-03-08,2021,3,2021-W10,Sofia,-14.8833,48.0333,faible,1784988,0,0,0,0,0,0,0,0,0.0,0.0,0.0
2021-03-15,2021,3,2021-W11,Sofia,-14.8833,48.0333,faible,1784988,0,0,0,0,0,0,0,0,0.0,0.0,0.0
2021-03-22,2021,3,2021-W12,Sofia,-14.8833,48.0333,faible,1784988,0,0,0,0,0,0,0,0,0.0,0.0,0.0
2021-03-29,2021,3,2021-W13,Sofia,-14.8833,48.0333,faible,1784988,0,0,0,0,0,0,0,0,0.0,0.0,0.0
2021-04-05,2021,4,2021-W14,Sofia,-14.8833,48.0333,faible,1784988,0,0,0,0,0,0,0,0,0.0,0.0,0.0
2021-04-12,2021,4,2021-W15,Sofia,-14.8833,48.0333,faible,1784988,0,0,0,0,0,0,0,0,0.0,0.0,0.0
2021-04-19,2021,4,2021-W16,Sofia,-14.8833,48.0333,faible,1784988,0,0,0,0,0,0,0,0,0.0,0.0,0.0
2021-04-26,2021,4,2021-W17,Sofia,-14.8833,48.0333,faible,1784988,0,0,0,0,0,0,0,0,0.0,0.0,0.0
2021-05-03,2021,5,2021-W18,Sofia,-14.8833,48.0333,faible,1784988,0,0,0,0,0,0,0,0,0.0,0.0,0.0
2021-05-10,2021,5,2021-W19,Sofia,-14.8833,48.0333,faible,1784988,0,0,0,0,0,0,0,0,0.0,0.0,0.0
2021-05-17,2021,5,2021-W20,Sofia,-14.8833,48.0333,faible,1784988,0,0,0,0,0,0,0,0,0.0,0.0,0.0
2021-05-24,2021,5,2021-W21,Sofia,-14.8833,48.0333,faible,1784988,0,0,0,0,0,0,0,0,0.0,0.0,0.0
2021-05-31,2021,5,2021-W22,Sofia,-14.8833,48.0333,faible,1784988,0,0,0,0,0,0,0,0,0.0,0.0,0.0
2021-06-07,2021,6,2021-W23,Sofia,-14.8833,48.0333,faible,1784988,0,0,0,0,0,0,0,0,0.0,0.0,0.0
2021-06-14,2021,6,2021-W24,Sofia,-14.8833,48.0333,faible,1784988,0,0,0,0,0,0,0,0,0.0,0.0,0.0
2021-06-21,2021,6,2021-W25,Sofia,-14.8833,48.0333,faible,1784988,0,0,0,0,0,0,0,0,0.0,0.0,0.0
2021-06-28,2021,6,2021-W26,Sofia,-14.8833,48.0333,faible,1784988,0,0,0,0,0,0,0,0,0.0,0.0,0.0
2021-07-05,2021,7,2021-W27,Sofia,-14.8833,48.0333,faible,1784988,0,0,0,0,0,0,0,0,0.0,0.0,0.0
2021-07-12,2021,7,2021-W28,Sofia,-14.8833,48.0333,faible,1784988,0,0,0,0,0,0,0,0,0.0,0.0,0.0
2021-07-19,2021,7,2021-W29,Sofia,-14.8833,48.0333,faible,1784988,0,0,0,0,0,0,0,0,0.0,0.0,0.0
2021-07-26,2021,7,2021-W30,Sofia,-14.8833,48.0333,faible,1784988,0,0,0,0,0,0,0,0,0.0,0.0,0.0
2021-08-02,2021,8,2021-W31,Sofia,-14.8833,48.0333,faible,1784988,0,0,0,0,0,0,0,0,0.0,0.0,0.0
2021-08-09,2021,8,2021-W32,Sofia,-14.8833,48.0333,faible,1784988,0,0,0,0,0,0,0,0,0.0,0.0,0.0
2021-08-16,2021,8,2021-W33,Sofia,-14.8833,48.0333,faible,1784988,0,0,0,0,0,0,0,0,0.0,0.0,0.0
2021-08-23,2021,8,2021-W34,Sofia,-14.8833,48.0333,faible,1784988,0,0,0,0,0,0,0,0,0.0,0.0,0.0
2021-08-30,2021,8,2021-W35,Sofia,-14.8833,48.0333,faible,1784988,0,0,0,0,0,0,0,0,0.0,0.0,0.0
2021-09-06,2021,9,2021-W36,Sofia,-14.8833,48.0333,faible,1784988,0,0,0,0,0,0,0,0,0.0,0.0,0.0
2021-09-13,2021,9,2021-W37,Sofia,-14.8833,48.0333,faible,1784988,0,0,0,0,0,0,0,0,0.0,0.0,0.0
2021-09-20,2021,9,2021-W38,Sofia,-14.8833,48.0333,faible,1784988,0,0,0,0,0,0,0,0,0.0,0.0,0.0
2021-09-27,2021,9,2021-W39,Sofia,-14.8833,48.0333,faible,1784988,0,0,0,0,0,0,0,0,0.0,0.0,0.0
2021-10-04,2021,10,2021-W40,Sofia,-14.8833,48.0333,faible,1784988,0,0,0,0,0,0,0,0,0.0,0.0,0.0
2021-10-11,2021,10,2021-W41,Sofia,-14.8833,48.0333,faible,1784988,0,0,0,0,0,0,0,0,0.0,0.0,0.0
2021-10-18,2021,10,2021-W42,Sofia,-14.8833,48.0333,faible,1784988,0,0,0,0,0,0,0,0,0.0,0.0,0.0
2021-10-25,2021,10,2021-W43,Sofia,-14.8833,48.0333,faible,1784988,0,0,0,0,0,0,0,0,0.0,0.0,0.0
2021-11-01,2021,11,2021-W44,Sofia,-14.8833,48.0333,faible,1784988,0,0,0,0,0,0,0,0,0.0,0.0,0.0
2021-11-08,2021,11,2021-W45,Sofia,-14.8833,48.0333,faible,1784988,0,0,0,0,0,0,0,0,0.0,0.0,0.0
2021-11-15,2021,11,2021-W46,Sofia,-14.8833,48.0333,faible,1784988,0,0,0,0,0,0,0,0,0.0,0.0,0.0
2021-11-22,2021,11,2021-W47,Sofia,-14.8833,48.0333,faible,1784988,0,0,0,0,0,0,0,0,0.0,0.0,0.0
2021-11-29,2021,11,2021-W48,Sofia,-14.8833,48.0333,faible,1784988,0,0,0,0,0,0,0,0,0.0,0.0,0.0
2021-12-06,2021,12,2021-W49,Sofia,-14.8833,48.0333,faible,1784988,0,0,0,0,0,0,0,0,0.0,0.0,0.0
2021-12-13,2021,12,2021-W50,Sofia,-14.8833,48.0333,faible,1784988,0,0,0,0,0,0,0,0,0.0,0.0,0.0
2021-12-20,2021,12,2021-W51,Sofia,-14.8833,48.0333,faible,1784988,0,0,0,0,0,0,0,0,0.0,0.0,0.0
2021-12-27,2021,12,2021-W52,Sofia,-14.8833,48.0333,faible,1784988,0,0,0,0,0,0,0,0,0.0,0.0,0.0
2022-01-03,2022,1,2022-W01,Sofia,-14.8833,48.0333,faible,1784988,0,0,0,0,0,0,0,0,0.0,0.0,0.0
2022-01-10,2022,1,2022-W02,Sofia,-14.8833,48.0333,faible,1784988,0,0,0,0,0,0,0,0,0.0,0.0,0.0
2022-01-17,2022,1,2022-W03,Sofia,-14.8833,48.0333,faible,1784988,0,0,0,0,0,0,0,0,0.0,0.0,0.0
2022-01-24,2022,1,2022-W04,Sofia,-14.8833,48.0333,faible,1784988,0,0,0,0,0,0,0,0,0.0,0.0,0.0
2022-01-31,2022,1,2022-W05,Sofia,-14.8833,48.0333,faible,1784988,0,0,0,0,0,0,0,0,0.0,0.0,0.0
2022-02-07,2022,2,2022-W06,Sofia,-14.8833,48.0333,faible,1784988,0,0,0,0,0,0,0,0,0.0,0.0,0.0
2022-02-14,2022,2,2022-W07,Sofia,-14.8833,48.0333,faible,1784988,0,0,0,0,0,0,0,0,0.0,0.0,0.0
2022-02-21,2022,2,2022-W08,Sofia,-14.8833,48.0333,faible,1784988,0,0,0,0,0,0,0,0,0.0,0.0,0.0
2022-02-28,2022,2,2022-W09,Sofia,-14.8833,48.0333,faible,1784988,0,0,0,0,0,0,0,0,0.0,0.0,0.0
2022-03-07,2022,3,2022-W10,Sofia,-14.8833,48.0333,faible,1784988,0,0,0,0,0,0,0,0,0.0,0.0,0.0
2022-03-14,2022,3,2022-W11,Sofia,-14.8833,48.0333,faible,1784988,0,0,0,0,0,0,0,0,0.0,0.0,0.0
2022-03-21,2022,3,2022-W12,Sofia,-14.8833,48.0333,faible,1784988,0,0,0,0,0,0,0,0,0.0,0.0,0.0
2022-03-28,2022,3,2022-W13,Sofia,-14.8833,48.0333,faible,1784988,0,0,0,0,0,0,0,0,0.0,0.0,0.0
2022-04-04,2022,4,2022-W14,Sofia,-14.8833,48.0333,faible,1784988,0,0,0,0,0,0,0,0,0.0,0.0,0.0
2022-04-11,2022,4,2022-W15,Sofia,-14.8833,48.0333,faible,1784988,0,0,0,0,0,0,0,0,0.0,0.0,0.0
2022-04-18,2022,4,2022-W16,Sofia,-14.8833,48.0333,faible,1784988,0,0,0,0,0,0,0,0,0.0,0.0,0.0
2022-04-25,2022,4,2022-W17,Sofia,-14.8833,48.0333,faible,1784988,0,0,0,0,0,0,0,0,0.0,0.0,0.0
2022-05-02,2022,5,2022-W18,Sofia,-14.8833,48.0333,faible,1784988,0,0,0,0,0,0,0,0,0.0,0.0,0.0
2022-05-09,2022,5,2022-W19,Sofia,-14.8833,48.0333,faible,1784988,0,0,0,0,0,0,0,0,0.0,0.0,0.0
2022-05-16,2022,5,2022-W20,Sofia,-14.8833,48.0333,faible,1784988,0,0,0,0,0,0,0,0,0.0,0.0,0.0
2022-05-23,2022,5,2022-W21,Sofia,-14.8833,48.0333,faible,1784988,0,0,0,0,0,0,0,0,0.0,0.0,0.0
2022-05-30,2022,5,2022-W22,Sofia,-14.8833,48.0333,faible,1784988,0,0,0,0,0,0,0,0,0.0,0.0,0.0
2022-06-06,2022,6,2022-W23,Sofia,-14.8833,48.0333,faible,1784988,0,0,0,0,0,0,0,0,0.0,0.0,0.0
2022-06-13,2022,6,2022-W24,Sofia,-14.8833,48.0333,faible,1784988,0,0,0,0,0,0,0,0,0.0,0.0,0.0
2022-06-20,2022,6,2022-W25,Sofia,-14.8833,48.0333,faible,1784988,0,0,0,0,0,0,0,0,0.0,0.0,0.0
2022-06-27,2022,6,2022-W26,Sofia,-14.8833,48.0333,faible,1784988,0,0,0,0,0,0,0,0,0.0,0.0,0.0
2022-07-04,2022,7,2022-W27,Sofia,-14.8833,48.0333,faible,1784988,0,0,0,0,0,0,0,0,0.0,0.0,0.0
2022-07-11,2022,7,2022-W28,Sofia,-14.8833,48.0333,faible,1784988,0,0,0,0,0,0,0,0,0.0,0.0,0.0
2022-07-18,2022,7,2022-W29,Sofia,-14.8833,48.0333,faible,1784988,0,0,0,0,0,0,0,0,0.0,0.0,0.0
2022-07-25,2022,7,2022-W30,Sofia,-14.8833,48.0333,faible,1784988,0,0,0,0,0,0,0,0,0.0,0.0,0.0
2022-08-01,2022,8,2022-W31,Sofia,-14.8833,48.0333,faible,1784988,0,0,0,0,0,0,0,0,0.0,0.0,0.0
2022-08-08,2022,8,2022-W32,Sofia,-14.8833,48.0333,faible,1784988,0,0,0,0,0,0,0,0,0.0,0.0,0.0
2022-08-15,2022,8,2022-W33,Sofia,-14.8833,48.0333,faible,1784988,0,0,0,0,0,0,0,0,0.0,0.0,0.0
2022-08-22,2022,8,2022-W34,Sofia,-14.8833,48.0333,faible,1784988,0,0,0,0,0,0,0,0,0.0,0.0,0.0
2022-08-29,2022,8,2022-W35,Sofia,-14.8833,48.0333,faible,1784988,0,0,0,0,0,0,0,0,0.0,0.0,0.0
2022-09-05,2022,9,2022-W36,Sofia,-14.8833,48.0333,faible,1784988,0,0,0,0,0,0,0,0,0.0,0.0,0.0
2022-09-12,2022,9,2022-W37,Sofia,-14.8833,48.0333,faible,1784988,0,0,0,0,0,0,0,0,0.0,0.0,0.0
2022-09-19,2022,9,2022-W38,Sofia,-14.8833,48.0333,faible,1784988,0,0,0,0,0,0,0,0,0.0,0.0,0.0
2022-09-26,2022,9,2022-W39,Sofia,-14.8833,48.0333,faible,1784988,0,0,0,0,0,0,0,0,0.0,0.0,0.0
2022-10-03,2022,10,2022-W40,Sofia,-14.8833,48.0333,faible,1784988,0,0,0,0,0,0,0,0,0.0,0.0,0.0
2022-10-10,2022,10,2022-W41,Sofia,-14.8833,48.0333,faible,1784988,0,0,0,0,0,0,0,0,0.0,0.0,0.0
2022-10-17,2022,10,2022-W42,Sofia,-14.8833,48.0333,faible,1784988,0,0,0,0,0,0,0,0,0.0,0.0,0.0
2022-10-24,2022,10,2022-W43,Sofia,-14.8833,48.0333,faible,1784988,0,0,0,0,0,0,0,0,0.0,0.0,0.0
2022-10-31,2022,10,2022-W44,Sofia,-14.8833,48.0333,faible,1784988,0,0,0,0,0,0,0,0,0.0,0.0,0.0
2022-11-07,2022,11,2022-W45,Sofia,-14.8833,48.0333,faible,1784988,0,0,0,0,0,0,0,0,0.0,0.0,0.0
2022-11-14,2022,11,2022-W46,Sofia,-14.8833,48.0333,faible,1784988,0,0,0,0,0,0,0,0,0.0,0.0,0.0
2022-11-21,2022,11,2022-W47,Sofia,-14.8833,48.0333,faible,1784988,0,0,0,0,0,0,0,0,0.0,0.0,0.0
2022-11-28,2022,11,2022-W48,Sofia,-14.8833,48.0333,faible,1784988,0,0,0,0,0,0,0,0,0.0,0.0,0.0
2022-12-05,2022,12,2022-W49,Sofia,-14.8833,48.0333,faible,1784988,0,0,0,0,0,0,0,0,0.0,0.0,0.0
2022-12-12,2022,12,2022-W50,Sofia,-14.8833,48.0333,faible,1784988,0,0,0,0,0,0,0,0,0.0,0.0,0.0
2022-12-19,2022,12,2022-W51,Sofia,-14.8833,48.0333,faible,1784988,0,0,0,0,0,0,0,0,0.0,0.0,0.0
2022-12-26,2022,12,2022-W52,Sofia,-14.8833,48.0333,faible,1784988,0,0,0,0,0,0,0,0,0.0,0.0,0.0
2023-01-02,2023,1,2023-W01,Sofia,-14.8833,48.0333,faible,1784988,0,0,0,0,0,0,0,0,0.0,0.0,0.0
2023-01-09,2023,1,2023-W02,Sofia,-14.8833,48.0333,faible,1784988,0,0,0,0,0,0,0,0,0.0,0.0,0.0
2023-01-16,2023,1,2023-W03,Sofia,-14.8833,48.0333,faible,1784988,0,0,0,0,0,0,0,0,0.0,0.0,0.0
2023-01-23,2023,1,2023-W04,Sofia,-14.8833,48.0333,faible,1784988,0,0,0,0,0,0,0,0,0.0,0.0,0.0
2023-01-30,2023,1,2023-W05,Sofia,-14.8833,48.0333,faible,1784988,0,0,0,0,0,0,0,0,0.0,0.0,0.0
2023-02-06,2023,2,2023-W06,Sofia,-14.8833,48.0333,faible,1784988,0,0,0,0,0,0,0,0,0.0,0.0,0.0
2023-02-13,2023,2,2023-W07,Sofia,-14.8833,48.0333,faible,1784988,0,0,0,0,0,0,0,0,0.0,0.0,0.0
2023-02-20,2023,2,2023-W08,Sofia,-14.8833,48.0333,faible,1784988,0,0,0,0,0,0,0,0,0.0,0.0,0.0
2023-02-27,2023,2,2023-W09,Sofia,-14.8833,48.0333,faible,1784988,0,0,0,0,0,0,0,0,0.0,0.0,0.0
2023-03-06,2023,3,2023-W10,Sofia,-14.8833,48.0333,faible,1784988,0,0,0,0,0,0,0,0,0.0,0.0,0.0
2023-03-13,2023,3,2023-W11,Sofia,-14.8833,48.0333,faible,1784988,0,0,0,0,0,0,0,0,0.0,0.0,0.0
2023-03-20,2023,3,2023-W12,Sofia,-14.8833,48.0333,faible,1784988,0,0,0,0,0,0,0,0,0.0,0.0,0.0
2023-03-27,2023,3,2023-W13,Sofia,-14.8833,48.0333,faible,1784988,0,0,0,0,0,0,0,0,0.0,0.0,0.0
2023-04-03,2023,4,2023-W14,Sofia,-14.8833,48.0333,faible,1784988,0,0,0,0,0,0,0,0,0.0,0.0,0.0
2023-04-10,2023,4,2023-W15,Sofia,-14.8833,48.0333,faible,1784988,0,0,0,0,0,0,0,0,0.0,0.0,0.0
2023-04-17,2023,4,2023-W16,Sofia,-14.8833,48.0333,faible,1784988,0,0,0,0,0,0,0,0,0.0,0.0,0.0
2023-04-24,2023,4,2023-W17,Sofia,-14.8833,48.0333,faible,1784988,0,0,0,0,0,0,0,0,0.0,0.0,0.0
2023-05-01,2023,5,2023-W18,Sofia,-14.8833,48.0333,faible,1784988,0,0,0,0,0,0,0,0,0.0,0.0,0.0
2023-05-08,2023,5,2023-W19,Sofia,-14.8833,48.0333,faible,1784988,0,0,0,0,0,0,0,0,0.0,0.0,0.0
2023-05-15,2023,5,2023-W20,Sofia,-14.8833,48.0333,faible,1784988,0,0,0,0,0,0,0,0,0.0,0.0,0.0
2023-05-22,2023,5,2023-W21,Sofia,-14.8833,48.0333,faible,1784988,0,0,0,0,0,0,0,0,0.0,0.0,0.0
2023-05-29,2023,5,2023-W22,Sofia,-14.8833,48.0333,faible,1784988,0,0,0,0,0,0,0,0,0.0,0.0,0.0
2023-06-05,2023,6,2023-W23,Sofia,-14.8833,48.0333,faible,1784988,0,0,0,0,0,0,0,0,0.0,0.0,0.0
2023-06-12,2023,6,2023-W24,Sofia,-14.8833,48.0333,faible,1784988,0,0,0,0,0,0,0,0,0.0,0.0,0.0
2023-06-19,2023,6,2023-W25,Sofia,-14.8833,48.0333,faible,1784988,0,0,0,0,0,0,0,0,0.0,0.0,0.0
2023-06-26,2023,6,2023-W26,Sofia,-14.8833,48.0333,faible,1784988,0,0,0,0,0,0,0,0,0.0,0.0,0.0
2023-07-03,2023,7,2023-W27,Sofia,-14.8833,48.0333,faible,1784988,0,0,0,0,0,0,0,0,0.0,0.0,0.0
2023-07-10,2023,7,2023-W28,Sofia,-14.8833,48.0333,faible,1784988,0,0,0,0,0,0,0,0,0.0,0.0,0.0
2023-07-17,2023,7,2023-W29,Sofia,-14.8833,48.0333,faible,1784988,0,0,0,0,0,0,0,0,0.0,0.0,0.0
2023-07-24,2023,7,2023-W30,Sofia,-14.8833,48.0333,faible,1784988,0,0,0,0,0,0,0,0,0.0,0.0,0.0
2023-07-31,2023,7,2023-W31,Sofia,-14.8833,48.0333,faible,1784988,0,0,0,0,0,0,0,0,0.0,0.0,0.0
2023-08-07,2023,8,2023-W32,Sofia,-14.8833,48.0333,faible,1784988,0,0,0,0,0,0,0,0,0.0,0.0,0.0
2023-08-14,2023,8,2023-W33,Sofia,-14.8833,48.0333,faible,1784988,0,0,0,0,0,0,0,0,0.0,0.0,0.0
2023-08-21,2023,8,2023-W34,Sofia,-14.8833,48.0333,faible,1784988,0,0,0,0,0,0,0,0,0.0,0.0,0.0
2023-08-28,2023,8,2023-W35,Sofia,-14.8833,48.0333,faible,1784988,0,0,0,0,0,0,0,0,0.0,0.0,0.0
2023-09-04,2023,9,2023-W36,Sofia,-14.8833,48.0333,faible,1784988,0,0,0,0,0,0,0,0,0.0,0.0,0.0
2023-09-11,2023,9,2023-W37,Sofia,-14.8833,48.0333,faible,1784988,0,0,0,0,0,0,0,0,0.0,0.0,0.0
2023-09-18,2023,9,2023-W38,Sofia,-14.8833,48.0333,faible,1784988,0,0,0,0,0,0,0,0,0.0,0.0,0.0
2023-09-25,2023,9,2023-W39,Sofia,-14.8833,48.0333,faible,1784988,0,0,0,0,0,0,0,0,0.0,0.0,0.0
2023-10-02,2023,10,2023-W40,Sofia,-14.8833,48.0333,faible,1784988,0,0,0,0,0,0,0,0,0.0,0.0,0.0
2023-10-09,2023,10,2023-W41,Sofia,-14.8833,48.0333,faible,1784988,0,0,0,0,0,0,0,0,0.0,0.0,0.0
2023-10-16,2023,10,2023-W42,Sofia,-14.8833,48.0333,faible,1784988,0,0,0,0,0,0,0,0,0.0,0.0,0.0
2023-10-23,2023,10,2023-W43,Sofia,-14.8833,48.0333,faible,1784988,0,0,0,0,0,0,0,0,0.0,0.0,0.0
2023-10-30,2023,10,2023-W44,Sofia,-14.8833,48.0333,faible,1784988,0,0,0,0,0,0,0,0,0.0,0.0,0.0
2023-11-06,2023,11,2023-W45,Sofia,-14.8833,48.0333,faible,1784988,0,0,0,0,0,0,0,0,0.0,0.0,0.0
2023-11-13,2023,11,2023-W46,Sofia,-14.8833,48.0333,faible,1784988,0,0,0,0,0,0,0,0,0.0,0.0,0.0
2023-11-20,2023,11,2023-W47,Sofia,-14.8833,48.0333,faible,1784988,0,0,0,0,0,0,0,0,0.0,0.0,0.0
2023-11-27,2023,11,2023-W48,Sofia,-14.8833,48.0333,faible,1784988,0,0,0,0,0,0,0,0,0.0,0.0,0.0
2023-12-04,2023,12,2023-W49,Sofia,-14.8833,48.0333,faible,1784988,0,0,0,0,0,0,0,0,0.0,0.0,0.0
2023-12-11,2023,12,2023-W50,Sofia,-14.8833,48.0333,faible,1784988,0,0,0,0,0,0,0,0,0.0,0.0,0.0
2023-12-18,2023,12,2023-W51,Sofia,-14.8833,48.0333,faible,1784988,0,0,0,0,0,0,0,0,0.0,0.0,0.0
2023-12-25,2023,12,2023-W52,Sofia,-14.8833,48.0333,faible,1784988,0,0,0,0,0,0,0,0,0.0,0.0,0.0
2024-01-01,2024,1,2024-W01,Sofia,-14.8833,48.0333,faible,1784988,0,0,0,0,0,0,0,0,0.0,0.0,0.0
2024-01-08,2024,1,2024-W02,Sofia,-14.8833,48.0333,faible,1784988,0,0,0,0,0,0,0,0,0.0,0.0,0.0
2024-01-15,2024,1,2024-W03,Sofia,-14.8833,48.0333,faible,1784988,0,0,0,0,0,0,0,0,0.0,0.0,0.0
2024-01-22,2024,1,2024-W04,Sofia,-14.8833,48.0333,faible,1784988,0,0,0,0,0,0,0,0,0.0,0.0,0.0
2024-01-29,2024,1,2024-W05,Sofia,-14.8833,48.0333,faible,1784988,0,0,0,0,0,0,0,0,0.0,0.0,0.0
2024-02-05,2024,2,2024-W06,Sofia,-14.8833,48.0333,faible,1784988,0,0,0,0,0,0,0,0,0.0,0.0,0.0
2024-02-12,2024,2,2024-W07,Sofia,-14.8833,48.0333,faible,1784988,0,0,0,0,0,0,0,0,0.0,0.0,0.0
2024-02-19,2024,2,2024-W08,Sofia,-14.8833,48.0333,faible,1784988,0,0,0,0,0,0,0,0,0.0,0.0,0.0
2024-02-26,2024,2,2024-W09,Sofia,-14.8833,48.0333,faible,1784988,0,0,0,0,0,0,0,0,0.0,0.0,0.0
2024-03-04,2024,3,2024-W10,Sofia,-14.8833,48.0333,faible,1784988,0,0,0,0,0,0,0,0,0.0,0.0,0.0
2024-03-11,2024,3,2024-W11,Sofia,-14.8833,48.0333,faible,1784988,0,0,0,0,0,0,0,0,0.0,0.0,0.0
2024-03-18,2024,3,2024-W12,Sofia,-14.8833,48.0333,faible,1784988,0,0,0,0,0,0,0,0,0.0,0.0,0.0
2024-03-25,2024,3,2024-W13,Sofia,-14.8833,48.0333,faible,1784988,0,0,0,0,0,0,0,0,0.0,0.0,0.0
2024-04-01,2024,4,2024-W14,Sofia,-14.8833,48.0333,faible,1784988,0,0,0,0,0,0,0,0,0.0,0.0,0.0
2024-04-08,2024,4,2024-W15,Sofia,-14.8833,48.0333,faible,1784988,0,0,0,0,0,0,0,0,0.0,0.0,0.0
2024-04-15,2024,4,2024-W16,Sofia,-14.8833,48.0333,faible,1784988,0,0,0,0,0,0,0,0,0.0,0.0,0.0
2024-04-22,2024,4,2024-W17,Sofia,-14.8833,48.0333,faible,1784988,0,0,0,0,0,0,0,0,0.0,0.0,0.0
2024-04-29,2024,4,2024-W18,Sofia,-14.8833,48.0333,faible,1784988,0,0,0,0,0,0,0,0,0.0,0.0,0.0
2024-05-06,2024,5,2024-W19,Sofia,-14.8833,48.0333,faible,1784988,0,0,0,0,0,0,0,0,0.0,0.0,0.0
2024-05-13,2024,5,2024-W20,Sofia,-14.8833,48.0333,faible,1784988,0,0,0,0,0,0,0,0,0.0,0.0,0.0
2024-05-20,2024,5,2024-W21,Sofia,-14.8833,48.0333,faible,1784988,0,0,0,0,0,0,0,0,0.0,0.0,0.0
2024-05-27,2024,5,2024-W22,Sofia,-14.8833,48.0333,faible,1784988,0,0,0,0,0,0,0,0,0.0,0.0,0.0
2024-06-03,2024,6,2024-W23,Sofia,-14.8833,48.0333,faible,1784988,0,0,0,0,0,0,0,0,0.0,0.0,0.0
2024-06-10,2024,6,2024-W24,Sofia,-14.8833,48.0333,faible,1784988,0,0,0,0,0,0,0,0,0.0,0.0,0.0
2024-06-17,2024,6,2024-W25,Sofia,-14.8833,48.0333,faible,1784988,0,0,0,0,0,0,0,0,0.0,0.0,0.0
2024-06-24,2024,6,2024-W26,Sofia,-14.8833,48.0333,faible,1784988,0,0,0,0,0,0,0,0,0.0,0.0,0.0
2024-07-01,2024,7,2024-W27,Sofia,-14.8833,48.0333,faible,1784988,0,0,0,0,0,0,0,0,0.0,0.0,0.0
2024-07-08,2024,7,2024-W28,Sofia,-14.8833,48.0333,faible,1784988,0,0,0,0,0,0,0,0,0.0,0.0,0.0
2024-07-15,2024,7,2024-W29,Sofia,-14.8833,48.0333,faible,1784988,0,0,0,0,0,0,0,0,0.0,0.0,0.0
2024-07-22,2024,7,2024-W30,Sofia,-14.8833,48.0333,faible,1784988,0,0,0,0,0,0,0,0,0.0,0.0,0.0
2024-07-29,2024,7,2024-W31,Sofia,-14.8833,48.0333,faible,1784988,0,0,0,0,0,0,0,0,0.0,0.0,0.0
2024-08-05,2024,8,2024-W32,Sofia,-14.8833,48.0333,faible,1784988,0,0,0,0,0,0,0,0,0.0,0.0,0.0
2024-08-12,2024,8,2024-W33,Sofia,-14.8833,48.0333,faible,1784988,0,0,0,0,0,0,0,0,0.0,0.0,0.0
2024-08-19,2024,8,2024-W34,Sofia,-14.8833,48.0333,faible,1784988,0,0,0,0,0,0,0,0,0.0,0.0,0.0
2024-08-26,2024,8,2024-W35,Sofia,-14.8833,48.0333,faible,1784988,0,0,0,0,0,0,0,0,0.0,0.0,0.0
2024-09-02,2024,9,2024-W36,Sofia,-14.8833,48.0333,faible,1784988,0,0,0,0,0,0,0,0,0.0,0.0,0.0
2024-09-09,2024,9,2024-W37,Sofia,-14.8833,48.0333,faible,1784988,0,0,0,0,0,0,0,0,0.0,0.0,0.0
2024-09-16,2024,9,2024-W38,Sofia,-14.8833,48.0333,faible,1784988,0,0,0,0,0,0,0,0,0.0,0.0,0.0
2024-09-23,2024,9,2024-W39,Sofia,-14.8833,48.0333,faible,1784988,0,0,0,0,0,0,0,0,0.0,0.0,0.0
2024-09-30,2024,9,2024-W40,Sofia,-14.8833,48.0333,faible,1784988,0,0,0,0,0,0,0,0,0.0,0.0,0.0
2024-10-07,2024,10,2024-W41,Sofia,-14.8833,48.0333,faible,1784988,0,0,0,0,0,0,0,0,0.0,0.0,0.0
2024-10-14,2024,10,2024-W42,Sofia,-14.8833,48.0333,faible,1784988,0,0,0,0,0,0,0,0,0.0,0.0,0.0
2024-10-21,2024,10,2024-W43,Sofia,-14.8833,48.0333,faible,1784988,0,0,0,0,0,0,0,0,0.0,0.0,0.0
2024-10-28,2024,10,2024-W44,Sofia,-14.8833,48.0333,faible,1784988,0,0,0,0,0,0,0,0,0.0,0.0,0.0
2024-11-04,2024,11,2024-W45,Sofia,-14.8833,48.0333,faible,1784988,0,0,0,0,0,0,0,0,0.0,0.0,0.0
2024-11-11,2024,11,2024-W46,Sofia,-14.8833,48.0333,faible,1784988,0,0,0,0,0,0,0,0,0.0,0.0,0.0
2024-11-18,2024,11,2024-W47,Sofia,-14.8833,48.0333,faible,1784988,0,0,0,0,0,0,0,0,0.0,0.0,0.0
2024-11-25,2024,11,2024-W48,Sofia,-14.8833,48.0333,faible,1784988,0,0,0,0,0,0,0,0,0.0,0.0,0.0
2024-12-02,2024,12,2024-W49,Sofia,-14.8833,48.0333,faible,1784988,0,0,0,0,0,0,0,0,0.0,0.0,0.0
2024-12-09,2024,12,2024-W50,Sofia,-14.8833,48.0333,faible,1784988,0,0,0,0,0,0,0,0,0.0,0.0,0.0
2024-12-16,2024,12,2024-W51,Sofia,-14.8833,48.0333,faible,1784988,0,0,0,0,0,0,0,0,0.0,0.0,0.0
2024-12-23,2024,12,2024-W52,Sofia,-14.8833,48.0333,faible,1784988,0,0,0,0,0,0,0,0,0.0,0.0,0.0
2024-12-30,2024,12,2025-W01,Sofia,-14.8833,48.0333,faible,1784988,0,0,0,0,0,0,0,0,0.0,0.0,0.0
2025-01-06,2025,1,2025-W02,Sofia,-14.8833,48.0333,faible,1784988,0,0,0,0,0,0,0,0,0.0,0.0,0.0
2025-01-13,2025,1,2025-W03,Sofia,-14.8833,48.0333,faible,1784988,0,0,0,0,0,0,0,0,0.0,0.0,0.0
2025-01-20,2025,1,2025-W04,Sofia,-14.8833,48.0333,faible,1784988,0,0,0,0,0,0,0,0,0.0,0.0,0.0
2025-01-27,2025,1,2025-W05,Sofia,-14.8833,48.0333,faible,1784988,0,0,0,0,0,0,0,0,0.0,0.0,0.0
2025-02-03,2025,2,2025-W06,Sofia,-14.8833,48.0333,faible,1784988,0,0,0,0,0,0,0,0,0.0,0.0,0.0
2025-02-10,2025,2,2025-W07,Sofia,-14.8833,48.0333,faible,1784988,0,0,0,0,0,0,0,0,0.0,0.0,0.0
2025-02-17,2025,2,2025-W08,Sofia,-14.8833,48.0333,faible,1784988,0,0,0,0,0,0,0,0,0.0,0.0,0.0
2025-02-24,2025,2,2025-W09,Sofia,-14.8833,48.0333,faible,1784988,0,0,0,0,0,0,0,0,0.0,0.0,0.0
2025-03-03,2025,3,2025-W10,Sofia,-14.8833,48.0333,faible,1784988,0,0,0,0,0,0,0,0,0.0,0.0,0.0
2025-03-10,2025,3,2025-W11,Sofia,-14.8833,48.0333,faible,1784988,0,0,0,0,0,0,0,0,0.0,0.0,0.0
2025-03-17,2025,3,2025-W12,Sofia,-14.8833,48.0333,faible,1784988,0,0,0,0,0,0,0,0,0.0,0.0,0.0
2025-03-24,2025,3,2025-W13,Sofia,-14.8833,48.0333,faible,1784988,0,0,0,0,0,0,0,0,0.0,0.0,0.0
2025-03-31,2025,3,2025-W14,Sofia,-14.8833,48.0333,faible,1784988,0,0,0,0,0,0,0,0,0.0,0.0,0.0
2025-04-07,2025,4,2025-W15,Sofia,-14.8833,48.0333,faible,1784988,0,0,0,0,0,0,0,0,0.0,0.0,0.0
2025-04-14,2025,4,2025-W16,Sofia,-14.8833,48.0333,faible,1784988,0,0,0,0,0,0,0,0,0.0,0.0,0.0
2025-04-21,2025,4,2025-W17,Sofia,-14.8833,48.0333,faible,1784988,0,0,0,0,0,0,0,0,0.0,0.0,0.0
2025-04-28,2025,4,2025-W18,Sofia,-14.8833,48.0333,faible,1784988,0,0,0,0,0,0,0,0,0.0,0.0,0.0
2025-05-05,2025,5,2025-W19,Sofia,-14.8833,48.0333,faible,1784988,0,0,0,0,0,0,0,0,0.0,0.0,0.0
2025-05-12,2025,5,2025-W20,Sofia,-14.8833,48.0333,faible,1784988,0,0,0,0,0,0,0,0,0.0,0.0,0.0
2025-05-19,2025,5,2025-W21,Sofia,-14.8833,48.0333,faible,1784988,0,0,0,0,0,0,0,0,0.0,0.0,0.0
2025-05-26,2025,5,2025-W22,Sofia,-14.8833,48.0333,faible,1784988,0,0,0,0,0,0,0,0,0.0,0.0,0.0
2025-06-02,2025,6,2025-W23,Sofia,-14.8833,48.0333,faible,1784988,0,0,0,0,0,0,0,0,0.0,0.0,0.0
2025-06-09,2025,6,2025-W24,Sofia,-14.8833,48.0333,faible,1784988,0,0,0,0,0,0,0,0,0.0,0.0,0.0
2025-06-16,2025,6,2025-W25,Sofia,-14.8833,48.0333,faible,1784988,0,0,0,0,0,0,0,0,0.0,0.0,0.0
2025-06-23,2025,6,2025-W26,Sofia,-14.8833,48.0333,faible,1784988,0,0,0,0,0,0,0,0,0.0,0.0,0.0
2025-06-30,2025,6,2025-W27,Sofia,-14.8833,48.0333,faible,1784988,0,0,0,0,0,0,0,0,0.0,0.0,0.0
2025-07-07,2025,7,2025-W28,Sofia,-14.8833,48.0333,faible,1784988,0,0,0,0,0,0,0,0,0.0,0.0,0.0
2025-07-14,2025,7,2025-W29,Sofia,-14.8833,48.0333,faible,1784988,0,0,0,0,0,0,0,0,0.0,0.0,0.0
2025-07-21,2025,7,2025-W30,Sofia,-14.8833,48.0333,faible,1784988,0,0,0,0,0,0,0,0,0.0,0.0,0.0
2025-07-28,2025,7,2025-W31,Sofia,-14.8833,48.0333,faible,1784988,0,0,0,0,0,0,0,0,0.0,0.0,0.0
2025-08-04,2025,8,2025-W32,Sofia,-14.8833,48.0333,faible,1784988,0,0,0,0,0,0,0,0,0.0,0.0,0.0
2025-08-11,2025,8,2025-W33,Sofia,-14.8833,48.0333,faible,1784988,0,0,0,0,0,0,0,0,0.0,0.0,0.0
2025-08-18,2025,8,2025-W34,Sofia,-14.8833,48.0333,faible,1784988,0,0,0,0,0,0,0,0,0.0,0.0,0.0
2025-08-25,2025,8,2025-W35,Sofia,-14.8833,48.0333,faible,1784988,0,0,0,0,0,0,0,0,0.0,0.0,0.0
2025-09-01,2025,9,2025-W36,Sofia,-14.8833,48.0333,faible,1784988,0,0,0,0,0,0,0,0,0.0,0.0,0.0
2025-09-08,2025,9,2025-W37,Sofia,-14.8833,48.0333,faible,1784988,0,0,0,0,0,0,0,0,0.0,0.0,0.0
2025-09-15,2025,9,2025-W38,Sofia,-14.8833,48.0333,faible,1784988,0,0,0,0,0,0,0,0,0.0,0.0,0.0
2025-09-22,2025,9,2025-W39,Sofia,-14.8833,48.0333,faible,1784988,0,0,0,0,0,0,0,0,0.0,0.0,0.0
2025-09-29,2025,9,2025-W40,Sofia,-14.8833,48.0333,faible,1784988,0,0,0,0,0,0,0,0,0.0,0.0,0.0
2025-10-06,2025,10,2025-W41,Sofia,-14.8833,48.0333,faible,1784988,0,0,0,0,0,0,0,0,0.0,0.0,0.0
2025-10-13,2025,10,2025-W42,Sofia,-14.8833,48.0333,faible,1784988,0,0,0,0,0,0,0,0,0.0,0.0,0.0
2025-10-20,2025,10,2025-W43,Sofia,-14.8833,48.0333,faible,1784988,0,0,0,0,0,0,0,0,0.0,0.0,0.0
2025-10-27,2025,10,2025-W44,Sofia,-14.8833,48.0333,faible,1784988,0,0,0,0,0,0,0,0,0.0,0.0,0.0
2025-11-03,2025,11,2025-W45,Sofia,-14.8833,48.0333,faible,1784988,0,0,0,0,0,0,0,0,0.0,0.0,0.0
2025-11-10,2025,11,2025-W46,Sofia,-14.8833,48.0333,faible,1784988,0,0,0,0,0,0,0,0,0.0,0.0,0.0
2025-11-17,2025,11,2025-W47,Sofia,-14.8833,48.0333,faible,1784988,0,0,0,0,0,0,0,0,0.0,0.0,0.0
2025-11-24,2025,11,2025-W48,Sofia,-14.8833,48.0333,faible,1784988,0,0,0,0,0,0,0,0,0.0,0.0,0.0
2025-12-01,2025,12,2025-W49,Sofia,-14.8833,48.0333,faible,1784988,0,0,0,0,0,0,0,0,0.0,0.0,0.0
2025-12-08,2025,12,2025-W50,Sofia,-14.8833,48.0333,faible,1784988,0,0,0,0,0,0,0,0,0.0,0.0,0.0
2025-12-15,2025,12,2025-W51,Sofia,-14.8833,48.0333,faible,1784988,0,0,0,0,0,0,0,0,0.0,0.0,0.0
2025-12-22,2025,12,2025-W52,Sofia,-14.8833,48.0333,faible,1784988,0,0,0,0,0,0,0,0,0.0,0.0,0.0
2025-12-29,2025,12,2026-W01,Sofia,-14.8833,48.0333,faible,1784988,0,0,0,0,0,0,0,0,0.0,0.0,0.0
2026-01-05,2026,1,2026-W02,Sofia,-14.8833,48.0333,faible,1784988,0,0,0,0,0,0,0,0,0.0,0.0,0.0
2026-01-12,2026,1,2026-W03,Sofia,-14.8833,48.0333,faible,1784988,0,0,0,0,0,0,0,0,0.0,0.0,0.0
2026-01-19,2026,1,2026-W04,Sofia,-14.8833,48.0333,faible,1784988,0,0,0,0,0,0,0,0,0.0,0.0,0.0
2026-01-26,2026,1,2026-W05,Sofia,-14.8833,48.0333,faible,1784988,0,0,0,0,0,0,0,0,0.0,0.0,0.0
2026-02-02,2026,2,2026-W06,Sofia,-14.8833,48.0333,faible,1784988,0,0,0,0,0,0,0,0,0.0,0.0,0.0
2026-02-09,2026,2,2026-W07,Sofia,-14.8833,48.0333,faible,1784988,0,0,0,0,0,0,0,0,0.0,0.0,0.0
2026-02-16,2026,2,2026-W08,Sofia,-14.8833,48.0333,faible,1784988,0,0,0,0,0,0,0,0,0.0,0.0,0.0
2026-02-23,2026,2,2026-W09,Sofia,-14.8833,48.0333,faible,1784988,0,0,0,0,0,0,0,0,0.0,0.0,0.0
2026-03-02,2026,3,2026-W10,Sofia,-14.8833,48.0333,faible,1784988,0,0,0,0,0,0,0,0,0.0,0.0,0.0
2026-03-09,2026,3,2026-W11,Sofia,-14.8833,48.0333,faible,1784988,0,0,0,0,0,0,0,0,0.0,0.0,0.0
2026-03-16,2026,3,2026-W12,Sofia,-14.8833,48.0333,faible,1784988,0,0,0,0,0,0,0,0,0.0,0.0,0.0
2026-03-23,2026,3,2026-W13,Sofia,-14.8833,48.0333,faible,1784988,0,0,0,0,0,0,0,0,0.0,0.0,0.0
2026-03-30,2026,3,2026-W14,Sofia,-14.8833,48.0333,faible,1784988,0,0,0,0,0,0,0,0,0.0,0.0,0.0
2026-04-06,2026,4,2026-W15,Sofia,-14.8833,48.0333,faible,1784988,0,0,0,0,0,0,0,0,0.0,0.0,0.0
2026-04-13,2026,4,2026-W16,Sofia,-14.8833,48.0333,faible,1784988,0,0,0,0,0,0,0,0,0.0,0.0,0.0
2026-04-20,2026,4,2026-W17,Sofia,-14.8833,48.0333,faible,1784988,0,0,0,0,0,0,0,0,0.0,0.0,0.0
2026-04-27,2026,4,2026-W18,Sofia,-14.8833,48.0333,faible,1784988,0,0,0,0,0,0,0,0,0.0,0.0,0.0
2026-05-04,2026,5,2026-W19,Sofia,-14.8833,48.0333,faible,1784988,0,0,0,0,0,0,0,0,0.0,0.0,0.0
2026-05-11,2026,5,2026-W20,Sofia,-14.8833,48.0333,faible,1784988,0,0,0,0,0,0,0,0,0.0,0.0,0.0
2026-05-18,2026,5,2026-W21,Sofia,-14.8833,48.0333,faible,1784988,0,0,0,0,0,0,0,0,0.0,0.0,0.0
2026-05-25,2026,5,2026-W22,Sofia,-14.8833,48.0333,faible,1784988,0,0,0,0,0,0,0,0,0.0,0.0,0.0
2026-06-01,2026,6,2026-W23,Sofia,-14.8833,48.0333,faible,1784988,0,0,0,0,0,0,0,0,0.0,0.0,0.0
2026-06-08,2026,6,2026-W24,Sofia,-14.8833,48.0333,faible,1784988,0,0,0,0,0,0,0,0,0.0,0.0,0.0
2026-06-15,2026,6,2026-W25,Sofia,-14.8833,48.0333,faible,1784988,0,0,0,0,0,0,0,0,0.0,0.0,0.0
2026-06-22,2026,6,2026-W26,Sofia,-14.8833,48.0333,faible,1784988,0,0,0,0,0,0,0,0,0.0,0.0,0.0
2026-06-29,2026,6,2026-W27,Sofia,-14.8833,48.0333,faible,1784988,0,0,0,0,0,0,0,0,0.0,0.0,0.0
2026-07-06,2026,7,2026-W28,Sofia,-14.8833,48.0333,faible,1784988,0,0,0,0,0,0,0,0,0.0,0.0,0.0
2026-07-13,2026,7,2026-W29,Sofia,-14.8833,48.0333,faible,1784988,0,0,0,0,0,0,0,0,0.0,0.0,0.0
2026-07-20,2026,7,2026-W30,Sofia,-14.8833,48.0333,faible,1784988,0,0,0,0,0,0,0,0,0.0,0.0,0.0
2026-07-27,2026,7,2026-W31,Sofia,-14.8833,48.0333,faible,1784988,0,0,0,0,0,0,0,0,0.0,0.0,0.0
2020-01-06,2020,1,2020-W02,Diana,-12.2787,49.2917,faible,1053715,0,0,0,0,0,0,0,0,0.0,0.0,0.0
2020-01-13,2020,1,2020-W03,Diana,-12.2787,49.2917,faible,1053715,0,0,0,0,0,0,0,0,0.0,0.0,0.0
2020-01-20,2020,1,2020-W04,Diana,-12.2787,49.2917,faible,1053715,0,0,0,0,0,0,0,0,0.0,0.0,0.0
2020-01-27,2020,1,2020-W05,Diana,-12.2787,49.2917,faible,1053715,0,0,0,0,0,0,0,0,0.0,0.0,0.0
2020-02-03,2020,2,2020-W06,Diana,-12.2787,49.2917,faible,1053715,0,0,0,0,0,0,0,0,0.0,0.0,0.0
2020-02-10,2020,2,2020-W07,Diana,-12.2787,49.2917,faible,1053715,0,0,0,0,0,0,0,0,0.0,0.0,0.0
2020-02-17,2020,2,2020-W08,Diana,-12.2787,49.2917,faible,1053715,0,0,0,0,0,0,0,0,0.0,0.0,0.0
2020-02-24,2020,2,2020-W09,Diana,-12.2787,49.2917,faible,1053715,0,0,0,0,0,0,0,0,0.0,0.0,0.0
2020-03-02,2020,3,2020-W10,Diana,-12.2787,49.2917,faible,1053715,0,0,0,0,0,0,0,0,0.0,0.0,0.0
2020-03-09,2020,3,2020-W11,Diana,-12.2787,49.2917,faible,1053715,0,0,0,0,0,0,0,0,0.0,0.0,0.0
2020-03-16,2020,3,2020-W12,Diana,-12.2787,49.2917,faible,1053715,0,0,0,0,0,0,0,0,0.0,0.0,0.0
2020-03-23,2020,3,2020-W13,Diana,-12.2787,49.2917,faible,1053715,0,0,0,0,0,0,0,0,0.0,0.0,0.0
2020-03-30,2020,3,2020-W14,Diana,-12.2787,49.2917,faible,1053715,0,0,0,0,0,0,0,0,0.0,0.0,0.0
2020-04-06,2020,4,2020-W15,Diana,-12.2787,49.2917,faible,1053715,0,0,0,0,0,0,0,0,0.0,0.0,0.0
2020-04-13,2020,4,2020-W16,Diana,-12.2787,49.2917,faible,1053715,0,0,0,0,0,0,0,0,0.0,0.0,0.0
2020-04-20,2020,4,2020-W17,Diana,-12.2787,49.2917,faible,1053715,0,0,0,0,0,0,0,0,0.0,0.0,0.0
2020-04-27,2020,4,2020-W18,Diana,-12.2787,49.2917,faible,1053715,0,0,0,0,0,0,0,0,0.0,0.0,0.0
2020-05-04,2020,5,2020-W19,Diana,-12.2787,49.2917,faible,1053715,0,0,0,0,0,0,0,0,0.0,0.0,0.0
2020-05-11,2020,5,2020-W20,Diana,-12.2787,49.2917,faible,1053715,0,0,0,0,0,0,0,0,0.0,0.0,0.0
2020-05-18,2020,5,2020-W21,Diana,-12.2787,49.2917,faible,1053715,0,0,0,0,0,0,0,0,0.0,0.0,0.0
2020-05-25,2020,5,2020-W22,Diana,-12.2787,49.2917,faible,1053715,0,0,0,0,0,0,0,0,0.0,0.0,0.0
2020-06-01,2020,6,2020-W23,Diana,-12.2787,49.2917,faible,1053715,0,0,0,0,0,0,0,0,0.0,0.0,0.0
2020-06-08,2020,6,2020-W24,Diana,-12.2787,49.2917,faible,1053715,0,0,0,0,0,0,0,0,0.0,0.0,0.0
2020-06-15,2020,6,2020-W25,Diana,-12.2787,49.2917,faible,1053715,0,0,0,0,0,0,0,0,0.0,0.0,0.0
2020-06-22,2020,6,2020-W26,Diana,-12.2787,49.2917,faible,1053715,0,0,0,0,0,0,0,0,0.0,0.0,0.0
2020-06-29,2020,6,2020-W27,Diana,-12.2787,49.2917,faible,1053715,0,0,0,0,0,0,0,0,0.0,0.0,0.0
2020-07-06,2020,7,2020-W28,Diana,-12.2787,49.2917,faible,1053715,0,0,0,0,0,0,0,0,0.0,0.0,0.0
2020-07-13,2020,7,2020-W29,Diana,-12.2787,49.2917,faible,1053715,0,0,0,0,0,0,0,0,0.0,0.0,0.0
2020-07-20,2020,7,2020-W30,Diana,-12.2787,49.2917,faible,1053715,0,0,0,0,0,0,0,0,0.0,0.0,0.0
2020-07-27,2020,7,2020-W31,Diana,-12.2787,49.2917,faible,1053715,0,0,0,0,0,0,0,0,0.0,0.0,0.0
2020-08-03,2020,8,2020-W32,Diana,-12.2787,49.2917,faible,1053715,0,0,0,0,0,0,0,0,0.0,0.0,0.0
2020-08-10,2020,8,2020-W33,Diana,-12.2787,49.2917,faible,1053715,0,0,0,0,0,0,0,0,0.0,0.0,0.0
2020-08-17,2020,8,2020-W34,Diana,-12.2787,49.2917,faible,1053715,0,0,0,0,0,0,0,0,0.0,0.0,0.0
2020-08-24,2020,8,2020-W35,Diana,-12.2787,49.2917,faible,1053715,0,0,0,0,0,0,0,0,0.0,0.0,0.0
2020-08-31,2020,8,2020-W36,Diana,-12.2787,49.2917,faible,1053715,0,0,0,0,0,0,0,0,0.0,0.0,0.0
2020-09-07,2020,9,2020-W37,Diana,-12.2787,49.2917,faible,1053715,0,0,0,0,0,0,0,0,0.0,0.0,0.0
2020-09-14,2020,9,2020-W38,Diana,-12.2787,49.2917,faible,1053715,0,0,0,0,0,0,0,0,0.0,0.0,0.0
2020-09-21,2020,9,2020-W39,Diana,-12.2787,49.2917,faible,1053715,0,0,0,0,0,0,0,0,0.0,0.0,0.0
2020-09-28,2020,9,2020-W40,Diana,-12.2787,49.2917,faible,1053715,0,0,0,0,0,0,0,0,0.0,0.0,0.0
2020-10-05,2020,10,2020-W41,Diana,-12.2787,49.2917,faible,1053715,0,0,0,0,0,0,0,0,0.0,0.0,0.0
2020-10-12,2020,10,2020-W42,Diana,-12.2787,49.2917,faible,1053715,0,0,0,0,0,0,0,0,0.0,0.0,0.0
2020-10-19,2020,10,2020-W43,Diana,-12.2787,49.2917,faible,1053715,0,0,0,0,0,0,0,0,0.0,0.0,0.0
2020-10-26,2020,10,2020-W44,Diana,-12.2787,49.2917,faible,1053715,0,0,0,0,0,0,0,0,0.0,0.0,0.0
2020-11-02,2020,11,2020-W45,Diana,-12.2787,49.2917,faible,1053715,0,0,0,0,0,0,0,0,0.0,0.0,0.0
2020-11-09,2020,11,2020-W46,Diana,-12.2787,49.2917,faible,1053715,0,0,0,0,0,0,0,0,0.0,0.0,0.0
2020-11-16,2020,11,2020-W47,Diana,-12.2787,49.2917,faible,1053715,0,0,0,0,0,0,0,0,0.0,0.0,0.0
2020-11-23,2020,11,2020-W48,Diana,-12.2787,49.2917,faible,1053715,0,0,0,0,0,0,0,0,0.0,0.0,0.0
2020-11-30,2020,11,2020-W49,Diana,-12.2787,49.2917,faible,1053715,0,0,0,0,0,0,0,0,0.0,0.0,0.0
2020-12-07,2020,12,2020-W50,Diana,-12.2787,49.2917,faible,1053715,0,0,0,0,0,0,0,0,0.0,0.0,0.0
2020-12-14,2020,12,2020-W51,Diana,-12.2787,49.2917,faible,1053715,0,0,0,0,0,0,0,0,0.0,0.0,0.0
2020-12-21,2020,12,2020-W52,Diana,-12.2787,49.2917,faible,1053715,0,0,0,0,0,0,0,0,0.0,0.0,0.0
2020-12-28,2020,12,2020-W53,Diana,-12.2787,49.2917,faible,1053715,0,0,0,0,0,0,0,0,0.0,0.0,0.0
2021-01-04,2021,1,2021-W01,Diana,-12.2787,49.2917,faible,1053715,0,0,0,0,0,0,0,0,0.0,0.0,0.0
2021-01-11,2021,1,2021-W02,Diana,-12.2787,49.2917,faible,1053715,0,0,0,0,0,0,0,0,0.0,0.0,0.0
2021-01-18,2021,1,2021-W03,Diana,-12.2787,49.2917,faible,1053715,0,0,0,0,0,0,0,0,0.0,0.0,0.0
2021-01-25,2021,1,2021-W04,Diana,-12.2787,49.2917,faible,1053715,0,0,0,0,0,0,0,0,0.0,0.0,0.0
2021-02-01,2021,2,2021-W05,Diana,-12.2787,49.2917,faible,1053715,0,0,0,0,0,0,0,0,0.0,0.0,0.0
2021-02-08,2021,2,2021-W06,Diana,-12.2787,49.2917,faible,1053715,0,0,0,0,0,0,0,0,0.0,0.0,0.0
2021-02-15,2021,2,2021-W07,Diana,-12.2787,49.2917,faible,1053715,0,0,0,0,0,0,0,0,0.0,0.0,0.0
2021-02-22,2021,2,2021-W08,Diana,-12.2787,49.2917,faible,1053715,0,0,0,0,0,0,0,0,0.0,0.0,0.0
2021-03-01,2021,3,2021-W09,Diana,-12.2787,49.2917,faible,1053715,0,0,0,0,0,0,0,0,0.0,0.0,0.0
2021-03-08,2021,3,2021-W10,Diana,-12.2787,49.2917,faible,1053715,0,0,0,0,0,0,0,0,0.0,0.0,0.0
2021-03-15,2021,3,2021-W11,Diana,-12.2787,49.2917,faible,1053715,0,0,0,0,0,0,0,0,0.0,0.0,0.0
2021-03-22,2021,3,2021-W12,Diana,-12.2787,49.2917,faible,1053715,0,0,0,0,0,0,0,0,0.0,0.0,0.0
2021-03-29,2021,3,2021-W13,Diana,-12.2787,49.2917,faible,1053715,0,0,0,0,0,0,0,0,0.0,0.0,0.0
2021-04-05,2021,4,2021-W14,Diana,-12.2787,49.2917,faible,1053715,0,0,0,0,0,0,0,0,0.0,0.0,0.0
2021-04-12,2021,4,2021-W15,Diana,-12.2787,49.2917,faible,1053715,0,0,0,0,0,0,0,0,0.0,0.0,0.0
2021-04-19,2021,4,2021-W16,Diana,-12.2787,49.2917,faible,1053715,0,0,0,0,0,0,0,0,0.0,0.0,0.0
2021-04-26,2021,4,2021-W17,Diana,-12.2787,49.2917,faible,1053715,0,0,0,0,0,0,0,0,0.0,0.0,0.0
2021-05-03,2021,5,2021-W18,Diana,-12.2787,49.2917,faible,1053715,0,0,0,0,0,0,0,0,0.0,0.0,0.0
2021-05-10,2021,5,2021-W19,Diana,-12.2787,49.2917,faible,1053715,0,0,0,0,0,0,0,0,0.0,0.0,0.0
2021-05-17,2021,5,2021-W20,Diana,-12.2787,49.2917,faible,1053715,0,0,0,0,0,0,0,0,0.0,0.0,0.0
2021-05-24,2021,5,2021-W21,Diana,-12.2787,49.2917,faible,1053715,0,0,0,0,0,0,0,0,0.0,0.0,0.0
2021-05-31,2021,5,2021-W22,Diana,-12.2787,49.2917,faible,1053715,0,0,0,0,0,0,0,0,0.0,0.0,0.0
2021-06-07,2021,6,2021-W23,Diana,-12.2787,49.2917,faible,1053715,0,0,0,0,0,0,0,0,0.0,0.0,0.0
2021-06-14,2021,6,2021-W24,Diana,-12.2787,49.2917,faible,1053715,0,0,0,0,0,0,0,0,0.0,0.0,0.0
2021-06-21,2021,6,2021-W25,Diana,-12.2787,49.2917,faible,1053715,0,0,0,0,0,0,0,0,0.0,0.0,0.0
2021-06-28,2021,6,2021-W26,Diana,-12.2787,49.2917,faible,1053715,0,0,0,0,0,0,0,0,0.0,0.0,0.0
2021-07-05,2021,7,2021-W27,Diana,-12.2787,49.2917,faible,1053715,0,0,0,0,0,0,0,0,0.0,0.0,0.0
2021-07-12,2021,7,2021-W28,Diana,-12.2787,49.2917,faible,1053715,0,0,0,0,0,0,0,0,0.0,0.0,0.0
2021-07-19,2021,7,2021-W29,Diana,-12.2787,49.2917,faible,1053715,0,0,0,0,0,0,0,0,0.0,0.0,0.0
2021-07-26,2021,7,2021-W30,Diana,-12.2787,49.2917,faible,1053715,0,0,0,0,0,0,0,0,0.0,0.0,0.0
2021-08-02,2021,8,2021-W31,Diana,-12.2787,49.2917,faible,1053715,0,0,0,0,0,0,0,0,0.0,0.0,0.0
2021-08-09,2021,8,2021-W32,Diana,-12.2787,49.2917,faible,1053715,0,0,0,0,0,0,0,0,0.0,0.0,0.0
2021-08-16,2021,8,2021-W33,Diana,-12.2787,49.2917,faible,1053715,0,0,0,0,0,0,0,0,0.0,0.0,0.0
2021-08-23,2021,8,2021-W34,Diana,-12.2787,49.2917,faible,1053715,0,0,0,0,0,0,0,0,0.0,0.0,0.0
2021-08-30,2021,8,2021-W35,Diana,-12.2787,49.2917,faible,1053715,0,0,0,0,0,0,0,0,0.0,0.0,0.0
2021-09-06,2021,9,2021-W36,Diana,-12.2787,49.2917,faible,1053715,0,0,0,0,0,0,0,0,0.0,0.0,0.0
2021-09-13,2021,9,2021-W37,Diana,-12.2787,49.2917,faible,1053715,0,0,0,0,0,0,0,0,0.0,0.0,0.0
2021-09-20,2021,9,2021-W38,Diana,-12.2787,49.2917,faible,1053715,0,0,0,0,0,0,0,0,0.0,0.0,0.0
2021-09-27,2021,9,2021-W39,Diana,-12.2787,49.2917,faible,1053715,0,0,0,0,0,0,0,0,0.0,0.0,0.0
2021-10-04,2021,10,2021-W40,Diana,-12.2787,49.2917,faible,1053715,0,0,0,0,0,0,0,0,0.0,0.0,0.0
2021-10-11,2021,10,2021-W41,Diana,-12.2787,49.2917,faible,1053715,0,0,0,0,0,0,0,0,0.0,0.0,0.0
2021-10-18,2021,10,2021-W42,Diana,-12.2787,49.2917,faible,1053715,0,0,0,0,0,0,0,0,0.0,0.0,0.0
2021-10-25,2021,10,2021-W43,Diana,-12.2787,49.2917,faible,1053715,0,0,0,0,0,0,0,0,0.0,0.0,0.0
2021-11-01,2021,11,2021-W44,Diana,-12.2787,49.2917,faible,1053715,0,0,0,0,0,0,0,0,0.0,0.0,0.0
2021-11-08,2021,11,2021-W45,Diana,-12.2787,49.2917,faible,1053715,0,0,0,0,0,0,0,0,0.0,0.0,0.0
2021-11-15,2021,11,2021-W46,Diana,-12.2787,49.2917,faible,1053715,0,0,0,0,0,0,0,0,0.0,0.0,0.0
2021-11-22,2021,11,2021-W47,Diana,-12.2787,49.2917,faible,1053715,0,0,0,0,0,0,0,0,0.0,0.0,0.0
2021-11-29,2021,11,2021-W48,Diana,-12.2787,49.2917,faible,1053715,0,0,0,0,0,0,0,0,0.0,0.0,0.0
2021-12-06,2021,12,2021-W49,Diana,-12.2787,49.2917,faible,1053715,0,0,0,0,0,0,0,0,0.0,0.0,0.0
2021-12-13,2021,12,2021-W50,Diana,-12.2787,49.2917,faible,1053715,0,0,0,0,0,0,0,0,0.0,0.0,0.0
2021-12-20,2021,12,2021-W51,Diana,-12.2787,49.2917,faible,1053715,0,0,0,0,0,0,0,0,0.0,0.0,0.0
2021-12-27,2021,12,2021-W52,Diana,-12.2787,49.2917,faible,1053715,0,0,0,0,0,0,0,0,0.0,0.0,0.0
2022-01-03,2022,1,2022-W01,Diana,-12.2787,49.2917,faible,1053715,0,0,0,0,0,0,0,0,0.0,0.0,0.0
2022-01-10,2022,1,2022-W02,Diana,-12.2787,49.2917,faible,1053715,0,0,0,0,0,0,0,0,0.0,0.0,0.0
2022-01-17,2022,1,2022-W03,Diana,-12.2787,49.2917,faible,1053715,0,0,0,0,0,0,0,0,0.0,0.0,0.0
2022-01-24,2022,1,2022-W04,Diana,-12.2787,49.2917,faible,1053715,0,0,0,0,0,0,0,0,0.0,0.0,0.0
2022-01-31,2022,1,2022-W05,Diana,-12.2787,49.2917,faible,1053715,0,0,0,0,0,0,0,0,0.0,0.0,0.0
2022-02-07,2022,2,2022-W06,Diana,-12.2787,49.2917,faible,1053715,0,0,0,0,0,0,0,0,0.0,0.0,0.0
2022-02-14,2022,2,2022-W07,Diana,-12.2787,49.2917,faible,1053715,0,0,0,0,0,0,0,0,0.0,0.0,0.0
2022-02-21,2022,2,2022-W08,Diana,-12.2787,49.2917,faible,1053715,0,0,0,0,0,0,0,0,0.0,0.0,0.0
2022-02-28,2022,2,2022-W09,Diana,-12.2787,49.2917,faible,1053715,0,0,0,0,0,0,0,0,0.0,0.0,0.0
2022-03-07,2022,3,2022-W10,Diana,-12.2787,49.2917,faible,1053715,0,0,0,0,0,0,0,0,0.0,0.0,0.0
2022-03-14,2022,3,2022-W11,Diana,-12.2787,49.2917,faible,1053715,0,0,0,0,0,0,0,0,0.0,0.0,0.0
2022-03-21,2022,3,2022-W12,Diana,-12.2787,49.2917,faible,1053715,0,0,0,0,0,0,0,0,0.0,0.0,0.0
2022-03-28,2022,3,2022-W13,Diana,-12.2787,49.2917,faible,1053715,0,0,0,0,0,0,0,0,0.0,0.0,0.0
2022-04-04,2022,4,2022-W14,Diana,-12.2787,49.2917,faible,1053715,0,0,0,0,0,0,0,0,0.0,0.0,0.0
2022-04-11,2022,4,2022-W15,Diana,-12.2787,49.2917,faible,1053715,0,0,0,0,0,0,0,0,0.0,0.0,0.0
2022-04-18,2022,4,2022-W16,Diana,-12.2787,49.2917,faible,1053715,0,0,0,0,0,0,0,0,0.0,0.0,0.0
2022-04-25,2022,4,2022-W17,Diana,-12.2787,49.2917,faible,1053715,0,0,0,0,0,0,0,0,0.0,0.0,0.0
2022-05-02,2022,5,2022-W18,Diana,-12.2787,49.2917,faible,1053715,0,0,0,0,0,0,0,0,0.0,0.0,0.0
2022-05-09,2022,5,2022-W19,Diana,-12.2787,49.2917,faible,1053715,0,0,0,0,0,0,0,0,0.0,0.0,0.0
2022-05-16,2022,5,2022-W20,Diana,-12.2787,49.2917,faible,1053715,0,0,0,0,0,0,0,0,0.0,0.0,0.0
2022-05-23,2022,5,2022-W21,Diana,-12.2787,49.2917,faible,1053715,0,0,0,0,0,0,0,0,0.0,0.0,0.0
2022-05-30,2022,5,2022-W22,Diana,-12.2787,49.2917,faible,1053715,0,0,0,0,0,0,0,0,0.0,0.0,0.0
2022-06-06,2022,6,2022-W23,Diana,-12.2787,49.2917,faible,1053715,0,0,0,0,0,0,0,0,0.0,0.0,0.0
2022-06-13,2022,6,2022-W24,Diana,-12.2787,49.2917,faible,1053715,0,0,0,0,0,0,0,0,0.0,0.0,0.0
2022-06-20,2022,6,2022-W25,Diana,-12.2787,49.2917,faible,1053715,0,0,0,0,0,0,0,0,0.0,0.0,0.0
2022-06-27,2022,6,2022-W26,Diana,-12.2787,49.2917,faible,1053715,0,0,0,0,0,0,0,0,0.0,0.0,0.0
2022-07-04,2022,7,2022-W27,Diana,-12.2787,49.2917,faible,1053715,0,0,0,0,0,0,0,0,0.0,0.0,0.0
2022-07-11,2022,7,2022-W28,Diana,-12.2787,49.2917,faible,1053715,0,0,0,0,0,0,0,0,0.0,0.0,0.0
2022-07-18,2022,7,2022-W29,Diana,-12.2787,49.2917,faible,1053715,0,0,0,0,0,0,0,0,0.0,0.0,0.0
2022-07-25,2022,7,2022-W30,Diana,-12.2787,49.2917,faible,1053715,0,0,0,0,0,0,0,0,0.0,0.0,0.0
2022-08-01,2022,8,2022-W31,Diana,-12.2787,49.2917,faible,1053715,0,0,0,0,0,0,0,0,0.0,0.0,0.0
2022-08-08,2022,8,2022-W32,Diana,-12.2787,49.2917,faible,1053715,0,0,0,0,0,0,0,0,0.0,0.0,0.0
2022-08-15,2022,8,2022-W33,Diana,-12.2787,49.2917,faible,1053715,0,0,0,0,0,0,0,0,0.0,0.0,0.0
2022-08-22,2022,8,2022-W34,Diana,-12.2787,49.2917,faible,1053715,0,0,0,0,0,0,0,0,0.0,0.0,0.0
2022-08-29,2022,8,2022-W35,Diana,-12.2787,49.2917,faible,1053715,0,0,0,0,0,0,0,0,0.0,0.0,0.0
2022-09-05,2022,9,2022-W36,Diana,-12.2787,49.2917,faible,1053715,0,0,0,0,0,0,0,0,0.0,0.0,0.0
2022-09-12,2022,9,2022-W37,Diana,-12.2787,49.2917,faible,1053715,0,0,0,0,0,0,0,0,0.0,0.0,0.0
2022-09-19,2022,9,2022-W38,Diana,-12.2787,49.2917,faible,1053715,0,0,0,0,0,0,0,0,0.0,0.0,0.0
2022-09-26,2022,9,2022-W39,Diana,-12.2787,49.2917,faible,1053715,0,0,0,0,0,0,0,0,0.0,0.0,0.0
2022-10-03,2022,10,2022-W40,Diana,-12.2787,49.2917,faible,1053715,0,0,0,0,0,0,0,0,0.0,0.0,0.0
2022-10-10,2022,10,2022-W41,Diana,-12.2787,49.2917,faible,1053715,0,0,0,0,0,0,0,0,0.0,0.0,0.0
2022-10-17,2022,10,2022-W42,Diana,-12.2787,49.2917,faible,1053715,0,0,0,0,0,0,0,0,0.0,0.0,0.0
2022-10-24,2022,10,2022-W43,Diana,-12.2787,49.2917,faible,1053715,0,0,0,0,0,0,0,0,0.0,0.0,0.0
2022-10-31,2022,10,2022-W44,Diana,-12.2787,49.2917,faible,1053715,0,0,0,0,0,0,0,0,0.0,0.0,0.0
2022-11-07,2022,11,2022-W45,Diana,-12.2787,49.2917,faible,1053715,0,0,0,0,0,0,0,0,0.0,0.0,0.0
2022-11-14,2022,11,2022-W46,Diana,-12.2787,49.2917,faible,1053715,0,0,0,0,0,0,0,0,0.0,0.0,0.0
2022-11-21,2022,11,2022-W47,Diana,-12.2787,49.2917,faible,1053715,0,0,0,0,0,0,0,0,0.0,0.0,0.0
2022-11-28,2022,11,2022-W48,Diana,-12.2787,49.2917,faible,1053715,0,0,0,0,0,0,0,0,0.0,0.0,0.0
2022-12-05,2022,12,2022-W49,Diana,-12.2787,49.2917,faible,1053715,0,0,0,0,0,0,0,0,0.0,0.0,0.0
2022-12-12,2022,12,2022-W50,Diana,-12.2787,49.2917,faible,1053715,0,0,0,0,0,0,0,0,0.0,0.0,0.0
2022-12-19,2022,12,2022-W51,Diana,-12.2787,49.2917,faible,1053715,0,0,0,0,0,0,0,0,0.0,0.0,0.0
2022-12-26,2022,12,2022-W52,Diana,-12.2787,49.2917,faible,1053715,0,0,0,0,0,0,0,0,0.0,0.0,0.0
2023-01-02,2023,1,2023-W01,Diana,-12.2787,49.2917,faible,1053715,0,0,0,0,0,0,0,0,0.0,0.0,0.0
2023-01-09,2023,1,2023-W02,Diana,-12.2787,49.2917,faible,1053715,0,0,0,0,0,0,0,0,0.0,0.0,0.0
2023-01-16,2023,1,2023-W03,Diana,-12.2787,49.2917,faible,1053715,0,0,0,0,0,0,0,0,0.0,0.0,0.0
2023-01-23,2023,1,2023-W04,Diana,-12.2787,49.2917,faible,1053715,0,0,0,0,0,0,0,0,0.0,0.0,0.0
2023-01-30,2023,1,2023-W05,Diana,-12.2787,49.2917,faible,1053715,0,0,0,0,0,0,0,0,0.0,0.0,0.0
2023-02-06,2023,2,2023-W06,Diana,-12.2787,49.2917,faible,1053715,0,0,0,0,0,0,0,0,0.0,0.0,0.0
2023-02-13,2023,2,2023-W07,Diana,-12.2787,49.2917,faible,1053715,0,0,0,0,0,0,0,0,0.0,0.0,0.0
2023-02-20,2023,2,2023-W08,Diana,-12.2787,49.2917,faible,1053715,0,0,0,0,0,0,0,0,0.0,0.0,0.0
2023-02-27,2023,2,2023-W09,Diana,-12.2787,49.2917,faible,1053715,0,0,0,0,0,0,0,0,0.0,0.0,0.0
2023-03-06,2023,3,2023-W10,Diana,-12.2787,49.2917,faible,1053715,0,0,0,0,0,0,0,0,0.0,0.0,0.0
2023-03-13,2023,3,2023-W11,Diana,-12.2787,49.2917,faible,1053715,0,0,0,0,0,0,0,0,0.0,0.0,0.0
2023-03-20,2023,3,2023-W12,Diana,-12.2787,49.2917,faible,1053715,0,0,0,0,0,0,0,0,0.0,0.0,0.0
2023-03-27,2023,3,2023-W13,Diana,-12.2787,49.2917,faible,1053715,0,0,0,0,0,0,0,0,0.0,0.0,0.0
2023-04-03,2023,4,2023-W14,Diana,-12.2787,49.2917,faible,1053715,0,0,0,0,0,0,0,0,0.0,0.0,0.0
2023-04-10,2023,4,2023-W15,Diana,-12.2787,49.2917,faible,1053715,0,0,0,0,0,0,0,0,0.0,0.0,0.0
2023-04-17,2023,4,2023-W16,Diana,-12.2787,49.2917,faible,1053715,0,0,0,0,0,0,0,0,0.0,0.0,0.0
2023-04-24,2023,4,2023-W17,Diana,-12.2787,49.2917,faible,1053715,0,0,0,0,0,0,0,0,0.0,0.0,0.0
2023-05-01,2023,5,2023-W18,Diana,-12.2787,49.2917,faible,1053715,0,0,0,0,0,0,0,0,0.0,0.0,0.0
2023-05-08,2023,5,2023-W19,Diana,-12.2787,49.2917,faible,1053715,0,0,0,0,0,0,0,0,0.0,0.0,0.0
2023-05-15,2023,5,2023-W20,Diana,-12.2787,49.2917,faible,1053715,0,0,0,0,0,0,0,0,0.0,0.0,0.0
2023-05-22,2023,5,2023-W21,Diana,-12.2787,49.2917,faible,1053715,0,0,0,0,0,0,0,0,0.0,0.0,0.0
2023-05-29,2023,5,2023-W22,Diana,-12.2787,49.2917,faible,1053715,0,0,0,0,0,0,0,0,0.0,0.0,0.0
2023-06-05,2023,6,2023-W23,Diana,-12.2787,49.2917,faible,1053715,0,0,0,0,0,0,0,0,0.0,0.0,0.0
2023-06-12,2023,6,2023-W24,Diana,-12.2787,49.2917,faible,1053715,0,0,0,0,0,0,0,0,0.0,0.0,0.0
2023-06-19,2023,6,2023-W25,Diana,-12.2787,49.2917,faible,1053715,0,0,0,0,0,0,0,0,0.0,0.0,0.0
2023-06-26,2023,6,2023-W26,Diana,-12.2787,49.2917,faible,1053715,0,0,0,0,0,0,0,0,0.0,0.0,0.0
2023-07-03,2023,7,2023-W27,Diana,-12.2787,49.2917,faible,1053715,0,0,0,0,0,0,0,0,0.0,0.0,0.0
2023-07-10,2023,7,2023-W28,Diana,-12.2787,49.2917,faible,1053715,0,0,0,0,0,0,0,0,0.0,0.0,0.0
2023-07-17,2023,7,2023-W29,Diana,-12.2787,49.2917,faible,1053715,0,0,0,0,0,0,0,0,0.0,0.0,0.0
2023-07-24,2023,7,2023-W30,Diana,-12.2787,49.2917,faible,1053715,0,0,0,0,0,0,0,0,0.0,0.0,0.0
2023-07-31,2023,7,2023-W31,Diana,-12.2787,49.2917,faible,1053715,0,0,0,0,0,0,0,0,0.0,0.0,0.0
2023-08-07,2023,8,2023-W32,Diana,-12.2787,49.2917,faible,1053715,0,0,0,0,0,0,0,0,0.0,0.0,0.0
2023-08-14,2023,8,2023-W33,Diana,-12.2787,49.2917,faible,1053715,0,0,0,0,0,0,0,0,0.0,0.0,0.0
2023-08-21,2023,8,2023-W34,Diana,-12.2787,49.2917,faible,1053715,0,0,0,0,0,0,0,0,0.0,0.0,0.0
2023-08-28,2023,8,2023-W35,Diana,-12.2787,49.2917,faible,1053715,0,0,0,0,0,0,0,0,0.0,0.0,0.0
2023-09-04,2023,9,2023-W36,Diana,-12.2787,49.2917,faible,1053715,0,0,0,0,0,0,0,0,0.0,0.0,0.0
2023-09-11,2023,9,2023-W37,Diana,-12.2787,49.2917,faible,1053715,0,0,0,0,0,0,0,0,0.0,0.0,0.0
2023-09-18,2023,9,2023-W38,Diana,-12.2787,49.2917,faible,1053715,0,0,0,0,0,0,0,0,0.0,0.0,0.0
2023-09-25,2023,9,2023-W39,Diana,-12.2787,49.2917,faible,1053715,0,0,0,0,0,0,0,0,0.0,0.0,0.0
2023-10-02,2023,10,2023-W40,Diana,-12.2787,49.2917,faible,1053715,0,0,0,0,0,0,0,0,0.0,0.0,0.0
2023-10-09,2023,10,2023-W41,Diana,-12.2787,49.2917,faible,1053715,0,0,0,0,0,0,0,0,0.0,0.0,0.0
2023-10-16,2023,10,2023-W42,Diana,-12.2787,49.2917,faible,1053715,0,0,0,0,0,0,0,0,0.0,0.0,0.0
2023-10-23,2023,10,2023-W43,Diana,-12.2787,49.2917,faible,1053715,0,0,0,0,0,0,0,0,0.0,0.0,0.0
2023-10-30,2023,10,2023-W44,Diana,-12.2787,49.2917,faible,1053715,0,0,0,0,0,0,0,0,0.0,0.0,0.0
2023-11-06,2023,11,2023-W45,Diana,-12.2787,49.2917,faible,1053715,0,0,0,0,0,0,0,0,0.0,0.0,0.0
2023-11-13,2023,11,2023-W46,Diana,-12.2787,49.2917,faible,1053715,0,0,0,0,0,0,0,0,0.0,0.0,0.0
2023-11-20,2023,11,2023-W47,Diana,-12.2787,49.2917,faible,1053715,0,0,0,0,0,0,0,0,0.0,0.0,0.0
2023-11-27,2023,11,2023-W48,Diana,-12.2787,49.2917,faible,1053715,0,0,0,0,0,0,0,0,0.0,0.0,0.0
2023-12-04,2023,12,2023-W49,Diana,-12.2787,49.2917,faible,1053715,0,0,0,0,0,0,0,0,0.0,0.0,0.0
2023-12-11,2023,12,2023-W50,Diana,-12.2787,49.2917,faible,1053715,0,0,0,0,0,0,0,0,0.0,0.0,0.0
2023-12-18,2023,12,2023-W51,Diana,-12.2787,49.2917,faible,1053715,0,0,0,0,0,0,0,0,0.0,0.0,0.0
2023-12-25,2023,12,2023-W52,Diana,-12.2787,49.2917,faible,1053715,0,0,0,0,0,0,0,0,0.0,0.0,0.0
2024-01-01,2024,1,2024-W01,Diana,-12.2787,49.2917,faible,1053715,0,0,0,0,0,0,0,0,0.0,0.0,0.0
2024-01-08,2024,1,2024-W02,Diana,-12.2787,49.2917,faible,1053715,0,0,0,0,0,0,0,0,0.0,0.0,0.0
2024-01-15,2024,1,2024-W03,Diana,-12.2787,49.2917,faible,1053715,0,0,0,0,0,0,0,0,0.0,0.0,0.0
2024-01-22,2024,1,2024-W04,Diana,-12.2787,49.2917,faible,1053715,0,0,0,0,0,0,0,0,0.0,0.0,0.0
2024-01-29,2024,1,2024-W05,Diana,-12.2787,49.2917,faible,1053715,0,0,0,0,0,0,0,0,0.0,0.0,0.0
2024-02-05,2024,2,2024-W06,Diana,-12.2787,49.2917,faible,1053715,0,0,0,0,0,0,0,0,0.0,0.0,0.0
2024-02-12,2024,2,2024-W07,Diana,-12.2787,49.2917,faible,1053715,0,0,0,0,0,0,0,0,0.0,0.0,0.0
2024-02-19,2024,2,2024-W08,Diana,-12.2787,49.2917,faible,1053715,0,0,0,0,0,0,0,0,0.0,0.0,0.0
2024-02-26,2024,2,2024-W09,Diana,-12.2787,49.2917,faible,1053715,0,0,0,0,0,0,0,0,0.0,0.0,0.0
2024-03-04,2024,3,2024-W10,Diana,-12.2787,49.2917,faible,1053715,0,0,0,0,0,0,0,0,0.0,0.0,0.0
2024-03-11,2024,3,2024-W11,Diana,-12.2787,49.2917,faible,1053715,0,0,0,0,0,0,0,0,0.0,0.0,0.0
2024-03-18,2024,3,2024-W12,Diana,-12.2787,49.2917,faible,1053715,0,0,0,0,0,0,0,0,0.0,0.0,0.0
2024-03-25,2024,3,2024-W13,Diana,-12.2787,49.2917,faible,1053715,0,0,0,0,0,0,0,0,0.0,0.0,0.0
2024-04-01,2024,4,2024-W14,Diana,-12.2787,49.2917,faible,1053715,0,0,0,0,0,0,0,0,0.0,0.0,0.0
2024-04-08,2024,4,2024-W15,Diana,-12.2787,49.2917,faible,1053715,0,0,0,0,0,0,0,0,0.0,0.0,0.0
2024-04-15,2024,4,2024-W16,Diana,-12.2787,49.2917,faible,1053715,0,0,0,0,0,0,0,0,0.0,0.0,0.0
2024-04-22,2024,4,2024-W17,Diana,-12.2787,49.2917,faible,1053715,0,0,0,0,0,0,0,0,0.0,0.0,0.0
2024-04-29,2024,4,2024-W18,Diana,-12.2787,49.2917,faible,1053715,0,0,0,0,0,0,0,0,0.0,0.0,0.0
2024-05-06,2024,5,2024-W19,Diana,-12.2787,49.2917,faible,1053715,0,0,0,0,0,0,0,0,0.0,0.0,0.0
2024-05-13,2024,5,2024-W20,Diana,-12.2787,49.2917,faible,1053715,0,0,0,0,0,0,0,0,0.0,0.0,0.0
2024-05-20,2024,5,2024-W21,Diana,-12.2787,49.2917,faible,1053715,0,0,0,0,0,0,0,0,0.0,0.0,0.0
2024-05-27,2024,5,2024-W22,Diana,-12.2787,49.2917,faible,1053715,0,0,0,0,0,0,0,0,0.0,0.0,0.0
2024-06-03,2024,6,2024-W23,Diana,-12.2787,49.2917,faible,1053715,0,0,0,0,0,0,0,0,0.0,0.0,0.0
2024-06-10,2024,6,2024-W24,Diana,-12.2787,49.2917,faible,1053715,0,0,0,0,0,0,0,0,0.0,0.0,0.0
2024-06-17,2024,6,2024-W25,Diana,-12.2787,49.2917,faible,1053715,0,0,0,0,0,0,0,0,0.0,0.0,0.0
2024-06-24,2024,6,2024-W26,Diana,-12.2787,49.2917,faible,1053715,0,0,0,0,0,0,0,0,0.0,0.0,0.0
2024-07-01,2024,7,2024-W27,Diana,-12.2787,49.2917,faible,1053715,0,0,0,0,0,0,0,0,0.0,0.0,0.0
2024-07-08,2024,7,2024-W28,Diana,-12.2787,49.2917,faible,1053715,0,0,0,0,0,0,0,0,0.0,0.0,0.0
2024-07-15,2024,7,2024-W29,Diana,-12.2787,49.2917,faible,1053715,0,0,0,0,0,0,0,0,0.0,0.0,0.0
2024-07-22,2024,7,2024-W30,Diana,-12.2787,49.2917,faible,1053715,0,0,0,0,0,0,0,0,0.0,0.0,0.0
2024-07-29,2024,7,2024-W31,Diana,-12.2787,49.2917,faible,1053715,0,0,0,0,0,0,0,0,0.0,0.0,0.0
2024-08-05,2024,8,2024-W32,Diana,-12.2787,49.2917,faible,1053715,0,0,0,0,0,0,0,0,0.0,0.0,0.0
2024-08-12,2024,8,2024-W33,Diana,-12.2787,49.2917,faible,1053715,0,0,0,0,0,0,0,0,0.0,0.0,0.0
2024-08-19,2024,8,2024-W34,Diana,-12.2787,49.2917,faible,1053715,0,0,0,0,0,0,0,0,0.0,0.0,0.0
2024-08-26,2024,8,2024-W35,Diana,-12.2787,49.2917,faible,1053715,0,0,0,0,0,0,0,0,0.0,0.0,0.0
2024-09-02,2024,9,2024-W36,Diana,-12.2787,49.2917,faible,1053715,0,0,0,0,0,0,0,0,0.0,0.0,0.0
2024-09-09,2024,9,2024-W37,Diana,-12.2787,49.2917,faible,1053715,0,0,0,0,0,0,0,0,0.0,0.0,0.0
2024-09-16,2024,9,2024-W38,Diana,-12.2787,49.2917,faible,1053715,0,0,0,0,0,0,0,0,0.0,0.0,0.0
2024-09-23,2024,9,2024-W39,Diana,-12.2787,49.2917,faible,1053715,0,0,0,0,0,0,0,0,0.0,0.0,0.0
2024-09-30,2024,9,2024-W40,Diana,-12.2787,49.2917,faible,1053715,0,0,0,0,0,0,0,0,0.0,0.0,0.0
2024-10-07,2024,10,2024-W41,Diana,-12.2787,49.2917,faible,1053715,0,0,0,0,0,0,0,0,0.0,0.0,0.0
2024-10-14,2024,10,2024-W42,Diana,-12.2787,49.2917,faible,1053715,0,0,0,0,0,0,0,0,0.0,0.0,0.0
2024-10-21,2024,10,2024-W43,Diana,-12.2787,49.2917,faible,1053715,0,0,0,0,0,0,0,0,0.0,0.0,0.0
2024-10-28,2024,10,2024-W44,Diana,-12.2787,49.2917,faible,1053715,0,0,0,0,0,0,0,0,0.0,0.0,0.0
2024-11-04,2024,11,2024-W45,Diana,-12.2787,49.2917,faible,1053715,0,0,0,0,0,0,0,0,0.0,0.0,0.0
2024-11-11,2024,11,2024-W46,Diana,-12.2787,49.2917,faible,1053715,0,0,0,0,0,0,0,0,0.0,0.0,0.0
2024-11-18,2024,11,2024-W47,Diana,-12.2787,49.2917,faible,1053715,0,0,0,0,0,0,0,0,0.0,0.0,0.0
2024-11-25,2024,11,2024-W48,Diana,-12.2787,49.2917,faible,1053715,0,0,0,0,0,0,0,0,0.0,0.0,0.0
2024-12-02,2024,12,2024-W49,Diana,-12.2787,49.2917,faible,1053715,0,0,0,0,0,0,0,0,0.0,0.0,0.0
2024-12-09,2024,12,2024-W50,Diana,-12.2787,49.2917,faible,1053715,0,0,0,0,0,0,0,0,0.0,0.0,0.0
2024-12-16,2024,12,2024-W51,Diana,-12.2787,49.2917,faible,1053715,0,0,0,0,0,0,0,0,0.0,0.0,0.0
2024-12-23,2024,12,2024-W52,Diana,-12.2787,49.2917,faible,1053715,0,0,0,0,0,0,0,0,0.0,0.0,0.0
2024-12-30,2024,12,2025-W01,Diana,-12.2787,49.2917,faible,1053715,0,0,0,0,0,0,0,0,0.0,0.0,0.0
2025-01-06,2025,1,2025-W02,Diana,-12.2787,49.2917,faible,1053715,0,0,0,0,0,0,0,0,0.0,0.0,0.0
2025-01-13,2025,1,2025-W03,Diana,-12.2787,49.2917,faible,1053715,0,0,0,0,0,0,0,0,0.0,0.0,0.0
2025-01-20,2025,1,2025-W04,Diana,-12.2787,49.2917,faible,1053715,0,0,0,0,0,0,0,0,0.0,0.0,0.0
2025-01-27,2025,1,2025-W05,Diana,-12.2787,49.2917,faible,1053715,0,0,0,0,0,0,0,0,0.0,0.0,0.0
2025-02-03,2025,2,2025-W06,Diana,-12.2787,49.2917,faible,1053715,0,0,0,0,0,0,0,0,0.0,0.0,0.0
2025-02-10,2025,2,2025-W07,Diana,-12.2787,49.2917,faible,1053715,0,0,0,0,0,0,0,0,0.0,0.0,0.0
2025-02-17,2025,2,2025-W08,Diana,-12.2787,49.2917,faible,1053715,0,0,0,0,0,0,0,0,0.0,0.0,0.0
2025-02-24,2025,2,2025-W09,Diana,-12.2787,49.2917,faible,1053715,0,0,0,0,0,0,0,0,0.0,0.0,0.0
2025-03-03,2025,3,2025-W10,Diana,-12.2787,49.2917,faible,1053715,0,0,0,0,0,0,0,0,0.0,0.0,0.0
2025-03-10,2025,3,2025-W11,Diana,-12.2787,49.2917,faible,1053715,0,0,0,0,0,0,0,0,0.0,0.0,0.0
2025-03-17,2025,3,2025-W12,Diana,-12.2787,49.2917,faible,1053715,0,0,0,0,0,0,0,0,0.0,0.0,0.0
2025-03-24,2025,3,2025-W13,Diana,-12.2787,49.2917,faible,1053715,0,0,0,0,0,0,0,0,0.0,0.0,0.0
2025-03-31,2025,3,2025-W14,Diana,-12.2787,49.2917,faible,1053715,0,0,0,0,0,0,0,0,0.0,0.0,0.0
2025-04-07,2025,4,2025-W15,Diana,-12.2787,49.2917,faible,1053715,0,0,0,0,0,0,0,0,0.0,0.0,0.0
2025-04-14,2025,4,2025-W16,Diana,-12.2787,49.2917,faible,1053715,0,0,0,0,0,0,0,0,0.0,0.0,0.0
2025-04-21,2025,4,2025-W17,Diana,-12.2787,49.2917,faible,1053715,0,0,0,0,0,0,0,0,0.0,0.0,0.0
2025-04-28,2025,4,2025-W18,Diana,-12.2787,49.2917,faible,1053715,0,0,0,0,0,0,0,0,0.0,0.0,0.0
2025-05-05,2025,5,2025-W19,Diana,-12.2787,49.2917,faible,1053715,0,0,0,0,0,0,0,0,0.0,0.0,0.0
2025-05-12,2025,5,2025-W20,Diana,-12.2787,49.2917,faible,1053715,0,0,0,0,0,0,0,0,0.0,0.0,0.0
2025-05-19,2025,5,2025-W21,Diana,-12.2787,49.2917,faible,1053715,0,0,0,0,0,0,0,0,0.0,0.0,0.0
2025-05-26,2025,5,2025-W22,Diana,-12.2787,49.2917,faible,1053715,0,0,0,0,0,0,0,0,0.0,0.0,0.0
2025-06-02,2025,6,2025-W23,Diana,-12.2787,49.2917,faible,1053715,0,0,0,0,0,0,0,0,0.0,0.0,0.0
2025-06-09,2025,6,2025-W24,Diana,-12.2787,49.2917,faible,1053715,0,0,0,0,0,0,0,0,0.0,0.0,0.0
2025-06-16,2025,6,2025-W25,Diana,-12.2787,49.2917,faible,1053715,0,0,0,0,0,0,0,0,0.0,0.0,0.0
2025-06-23,2025,6,2025-W26,Diana,-12.2787,49.2917,faible,1053715,0,0,0,0,0,0,0,0,0.0,0.0,0.0
2025-06-30,2025,6,2025-W27,Diana,-12.2787,49.2917,faible,1053715,0,0,0,0,0,0,0,0,0.0,0.0,0.0
2025-07-07,2025,7,2025-W28,Diana,-12.2787,49.2917,faible,1053715,0,0,0,0,0,0,0,0,0.0,0.0,0.0
2025-07-14,2025,7,2025-W29,Diana,-12.2787,49.2917,faible,1053715,0,0,0,0,0,0,0,0,0.0,0.0,0.0
2025-07-21,2025,7,2025-W30,Diana,-12.2787,49.2917,faible,1053715,0,0,0,0,0,0,0,0,0.0,0.0,0.0
2025-07-28,2025,7,2025-W31,Diana,-12.2787,49.2917,faible,1053715,0,0,0,0,0,0,0,0,0.0,0.0,0.0
2025-08-04,2025,8,2025-W32,Diana,-12.2787,49.2917,faible,1053715,0,0,0,0,0,0,0,0,0.0,0.0,0.0
2025-08-11,2025,8,2025-W33,Diana,-12.2787,49.2917,faible,1053715,0,0,0,0,0,0,0,0,0.0,0.0,0.0
2025-08-18,2025,8,2025-W34,Diana,-12.2787,49.2917,faible,1053715,0,0,0,0,0,0,0,0,0.0,0.0,0.0
2025-08-25,2025,8,2025-W35,Diana,-12.2787,49.2917,faible,1053715,0,0,0,0,0,0,0,0,0.0,0.0,0.0
2025-09-01,2025,9,2025-W36,Diana,-12.2787,49.2917,faible,1053715,0,0,0,0,0,0,0,0,0.0,0.0,0.0
2025-09-08,2025,9,2025-W37,Diana,-12.2787,49.2917,faible,1053715,0,0,0,0,0,0,0,0,0.0,0.0,0.0
2025-09-15,2025,9,2025-W38,Diana,-12.2787,49.2917,faible,1053715,0,0,0,0,0,0,0,0,0.0,0.0,0.0
2025-09-22,2025,9,2025-W39,Diana,-12.2787,49.2917,faible,1053715,0,0,0,0,0,0,0,0,0.0,0.0,0.0
2025-09-29,2025,9,2025-W40,Diana,-12.2787,49.2917,faible,1053715,0,0,0,0,0,0,0,0,0.0,0.0,0.0
2025-10-06,2025,10,2025-W41,Diana,-12.2787,49.2917,faible,1053715,0,0,0,0,0,0,0,0,0.0,0.0,0.0
2025-10-13,2025,10,2025-W42,Diana,-12.2787,49.2917,faible,1053715,0,0,0,0,0,0,0,0,0.0,0.0,0.0
2025-10-20,2025,10,2025-W43,Diana,-12.2787,49.2917,faible,1053715,0,0,0,0,0,0,0,0,0.0,0.0,0.0
2025-10-27,2025,10,2025-W44,Diana,-12.2787,49.2917,faible,1053715,0,0,0,0,0,0,0,0,0.0,0.0,0.0
2025-11-03,2025,11,2025-W45,Diana,-12.2787,49.2917,faible,1053715,0,0,0,0,0,0,0,0,0.0,0.0,0.0
2025-11-10,2025,11,2025-W46,Diana,-12.2787,49.2917,faible,1053715,0,0,0,0,0,0,0,0,0.0,0.0,0.0
2025-11-17,2025,11,2025-W47,Diana,-12.2787,49.2917,faible,1053715,0,0,0,0,0,0,0,0,0.0,0.0,0.0
2025-11-24,2025,11,2025-W48,Diana,-12.2787,49.2917,faible,1053715,0,0,0,0,0,0,0,0,0.0,0.0,0.0
2025-12-01,2025,12,2025-W49,Diana,-12.2787,49.2917,faible,1053715,0,0,0,0,0,0,0,0,0.0,0.0,0.0
2025-12-08,2025,12,2025-W50,Diana,-12.2787,49.2917,faible,1053715,0,0,0,0,0,0,0,0,0.0,0.0,0.0
2025-12-15,2025,12,2025-W51,Diana,-12.2787,49.2917,faible,1053715,0,0,0,0,0,0,0,0,0.0,0.0,0.0
2025-12-22,2025,12,2025-W52,Diana,-12.2787,49.2917,faible,1053715,0,0,0,0,0,0,0,0,0.0,0.0,0.0
2025-12-29,2025,12,2026-W01,Diana,-12.2787,49.2917,faible,1053715,0,0,0,0,0,0,0,0,0.0,0.0,0.0
2026-01-05,2026,1,2026-W02,Diana,-12.2787,49.2917,faible,1053715,0,0,0,0,0,0,0,0,0.0,0.0,0.0
2026-01-12,2026,1,2026-W03,Diana,-12.2787,49.2917,faible,1053715,0,0,0,0,0,0,0,0,0.0,0.0,0.0
2026-01-19,2026,1,2026-W04,Diana,-12.2787,49.2917,faible,1053715,0,0,0,0,0,0,0,0,0.0,0.0,0.0
2026-01-26,2026,1,2026-W05,Diana,-12.2787,49.2917,faible,1053715,0,0,0,0,0,0,0,0,0.0,0.0,0.0
2026-02-02,2026,2,2026-W06,Diana,-12.2787,49.2917,faible,1053715,0,0,0,0,0,0,0,0,0.0,0.0,0.0
2026-02-09,2026,2,2026-W07,Diana,-12.2787,49.2917,faible,1053715,0,0,0,0,0,0,0,0,0.0,0.0,0.0
2026-02-16,2026,2,2026-W08,Diana,-12.2787,49.2917,faible,1053715,0,0,0,0,0,0,0,0,0.0,0.0,0.0
2026-02-23,2026,2,2026-W09,Diana,-12.2787,49.2917,faible,1053715,0,0,0,0,0,0,0,0,0.0,0.0,0.0
2026-03-02,2026,3,2026-W10,Diana,-12.2787,49.2917,faible,1053715,0,0,0,0,0,0,0,0,0.0,0.0,0.0
2026-03-09,2026,3,2026-W11,Diana,-12.2787,49.2917,faible,1053715,0,0,0,0,0,0,0,0,0.0,0.0,0.0
2026-03-16,2026,3,2026-W12,Diana,-12.2787,49.2917,faible,1053715,0,0,0,0,0,0,0,0,0.0,0.0,0.0
2026-03-23,2026,3,2026-W13,Diana,-12.2787,49.2917,faible,1053715,0,0,0,0,0,0,0,0,0.0,0.0,0.0
2026-03-30,2026,3,2026-W14,Diana,-12.2787,49.2917,faible,1053715,0,0,0,0,0,0,0,0,0.0,0.0,0.0
2026-04-06,2026,4,2026-W15,Diana,-12.2787,49.2917,faible,1053715,0,0,0,0,0,0,0,0,0.0,0.0,0.0
2026-04-13,2026,4,2026-W16,Diana,-12.2787,49.2917,faible,1053715,0,0,0,0,0,0,0,0,0.0,0.0,0.0
2026-04-20,2026,4,2026-W17,Diana,-12.2787,49.2917,faible,1053715,0,0,0,0,0,0,0,0,0.0,0.0,0.0
2026-04-27,2026,4,2026-W18,Diana,-12.2787,49.2917,faible,1053715,0,0,0,0,0,0,0,0,0.0,0.0,0.0
2026-05-04,2026,5,2026-W19,Diana,-12.2787,49.2917,faible,1053715,0,0,0,0,0,0,0,0,0.0,0.0,0.0
2026-05-11,2026,5,2026-W20,Diana,-12.2787,49.2917,faible,1053715,0,0,0,0,0,0,0,0,0.0,0.0,0.0
2026-05-18,2026,5,2026-W21,Diana,-12.2787,49.2917,faible,1053715,0,0,0,0,0,0,0,0,0.0,0.0,0.0
2026-05-25,2026,5,2026-W22,Diana,-12.2787,49.2917,faible,1053715,0,0,0,0,0,0,0,0,0.0,0.0,0.0
2026-06-01,2026,6,2026-W23,Diana,-12.2787,49.2917,faible,1053715,0,0,0,0,0,0,0,0,0.0,0.0,0.0
2026-06-08,2026,6,2026-W24,Diana,-12.2787,49.2917,faible,1053715,0,0,0,0,0,0,0,0,0.0,0.0,0.0
2026-06-15,2026,6,2026-W25,Diana,-12.2787,49.2917,faible,1053715,0,0,0,0,0,0,0,0,0.0,0.0,0.0
2026-06-22,2026,6,2026-W26,Diana,-12.2787,49.2917,faible,1053715,0,0,0,0,0,0,0,0,0.0,0.0,0.0
2026-06-29,2026,6,2026-W27,Diana,-12.2787,49.2917,faible,1053715,0,0,0,0,0,0,0,0,0.0,0.0,0.0
2026-07-06,2026,7,2026-W28,Diana,-12.2787,49.2917,faible,1053715,0,0,0,0,0,0,0,0,0.0,0.0,0.0
2026-07-13,2026,7,2026-W29,Diana,-12.2787,49.2917,faible,1053715,0,0,0,0,0,0,0,0,0.0,0.0,0.0
2026-07-20,2026,7,2026-W30,Diana,-12.2787,49.2917,faible,1053715,0,0,0,0,0,0,0,0,0.0,0.0,0.0
2026-07-27,2026,7,2026-W31,Diana,-12.2787,49.2917,faible,1053715,0,0,0,0,0,0,0,0,0.0,0.0,0.0
2020-01-06,2020,1,2020-W02,Atsimo-Atsinanana,-22.9,47.65,faible,1220000,0,0,0,0,0,0,0,0,0.0,0.0,0.0
2020-01-13,2020,1,2020-W03,Atsimo-Atsinanana,-22.9,47.65,faible,1220000,0,0,0,0,0,0,0,0,0.0,0.0,0.0
2020-01-20,2020,1,2020-W04,Atsimo-Atsinanana,-22.9,47.65,faible,1220000,0,0,0,0,0,0,0,0,0.0,0.0,0.0
2020-01-27,2020,1,2020-W05,Atsimo-Atsinanana,-22.9,47.65,faible,1220000,0,0,0,0,0,0,0,0,0.0,0.0,0.0
2020-02-03,2020,2,2020-W06,Atsimo-Atsinanana,-22.9,47.65,faible,1220000,0,0,0,0,0,0,0,0,0.0,0.0,0.0
2020-02-10,2020,2,2020-W07,Atsimo-Atsinanana,-22.9,47.65,faible,1220000,0,0,0,0,0,0,0,0,0.0,0.0,0.0
2020-02-17,2020,2,2020-W08,Atsimo-Atsinanana,-22.9,47.65,faible,1220000,0,0,0,0,0,0,0,0,0.0,0.0,0.0
2020-02-24,2020,2,2020-W09,Atsimo-Atsinanana,-22.9,47.65,faible,1220000,0,0,0,0,0,0,0,0,0.0,0.0,0.0
2020-03-02,2020,3,2020-W10,Atsimo-Atsinanana,-22.9,47.65,faible,1220000,0,0,0,0,0,0,0,0,0.0,0.0,0.0
2020-03-09,2020,3,2020-W11,Atsimo-Atsinanana,-22.9,47.65,faible,1220000,0,0,0,0,0,0,0,0,0.0,0.0,0.0
2020-03-16,2020,3,2020-W12,Atsimo-Atsinanana,-22.9,47.65,faible,1220000,0,0,0,0,0,0,0,0,0.0,0.0,0.0
2020-03-23,2020,3,2020-W13,Atsimo-Atsinanana,-22.9,47.65,faible,1220000,0,0,0,0,0,0,0,0,0.0,0.0,0.0
2020-03-30,2020,3,2020-W14,Atsimo-Atsinanana,-22.9,47.65,faible,1220000,0,0,0,0,0,0,0,0,0.0,0.0,0.0
2020-04-06,2020,4,2020-W15,Atsimo-Atsinanana,-22.9,47.65,faible,1220000,0,0,0,0,0,0,0,0,0.0,0.0,0.0
2020-04-13,2020,4,2020-W16,Atsimo-Atsinanana,-22.9,47.65,faible,1220000,0,0,0,0,0,0,0,0,0.0,0.0,0.0
2020-04-20,2020,4,2020-W17,Atsimo-Atsinanana,-22.9,47.65,faible,1220000,0,0,0,0,0,0,0,0,0.0,0.0,0.0
2020-04-27,2020,4,2020-W18,Atsimo-Atsinanana,-22.9,47.65,faible,1220000,0,0,0,0,0,0,0,0,0.0,0.0,0.0
2020-05-04,2020,5,2020-W19,Atsimo-Atsinanana,-22.9,47.65,faible,1220000,0,0,0,0,0,0,0,0,0.0,0.0,0.0
2020-05-11,2020,5,2020-W20,Atsimo-Atsinanana,-22.9,47.65,faible,1220000,0,0,0,0,0,0,0,0,0.0,0.0,0.0
2020-05-18,2020,5,2020-W21,Atsimo-Atsinanana,-22.9,47.65,faible,1220000,0,0,0,0,0,0,0,0,0.0,0.0,0.0
2020-05-25,2020,5,2020-W22,Atsimo-Atsinanana,-22.9,47.65,faible,1220000,0,0,0,0,0,0,0,0,0.0,0.0,0.0
2020-06-01,2020,6,2020-W23,Atsimo-Atsinanana,-22.9,47.65,faible,1220000,0,0,0,0,0,0,0,0,0.0,0.0,0.0
2020-06-08,2020,6,2020-W24,Atsimo-Atsinanana,-22.9,47.65,faible,1220000,0,0,0,0,0,0,0,0,0.0,0.0,0.0
2020-06-15,2020,6,2020-W25,Atsimo-Atsinanana,-22.9,47.65,faible,1220000,0,0,0,0,0,0,0,0,0.0,0.0,0.0
2020-06-22,2020,6,2020-W26,Atsimo-Atsinanana,-22.9,47.65,faible,1220000,0,0,0,0,0,0,0,0,0.0,0.0,0.0
2020-06-29,2020,6,2020-W27,Atsimo-Atsinanana,-22.9,47.65,faible,1220000,0,0,0,0,0,0,0,0,0.0,0.0,0.0
2020-07-06,2020,7,2020-W28,Atsimo-Atsinanana,-22.9,47.65,faible,1220000,0,0,0,0,0,0,0,0,0.0,0.0,0.0
2020-07-13,2020,7,2020-W29,Atsimo-Atsinanana,-22.9,47.65,faible,1220000,0,0,0,0,0,0,0,0,0.0,0.0,0.0
2020-07-20,2020,7,2020-W30,Atsimo-Atsinanana,-22.9,47.65,faible,1220000,0,0,0,0,0,0,0,0,0.0,0.0,0.0
2020-07-27,2020,7,2020-W31,Atsimo-Atsinanana,-22.9,47.65,faible,1220000,0,0,0,0,0,0,0,0,0.0,0.0,0.0
2020-08-03,2020,8,2020-W32,Atsimo-Atsinanana,-22.9,47.65,faible,1220000,0,0,0,0,0,0,0,0,0.0,0.0,0.0
2020-08-10,2020,8,2020-W33,Atsimo-Atsinanana,-22.9,47.65,faible,1220000,0,0,0,0,0,0,0,0,0.0,0.0,0.0
2020-08-17,2020,8,2020-W34,Atsimo-Atsinanana,-22.9,47.65,faible,1220000,0,0,0,0,0,0,0,0,0.0,0.0,0.0
2020-08-24,2020,8,2020-W35,Atsimo-Atsinanana,-22.9,47.65,faible,1220000,0,0,0,0,0,0,0,0,0.0,0.0,0.0
2020-08-31,2020,8,2020-W36,Atsimo-Atsinanana,-22.9,47.65,faible,1220000,0,0,0,0,0,0,0,0,0.0,0.0,0.0
2020-09-07,2020,9,2020-W37,Atsimo-Atsinanana,-22.9,47.65,faible,1220000,0,0,0,0,0,0,0,0,0.0,0.0,0.0
2020-09-14,2020,9,2020-W38,Atsimo-Atsinanana,-22.9,47.65,faible,1220000,0,0,0,0,0,0,0,0,0.0,0.0,0.0
2020-09-21,2020,9,2020-W39,Atsimo-Atsinanana,-22.9,47.65,faible,1220000,0,0,0,0,0,0,0,0,0.0,0.0,0.0
2020-09-28,2020,9,2020-W40,Atsimo-Atsinanana,-22.9,47.65,faible,1220000,0,0,0,0,0,0,0,0,0.0,0.0,0.0
2020-10-05,2020,10,2020-W41,Atsimo-Atsinanana,-22.9,47.65,faible,1220000,0,0,0,0,0,0,0,0,0.0,0.0,0.0
2020-10-12,2020,10,2020-W42,Atsimo-Atsinanana,-22.9,47.65,faible,1220000,0,0,0,0,0,0,0,0,0.0,0.0,0.0
2020-10-19,2020,10,2020-W43,Atsimo-Atsinanana,-22.9,47.65,faible,1220000,0,0,0,0,0,0,0,0,0.0,0.0,0.0
2020-10-26,2020,10,2020-W44,Atsimo-Atsinanana,-22.9,47.65,faible,1220000,0,0,0,0,0,0,0,0,0.0,0.0,0.0
2020-11-02,2020,11,2020-W45,Atsimo-Atsinanana,-22.9,47.65,faible,1220000,0,0,0,0,0,0,0,0,0.0,0.0,0.0
2020-11-09,2020,11,2020-W46,Atsimo-Atsinanana,-22.9,47.65,faible,1220000,0,0,0,0,0,0,0,0,0.0,0.0,0.0
2020-11-16,2020,11,2020-W47,Atsimo-Atsinanana,-22.9,47.65,faible,1220000,0,0,0,0,0,0,0,0,0.0,0.0,0.0
2020-11-23,2020,11,2020-W48,Atsimo-Atsinanana,-22.9,47.65,faible,1220000,0,0,0,0,0,0,0,0,0.0,0.0,0.0
2020-11-30,2020,11,2020-W49,Atsimo-Atsinanana,-22.9,47.65,faible,1220000,0,0,0,0,0,0,0,0,0.0,0.0,0.0
2020-12-07,2020,12,2020-W50,Atsimo-Atsinanana,-22.9,47.65,faible,1220000,0,0,0,0,0,0,0,0,0.0,0.0,0.0
2020-12-14,2020,12,2020-W51,Atsimo-Atsinanana,-22.9,47.65,faible,1220000,0,0,0,0,0,0,0,0,0.0,0.0,0.0
2020-12-21,2020,12,2020-W52,Atsimo-Atsinanana,-22.9,47.65,faible,1220000,0,0,0,0,0,0,0,0,0.0,0.0,0.0
2020-12-28,2020,12,2020-W53,Atsimo-Atsinanana,-22.9,47.65,faible,1220000,0,0,0,0,0,0,0,0,0.0,0.0,0.0
2021-01-04,2021,1,2021-W01,Atsimo-Atsinanana,-22.9,47.65,faible,1220000,0,0,0,0,0,0,0,0,0.0,0.0,0.0
2021-01-11,2021,1,2021-W02,Atsimo-Atsinanana,-22.9,47.65,faible,1220000,0,0,0,0,0,0,0,0,0.0,0.0,0.0
2021-01-18,2021,1,2021-W03,Atsimo-Atsinanana,-22.9,47.65,faible,1220000,0,0,0,0,0,0,0,0,0.0,0.0,0.0
2021-01-25,2021,1,2021-W04,Atsimo-Atsinanana,-22.9,47.65,faible,1220000,0,0,0,0,0,0,0,0,0.0,0.0,0.0
2021-02-01,2021,2,2021-W05,Atsimo-Atsinanana,-22.9,47.65,faible,1220000,0,0,0,0,0,0,0,0,0.0,0.0,0.0
2021-02-08,2021,2,2021-W06,Atsimo-Atsinanana,-22.9,47.65,faible,1220000,0,0,0,0,0,0,0,0,0.0,0.0,0.0
2021-02-15,2021,2,2021-W07,Atsimo-Atsinanana,-22.9,47.65,faible,1220000,0,0,0,0,0,0,0,0,0.0,0.0,0.0
2021-02-22,2021,2,2021-W08,Atsimo-Atsinanana,-22.9,47.65,faible,1220000,0,0,0,0,0,0,0,0,0.0,0.0,0.0
2021-03-01,2021,3,2021-W09,Atsimo-Atsinanana,-22.9,47.65,faible,1220000,0,0,0,0,0,0,0,0,0.0,0.0,0.0
2021-03-08,2021,3,2021-W10,Atsimo-Atsinanana,-22.9,47.65,faible,1220000,0,0,0,0,0,0,0,0,0.0,0.0,0.0
2021-03-15,2021,3,2021-W11,Atsimo-Atsinanana,-22.9,47.65,faible,1220000,0,0,0,0,0,0,0,0,0.0,0.0,0.0
2021-03-22,2021,3,2021-W12,Atsimo-Atsinanana,-22.9,47.65,faible,1220000,0,0,0,0,0,0,0,0,0.0,0.0,0.0
2021-03-29,2021,3,2021-W13,Atsimo-Atsinanana,-22.9,47.65,faible,1220000,0,0,0,0,0,0,0,0,0.0,0.0,0.0
2021-04-05,2021,4,2021-W14,Atsimo-Atsinanana,-22.9,47.65,faible,1220000,0,0,0,0,0,0,0,0,0.0,0.0,0.0
2021-04-12,2021,4,2021-W15,Atsimo-Atsinanana,-22.9,47.65,faible,1220000,0,0,0,0,0,0,0,0,0.0,0.0,0.0
2021-04-19,2021,4,2021-W16,Atsimo-Atsinanana,-22.9,47.65,faible,1220000,0,0,0,0,0,0,0,0,0.0,0.0,0.0
2021-04-26,2021,4,2021-W17,Atsimo-Atsinanana,-22.9,47.65,faible,1220000,0,0,0,0,0,0,0,0,0.0,0.0,0.0
2021-05-03,2021,5,2021-W18,Atsimo-Atsinanana,-22.9,47.65,faible,1220000,0,0,0,0,0,0,0,0,0.0,0.0,0.0
2021-05-10,2021,5,2021-W19,Atsimo-Atsinanana,-22.9,47.65,faible,1220000,0,0,0,0,0,0,0,0,0.0,0.0,0.0
2021-05-17,2021,5,2021-W20,Atsimo-Atsinanana,-22.9,47.65,faible,1220000,0,0,0,0,0,0,0,0,0.0,0.0,0.0
2021-05-24,2021,5,2021-W21,Atsimo-Atsinanana,-22.9,47.65,faible,1220000,0,0,0,0,0,0,0,0,0.0,0.0,0.0
2021-05-31,2021,5,2021-W22,Atsimo-Atsinanana,-22.9,47.65,faible,1220000,0,0,0,0,0,0,0,0,0.0,0.0,0.0
2021-06-07,2021,6,2021-W23,Atsimo-Atsinanana,-22.9,47.65,faible,1220000,0,0,0,0,0,0,0,0,0.0,0.0,0.0
2021-06-14,2021,6,2021-W24,Atsimo-Atsinanana,-22.9,47.65,faible,1220000,0,0,0,0,0,0,0,0,0.0,0.0,0.0
2021-06-21,2021,6,2021-W25,Atsimo-Atsinanana,-22.9,47.65,faible,1220000,0,0,0,0,0,0,0,0,0.0,0.0,0.0
2021-06-28,2021,6,2021-W26,Atsimo-Atsinanana,-22.9,47.65,faible,1220000,0,0,0,0,0,0,0,0,0.0,0.0,0.0
2021-07-05,2021,7,2021-W27,Atsimo-Atsinanana,-22.9,47.65,faible,1220000,0,0,0,0,0,0,0,0,0.0,0.0,0.0
2021-07-12,2021,7,2021-W28,Atsimo-Atsinanana,-22.9,47.65,faible,1220000,0,0,0,0,0,0,0,0,0.0,0.0,0.0
2021-07-19,2021,7,2021-W29,Atsimo-Atsinanana,-22.9,47.65,faible,1220000,0,0,0,0,0,0,0,0,0.0,0.0,0.0
2021-07-26,2021,7,2021-W30,Atsimo-Atsinanana,-22.9,47.65,faible,1220000,0,0,0,0,0,0,0,0,0.0,0.0,0.0
2021-08-02,2021,8,2021-W31,Atsimo-Atsinanana,-22.9,47.65,faible,1220000,0,0,0,0,0,0,0,0,0.0,0.0,0.0
2021-08-09,2021,8,2021-W32,Atsimo-Atsinanana,-22.9,47.65,faible,1220000,0,0,0,0,0,0,0,0,0.0,0.0,0.0
2021-08-16,2021,8,2021-W33,Atsimo-Atsinanana,-22.9,47.65,faible,1220000,0,0,0,0,0,0,0,0,0.0,0.0,0.0
2021-08-23,2021,8,2021-W34,Atsimo-Atsinanana,-22.9,47.65,faible,1220000,0,0,0,0,0,0,0,0,0.0,0.0,0.0
2021-08-30,2021,8,2021-W35,Atsimo-Atsinanana,-22.9,47.65,faible,1220000,0,0,0,0,0,0,0,0,0.0,0.0,0.0
2021-09-06,2021,9,2021-W36,Atsimo-Atsinanana,-22.9,47.65,faible,1220000,0,0,0,0,0,0,0,0,0.0,0.0,0.0
2021-09-13,2021,9,2021-W37,Atsimo-Atsinanana,-22.9,47.65,faible,1220000,0,0,0,0,0,0,0,0,0.0,0.0,0.0
2021-09-20,2021,9,2021-W38,Atsimo-Atsinanana,-22.9,47.65,faible,1220000,0,0,0,0,0,0,0,0,0.0,0.0,0.0
2021-09-27,2021,9,2021-W39,Atsimo-Atsinanana,-22.9,47.65,faible,1220000,0,0,0,0,0,0,0,0,0.0,0.0,0.0
2021-10-04,2021,10,2021-W40,Atsimo-Atsinanana,-22.9,47.65,faible,1220000,0,0,0,0,0,0,0,0,0.0,0.0,0.0
2021-10-11,2021,10,2021-W41,Atsimo-Atsinanana,-22.9,47.65,faible,1220000,0,0,0,0,0,0,0,0,0.0,0.0,0.0
2021-10-18,2021,10,2021-W42,Atsimo-Atsinanana,-22.9,47.65,faible,1220000,0,0,0,0,0,0,0,0,0.0,0.0,0.0
2021-10-25,2021,10,2021-W43,Atsimo-Atsinanana,-22.9,47.65,faible,1220000,0,0,0,0,0,0,0,0,0.0,0.0,0.0
2021-11-01,2021,11,2021-W44,Atsimo-Atsinanana,-22.9,47.65,faible,1220000,0,0,0,0,0,0,0,0,0.0,0.0,0.0
2021-11-08,2021,11,2021-W45,Atsimo-Atsinanana,-22.9,47.65,faible,1220000,0,0,0,0,0,0,0,0,0.0,0.0,0.0
2021-11-15,2021,11,2021-W46,Atsimo-Atsinanana,-22.9,47.65,faible,1220000,0,0,0,0,0,0,0,0,0.0,0.0,0.0
2021-11-22,2021,11,2021-W47,Atsimo-Atsinanana,-22.9,47.65,faible,1220000,0,0,0,0,0,0,0,0,0.0,0.0,0.0
2021-11-29,2021,11,2021-W48,Atsimo-Atsinanana,-22.9,47.65,faible,1220000,0,0,0,0,0,0,0,0,0.0,0.0,0.0
2021-12-06,2021,12,2021-W49,Atsimo-Atsinanana,-22.9,47.65,faible,1220000,0,0,0,0,0,0,0,0,0.0,0.0,0.0
2021-12-13,2021,12,2021-W50,Atsimo-Atsinanana,-22.9,47.65,faible,1220000,0,0,0,0,0,0,0,0,0.0,0.0,0.0
2021-12-20,2021,12,2021-W51,Atsimo-Atsinanana,-22.9,47.65,faible,1220000,0,0,0,0,0,0,0,0,0.0,0.0,0.0
2021-12-27,2021,12,2021-W52,Atsimo-Atsinanana,-22.9,47.65,faible,1220000,0,0,0,0,0,0,0,0,0.0,0.0,0.0
2022-01-03,2022,1,2022-W01,Atsimo-Atsinanana,-22.9,47.65,faible,1220000,0,0,0,0,0,0,0,0,0.0,0.0,0.0
2022-01-10,2022,1,2022-W02,Atsimo-Atsinanana,-22.9,47.65,faible,1220000,0,0,0,0,0,0,0,0,0.0,0.0,0.0
2022-01-17,2022,1,2022-W03,Atsimo-Atsinanana,-22.9,47.65,faible,1220000,0,0,0,0,0,0,0,0,0.0,0.0,0.0
2022-01-24,2022,1,2022-W04,Atsimo-Atsinanana,-22.9,47.65,faible,1220000,0,0,0,0,0,0,0,0,0.0,0.0,0.0
2022-01-31,2022,1,2022-W05,Atsimo-Atsinanana,-22.9,47.65,faible,1220000,0,0,0,0,0,0,0,0,0.0,0.0,0.0
2022-02-07,2022,2,2022-W06,Atsimo-Atsinanana,-22.9,47.65,faible,1220000,0,0,0,0,0,0,0,0,0.0,0.0,0.0
2022-02-14,2022,2,2022-W07,Atsimo-Atsinanana,-22.9,47.65,faible,1220000,0,0,0,0,0,0,0,0,0.0,0.0,0.0
2022-02-21,2022,2,2022-W08,Atsimo-Atsinanana,-22.9,47.65,faible,1220000,0,0,0,0,0,0,0,0,0.0,0.0,0.0
2022-02-28,2022,2,2022-W09,Atsimo-Atsinanana,-22.9,47.65,faible,1220000,0,0,0,0,0,0,0,0,0.0,0.0,0.0
2022-03-07,2022,3,2022-W10,Atsimo-Atsinanana,-22.9,47.65,faible,1220000,0,0,0,0,0,0,0,0,0.0,0.0,0.0
2022-03-14,2022,3,2022-W11,Atsimo-Atsinanana,-22.9,47.65,faible,1220000,0,0,0,0,0,0,0,0,0.0,0.0,0.0
2022-03-21,2022,3,2022-W12,Atsimo-Atsinanana,-22.9,47.65,faible,1220000,0,0,0,0,0,0,0,0,0.0,0.0,0.0
2022-03-28,2022,3,2022-W13,Atsimo-Atsinanana,-22.9,47.65,faible,1220000,0,0,0,0,0,0,0,0,0.0,0.0,0.0
2022-04-04,2022,4,2022-W14,Atsimo-Atsinanana,-22.9,47.65,faible,1220000,0,0,0,0,0,0,0,0,0.0,0.0,0.0
2022-04-11,2022,4,2022-W15,Atsimo-Atsinanana,-22.9,47.65,faible,1220000,0,0,0,0,0,0,0,0,0.0,0.0,0.0
2022-04-18,2022,4,2022-W16,Atsimo-Atsinanana,-22.9,47.65,faible,1220000,0,0,0,0,0,0,0,0,0.0,0.0,0.0
2022-04-25,2022,4,2022-W17,Atsimo-Atsinanana,-22.9,47.65,faible,1220000,0,0,0,0,0,0,0,0,0.0,0.0,0.0
2022-05-02,2022,5,2022-W18,Atsimo-Atsinanana,-22.9,47.65,faible,1220000,0,0,0,0,0,0,0,0,0.0,0.0,0.0
2022-05-09,2022,5,2022-W19,Atsimo-Atsinanana,-22.9,47.65,faible,1220000,0,0,0,0,0,0,0,0,0.0,0.0,0.0
2022-05-16,2022,5,2022-W20,Atsimo-Atsinanana,-22.9,47.65,faible,1220000,0,0,0,0,0,0,0,0,0.0,0.0,0.0
2022-05-23,2022,5,2022-W21,Atsimo-Atsinanana,-22.9,47.65,faible,1220000,0,0,0,0,0,0,0,0,0.0,0.0,0.0
2022-05-30,2022,5,2022-W22,Atsimo-Atsinanana,-22.9,47.65,faible,1220000,0,0,0,0,0,0,0,0,0.0,0.0,0.0
2022-06-06,2022,6,2022-W23,Atsimo-Atsinanana,-22.9,47.65,faible,1220000,0,0,0,0,0,0,0,0,0.0,0.0,0.0
2022-06-13,2022,6,2022-W24,Atsimo-Atsinanana,-22.9,47.65,faible,1220000,0,0,0,0,0,0,0,0,0.0,0.0,0.0
2022-06-20,2022,6,2022-W25,Atsimo-Atsinanana,-22.9,47.65,faible,1220000,0,0,0,0,0,0,0,0,0.0,0.0,0.0
2022-06-27,2022,6,2022-W26,Atsimo-Atsinanana,-22.9,47.65,faible,1220000,0,0,0,0,0,0,0,0,0.0,0.0,0.0
2022-07-04,2022,7,2022-W27,Atsimo-Atsinanana,-22.9,47.65,faible,1220000,0,0,0,0,0,0,0,0,0.0,0.0,0.0
2022-07-11,2022,7,2022-W28,Atsimo-Atsinanana,-22.9,47.65,faible,1220000,0,0,0,0,0,0,0,0,0.0,0.0,0.0
2022-07-18,2022,7,2022-W29,Atsimo-Atsinanana,-22.9,47.65,faible,1220000,0,0,0,0,0,0,0,0,0.0,0.0,0.0
2022-07-25,2022,7,2022-W30,Atsimo-Atsinanana,-22.9,47.65,faible,1220000,0,0,0,0,0,0,0,0,0.0,0.0,0.0
2022-08-01,2022,8,2022-W31,Atsimo-Atsinanana,-22.9,47.65,faible,1220000,0,0,0,0,0,0,0,0,0.0,0.0,0.0
2022-08-08,2022,8,2022-W32,Atsimo-Atsinanana,-22.9,47.65,faible,1220000,0,0,0,0,0,0,0,0,0.0,0.0,0.0
2022-08-15,2022,8,2022-W33,Atsimo-Atsinanana,-22.9,47.65,faible,1220000,0,0,0,0,0,0,0,0,0.0,0.0,0.0
2022-08-22,2022,8,2022-W34,Atsimo-Atsinanana,-22.9,47.65,faible,1220000,0,0,0,0,0,0,0,0,0.0,0.0,0.0
2022-08-29,2022,8,2022-W35,Atsimo-Atsinanana,-22.9,47.65,faible,1220000,0,0,0,0,0,0,0,0,0.0,0.0,0.0
2022-09-05,2022,9,2022-W36,Atsimo-Atsinanana,-22.9,47.65,faible,1220000,0,0,0,0,0,0,0,0,0.0,0.0,0.0
2022-09-12,2022,9,2022-W37,Atsimo-Atsinanana,-22.9,47.65,faible,1220000,0,0,0,0,0,0,0,0,0.0,0.0,0.0
2022-09-19,2022,9,2022-W38,Atsimo-Atsinanana,-22.9,47.65,faible,1220000,0,0,0,0,0,0,0,0,0.0,0.0,0.0
2022-09-26,2022,9,2022-W39,Atsimo-Atsinanana,-22.9,47.65,faible,1220000,0,0,0,0,0,0,0,0,0.0,0.0,0.0
2022-10-03,2022,10,2022-W40,Atsimo-Atsinanana,-22.9,47.65,faible,1220000,0,0,0,0,0,0,0,0,0.0,0.0,0.0
2022-10-10,2022,10,2022-W41,Atsimo-Atsinanana,-22.9,47.65,faible,1220000,0,0,0,0,0,0,0,0,0.0,0.0,0.0
2022-10-17,2022,10,2022-W42,Atsimo-Atsinanana,-22.9,47.65,faible,1220000,0,0,0,0,0,0,0,0,0.0,0.0,0.0
2022-10-24,2022,10,2022-W43,Atsimo-Atsinanana,-22.9,47.65,faible,1220000,0,0,0,0,0,0,0,0,0.0,0.0,0.0
2022-10-31,2022,10,2022-W44,Atsimo-Atsinanana,-22.9,47.65,faible,1220000,0,0,0,0,0,0,0,0,0.0,0.0,0.0
2022-11-07,2022,11,2022-W45,Atsimo-Atsinanana,-22.9,47.65,faible,1220000,0,0,0,0,0,0,0,0,0.0,0.0,0.0
2022-11-14,2022,11,2022-W46,Atsimo-Atsinanana,-22.9,47.65,faible,1220000,0,0,0,0,0,0,0,0,0.0,0.0,0.0
2022-11-21,2022,11,2022-W47,Atsimo-Atsinanana,-22.9,47.65,faible,1220000,0,0,0,0,0,0,0,0,0.0,0.0,0.0
2022-11-28,2022,11,2022-W48,Atsimo-Atsinanana,-22.9,47.65,faible,1220000,0,0,0,0,0,0,0,0,0.0,0.0,0.0
2022-12-05,2022,12,2022-W49,Atsimo-Atsinanana,-22.9,47.65,faible,1220000,0,0,0,0,0,0,0,0,0.0,0.0,0.0
2022-12-12,2022,12,2022-W50,Atsimo-Atsinanana,-22.9,47.65,faible,1220000,0,0,0,0,0,0,0,0,0.0,0.0,0.0
2022-12-19,2022,12,2022-W51,Atsimo-Atsinanana,-22.9,47.65,faible,1220000,0,0,0,0,0,0,0,0,0.0,0.0,0.0
2022-12-26,2022,12,2022-W52,Atsimo-Atsinanana,-22.9,47.65,faible,1220000,0,0,0,0,0,0,0,0,0.0,0.0,0.0
2023-01-02,2023,1,2023-W01,Atsimo-Atsinanana,-22.9,47.65,faible,1220000,0,0,0,0,0,0,0,0,0.0,0.0,0.0
2023-01-09,2023,1,2023-W02,Atsimo-Atsinanana,-22.9,47.65,faible,1220000,0,0,0,0,0,0,0,0,0.0,0.0,0.0
2023-01-16,2023,1,2023-W03,Atsimo-Atsinanana,-22.9,47.65,faible,1220000,0,0,0,0,0,0,0,0,0.0,0.0,0.0
2023-01-23,2023,1,2023-W04,Atsimo-Atsinanana,-22.9,47.65,faible,1220000,0,0,0,0,0,0,0,0,0.0,0.0,0.0
2023-01-30,2023,1,2023-W05,Atsimo-Atsinanana,-22.9,47.65,faible,1220000,0,0,0,0,0,0,0,0,0.0,0.0,0.0
2023-02-06,2023,2,2023-W06,Atsimo-Atsinanana,-22.9,47.65,faible,1220000,0,0,0,0,0,0,0,0,0.0,0.0,0.0
2023-02-13,2023,2,2023-W07,Atsimo-Atsinanana,-22.9,47.65,faible,1220000,0,0,0,0,0,0,0,0,0.0,0.0,0.0
2023-02-20,2023,2,2023-W08,Atsimo-Atsinanana,-22.9,47.65,faible,1220000,0,0,0,0,0,0,0,0,0.0,0.0,0.0
2023-02-27,2023,2,2023-W09,Atsimo-Atsinanana,-22.9,47.65,faible,1220000,0,0,0,0,0,0,0,0,0.0,0.0,0.0
2023-03-06,2023,3,2023-W10,Atsimo-Atsinanana,-22.9,47.65,faible,1220000,0,0,0,0,0,0,0,0,0.0,0.0,0.0
2023-03-13,2023,3,2023-W11,Atsimo-Atsinanana,-22.9,47.65,faible,1220000,0,0,0,0,0,0,0,0,0.0,0.0,0.0
2023-03-20,2023,3,2023-W12,Atsimo-Atsinanana,-22.9,47.65,faible,1220000,0,0,0,0,0,0,0,0,0.0,0.0,0.0
2023-03-27,2023,3,2023-W13,Atsimo-Atsinanana,-22.9,47.65,faible,1220000,0,0,0,0,0,0,0,0,0.0,0.0,0.0
2023-04-03,2023,4,2023-W14,Atsimo-Atsinanana,-22.9,47.65,faible,1220000,0,0,0,0,0,0,0,0,0.0,0.0,0.0
2023-04-10,2023,4,2023-W15,Atsimo-Atsinanana,-22.9,47.65,faible,1220000,0,0,0,0,0,0,0,0,0.0,0.0,0.0
2023-04-17,2023,4,2023-W16,Atsimo-Atsinanana,-22.9,47.65,faible,1220000,0,0,0,0,0,0,0,0,0.0,0.0,0.0
2023-04-24,2023,4,2023-W17,Atsimo-Atsinanana,-22.9,47.65,faible,1220000,0,0,0,0,0,0,0,0,0.0,0.0,0.0
2023-05-01,2023,5,2023-W18,Atsimo-Atsinanana,-22.9,47.65,faible,1220000,0,0,0,0,0,0,0,0,0.0,0.0,0.0
2023-05-08,2023,5,2023-W19,Atsimo-Atsinanana,-22.9,47.65,faible,1220000,0,0,0,0,0,0,0,0,0.0,0.0,0.0
2023-05-15,2023,5,2023-W20,Atsimo-Atsinanana,-22.9,47.65,faible,1220000,0,0,0,0,0,0,0,0,0.0,0.0,0.0
2023-05-22,2023,5,2023-W21,Atsimo-Atsinanana,-22.9,47.65,faible,1220000,0,0,0,0,0,0,0,0,0.0,0.0,0.0
2023-05-29,2023,5,2023-W22,Atsimo-Atsinanana,-22.9,47.65,faible,1220000,0,0,0,0,0,0,0,0,0.0,0.0,0.0
2023-06-05,2023,6,2023-W23,Atsimo-Atsinanana,-22.9,47.65,faible,1220000,0,0,0,0,0,0,0,0,0.0,0.0,0.0
2023-06-12,2023,6,2023-W24,Atsimo-Atsinanana,-22.9,47.65,faible,1220000,0,0,0,0,0,0,0,0,0.0,0.0,0.0
2023-06-19,2023,6,2023-W25,Atsimo-Atsinanana,-22.9,47.65,faible,1220000,0,0,0,0,0,0,0,0,0.0,0.0,0.0
2023-06-26,2023,6,2023-W26,Atsimo-Atsinanana,-22.9,47.65,faible,1220000,0,0,0,0,0,0,0,0,0.0,0.0,0.0
2023-07-03,2023,7,2023-W27,Atsimo-Atsinanana,-22.9,47.65,faible,1220000,0,0,0,0,0,0,0,0,0.0,0.0,0.0
2023-07-10,2023,7,2023-W28,Atsimo-Atsinanana,-22.9,47.65,faible,1220000,0,0,0,0,0,0,0,0,0.0,0.0,0.0
2023-07-17,2023,7,2023-W29,Atsimo-Atsinanana,-22.9,47.65,faible,1220000,0,0,0,0,0,0,0,0,0.0,0.0,0.0
2023-07-24,2023,7,2023-W30,Atsimo-Atsinanana,-22.9,47.65,faible,1220000,0,0,0,0,0,0,0,0,0.0,0.0,0.0
2023-07-31,2023,7,2023-W31,Atsimo-Atsinanana,-22.9,47.65,faible,1220000,0,0,0,0,0,0,0,0,0.0,0.0,0.0
2023-08-07,2023,8,2023-W32,Atsimo-Atsinanana,-22.9,47.65,faible,1220000,0,0,0,0,0,0,0,0,0.0,0.0,0.0
2023-08-14,2023,8,2023-W33,Atsimo-Atsinanana,-22.9,47.65,faible,1220000,0,0,0,0,0,0,0,0,0.0,0.0,0.0
2023-08-21,2023,8,2023-W34,Atsimo-Atsinanana,-22.9,47.65,faible,1220000,0,0,0,0,0,0,0,0,0.0,0.0,0.0
2023-08-28,2023,8,2023-W35,Atsimo-Atsinanana,-22.9,47.65,faible,1220000,0,0,0,0,0,0,0,0,0.0,0.0,0.0
2023-09-04,2023,9,2023-W36,Atsimo-Atsinanana,-22.9,47.65,faible,1220000,0,0,0,0,0,0,0,0,0.0,0.0,0.0
2023-09-11,2023,9,2023-W37,Atsimo-Atsinanana,-22.9,47.65,faible,1220000,0,0,0,0,0,0,0,0,0.0,0.0,0.0
2023-09-18,2023,9,2023-W38,Atsimo-Atsinanana,-22.9,47.65,faible,1220000,0,0,0,0,0,0,0,0,0.0,0.0,0.0
2023-09-25,2023,9,2023-W39,Atsimo-Atsinanana,-22.9,47.65,faible,1220000,0,0,0,0,0,0,0,0,0.0,0.0,0.0
2023-10-02,2023,10,2023-W40,Atsimo-Atsinanana,-22.9,47.65,faible,1220000,0,0,0,0,0,0,0,0,0.0,0.0,0.0
2023-10-09,2023,10,2023-W41,Atsimo-Atsinanana,-22.9,47.65,faible,1220000,0,0,0,0,0,0,0,0,0.0,0.0,0.0
2023-10-16,2023,10,2023-W42,Atsimo-Atsinanana,-22.9,47.65,faible,1220000,0,0,0,0,0,0,0,0,0.0,0.0,0.0
2023-10-23,2023,10,2023-W43,Atsimo-Atsinanana,-22.9,47.65,faible,1220000,0,0,0,0,0,0,0,0,0.0,0.0,0.0
2023-10-30,2023,10,2023-W44,Atsimo-Atsinanana,-22.9,47.65,faible,1220000,0,0,0,0,0,0,0,0,0.0,0.0,0.0
2023-11-06,2023,11,2023-W45,Atsimo-Atsinanana,-22.9,47.65,faible,1220000,0,0,0,0,0,0,0,0,0.0,0.0,0.0
2023-11-13,2023,11,2023-W46,Atsimo-Atsinanana,-22.9,47.65,faible,1220000,0,0,0,0,0,0,0,0,0.0,0.0,0.0
2023-11-20,2023,11,2023-W47,Atsimo-Atsinanana,-22.9,47.65,faible,1220000,0,0,0,0,0,0,0,0,0.0,0.0,0.0
2023-11-27,2023,11,2023-W48,Atsimo-Atsinanana,-22.9,47.65,faible,1220000,0,0,0,0,0,0,0,0,0.0,0.0,0.0
2023-12-04,2023,12,2023-W49,Atsimo-Atsinanana,-22.9,47.65,faible,1220000,0,0,0,0,0,0,0,0,0.0,0.0,0.0
2023-12-11,2023,12,2023-W50,Atsimo-Atsinanana,-22.9,47.65,faible,1220000,0,0,0,0,0,0,0,0,0.0,0.0,0.0
2023-12-18,2023,12,2023-W51,Atsimo-Atsinanana,-22.9,47.65,faible,1220000,0,0,0,0,0,0,0,0,0.0,0.0,0.0
2023-12-25,2023,12,2023-W52,Atsimo-Atsinanana,-22.9,47.65,faible,1220000,0,0,0,0,0,0,0,0,0.0,0.0,0.0
2024-01-01,2024,1,2024-W01,Atsimo-Atsinanana,-22.9,47.65,faible,1220000,0,0,0,0,0,0,0,0,0.0,0.0,0.0
2024-01-08,2024,1,2024-W02,Atsimo-Atsinanana,-22.9,47.65,faible,1220000,0,0,0,0,0,0,0,0,0.0,0.0,0.0
2024-01-15,2024,1,2024-W03,Atsimo-Atsinanana,-22.9,47.65,faible,1220000,0,0,0,0,0,0,0,0,0.0,0.0,0.0
2024-01-22,2024,1,2024-W04,Atsimo-Atsinanana,-22.9,47.65,faible,1220000,0,0,0,0,0,0,0,0,0.0,0.0,0.0
2024-01-29,2024,1,2024-W05,Atsimo-Atsinanana,-22.9,47.65,faible,1220000,0,0,0,0,0,0,0,0,0.0,0.0,0.0
2024-02-05,2024,2,2024-W06,Atsimo-Atsinanana,-22.9,47.65,faible,1220000,0,0,0,0,0,0,0,0,0.0,0.0,0.0
2024-02-12,2024,2,2024-W07,Atsimo-Atsinanana,-22.9,47.65,faible,1220000,0,0,0,0,0,0,0,0,0.0,0.0,0.0
2024-02-19,2024,2,2024-W08,Atsimo-Atsinanana,-22.9,47.65,faible,1220000,0,0,0,0,0,0,0,0,0.0,0.0,0.0
2024-02-26,2024,2,2024-W09,Atsimo-Atsinanana,-22.9,47.65,faible,1220000,0,0,0,0,0,0,0,0,0.0,0.0,0.0
2024-03-04,2024,3,2024-W10,Atsimo-Atsinanana,-22.9,47.65,faible,1220000,0,0,0,0,0,0,0,0,0.0,0.0,0.0
2024-03-11,2024,3,2024-W11,Atsimo-Atsinanana,-22.9,47.65,faible,1220000,0,0,0,0,0,0,0,0,0.0,0.0,0.0
2024-03-18,2024,3,2024-W12,Atsimo-Atsinanana,-22.9,47.65,faible,1220000,0,0,0,0,0,0,0,0,0.0,0.0,0.0
2024-03-25,2024,3,2024-W13,Atsimo-Atsinanana,-22.9,47.65,faible,1220000,0,0,0,0,0,0,0,0,0.0,0.0,0.0
2024-04-01,2024,4,2024-W14,Atsimo-Atsinanana,-22.9,47.65,faible,1220000,0,0,0,0,0,0,0,0,0.0,0.0,0.0
2024-04-08,2024,4,2024-W15,Atsimo-Atsinanana,-22.9,47.65,faible,1220000,0,0,0,0,0,0,0,0,0.0,0.0,0.0
2024-04-15,2024,4,2024-W16,Atsimo-Atsinanana,-22.9,47.65,faible,1220000,0,0,0,0,0,0,0,0,0.0,0.0,0.0
2024-04-22,2024,4,2024-W17,Atsimo-Atsinanana,-22.9,47.65,faible,1220000,0,0,0,0,0,0,0,0,0.0,0.0,0.0
2024-04-29,2024,4,2024-W18,Atsimo-Atsinanana,-22.9,47.65,faible,1220000,0,0,0,0,0,0,0,0,0.0,0.0,0.0
2024-05-06,2024,5,2024-W19,Atsimo-Atsinanana,-22.9,47.65,faible,1220000,0,0,0,0,0,0,0,0,0.0,0.0,0.0
2024-05-13,2024,5,2024-W20,Atsimo-Atsinanana,-22.9,47.65,faible,1220000,0,0,0,0,0,0,0,0,0.0,0.0,0.0
2024-05-20,2024,5,2024-W21,Atsimo-Atsinanana,-22.9,47.65,faible,1220000,0,0,0,0,0,0,0,0,0.0,0.0,0.0
2024-05-27,2024,5,2024-W22,Atsimo-Atsinanana,-22.9,47.65,faible,1220000,0,0,0,0,0,0,0,0,0.0,0.0,0.0
2024-06-03,2024,6,2024-W23,Atsimo-Atsinanana,-22.9,47.65,faible,1220000,0,0,0,0,0,0,0,0,0.0,0.0,0.0
2024-06-10,2024,6,2024-W24,Atsimo-Atsinanana,-22.9,47.65,faible,1220000,0,0,0,0,0,0,0,0,0.0,0.0,0.0
2024-06-17,2024,6,2024-W25,Atsimo-Atsinanana,-22.9,47.65,faible,1220000,0,0,0,0,0,0,0,0,0.0,0.0,0.0
2024-06-24,2024,6,2024-W26,Atsimo-Atsinanana,-22.9,47.65,faible,1220000,0,0,0,0,0,0,0,0,0.0,0.0,0.0
2024-07-01,2024,7,2024-W27,Atsimo-Atsinanana,-22.9,47.65,faible,1220000,0,0,0,0,0,0,0,0,0.0,0.0,0.0
2024-07-08,2024,7,2024-W28,Atsimo-Atsinanana,-22.9,47.65,faible,1220000,0,0,0,0,0,0,0,0,0.0,0.0,0.0
2024-07-15,2024,7,2024-W29,Atsimo-Atsinanana,-22.9,47.65,faible,1220000,0,0,0,0,0,0,0,0,0.0,0.0,0.0
2024-07-22,2024,7,2024-W30,Atsimo-Atsinanana,-22.9,47.65,faible,1220000,0,0,0,0,0,0,0,0,0.0,0.0,0.0
2024-07-29,2024,7,2024-W31,Atsimo-Atsinanana,-22.9,47.65,faible,1220000,0,0,0,0,0,0,0,0,0.0,0.0,0.0
2024-08-05,2024,8,2024-W32,Atsimo-Atsinanana,-22.9,47.65,faible,1220000,0,0,0,0,0,0,0,0,0.0,0.0,0.0
2024-08-12,2024,8,2024-W33,Atsimo-Atsinanana,-22.9,47.65,faible,1220000,0,0,0,0,0,0,0,0,0.0,0.0,0.0
2024-08-19,2024,8,2024-W34,Atsimo-Atsinanana,-22.9,47.65,faible,1220000,0,0,0,0,0,0,0,0,0.0,0.0,0.0
2024-08-26,2024,8,2024-W35,Atsimo-Atsinanana,-22.9,47.65,faible,1220000,0,0,0,0,0,0,0,0,0.0,0.0,0.0
2024-09-02,2024,9,2024-W36,Atsimo-Atsinanana,-22.9,47.65,faible,1220000,0,0,0,0,0,0,0,0,0.0,0.0,0.0
2024-09-09,2024,9,2024-W37,Atsimo-Atsinanana,-22.9,47.65,faible,1220000,0,0,0,0,0,0,0,0,0.0,0.0,0.0
2024-09-16,2024,9,2024-W38,Atsimo-Atsinanana,-22.9,47.65,faible,1220000,0,0,0,0,0,0,0,0,0.0,0.0,0.0
2024-09-23,2024,9,2024-W39,Atsimo-Atsinanana,-22.9,47.65,faible,1220000,0,0,0,0,0,0,0,0,0.0,0.0,0.0
2024-09-30,2024,9,2024-W40,Atsimo-Atsinanana,-22.9,47.65,faible,1220000,0,0,0,0,0,0,0,0,0.0,0.0,0.0
2024-10-07,2024,10,2024-W41,Atsimo-Atsinanana,-22.9,47.65,faible,1220000,0,0,0,0,0,0,0,0,0.0,0.0,0.0
2024-10-14,2024,10,2024-W42,Atsimo-Atsinanana,-22.9,47.65,faible,1220000,0,0,0,0,0,0,0,0,0.0,0.0,0.0
2024-10-21,2024,10,2024-W43,Atsimo-Atsinanana,-22.9,47.65,faible,1220000,0,0,0,0,0,0,0,0,0.0,0.0,0.0
2024-10-28,2024,10,2024-W44,Atsimo-Atsinanana,-22.9,47.65,faible,1220000,0,0,0,0,0,0,0,0,0.0,0.0,0.0
2024-11-04,2024,11,2024-W45,Atsimo-Atsinanana,-22.9,47.65,faible,1220000,0,0,0,0,0,0,0,0,0.0,0.0,0.0
2024-11-11,2024,11,2024-W46,Atsimo-Atsinanana,-22.9,47.65,faible,1220000,0,0,0,0,0,0,0,0,0.0,0.0,0.0
2024-11-18,2024,11,2024-W47,Atsimo-Atsinanana,-22.9,47.65,faible,1220000,0,0,0,0,0,0,0,0,0.0,0.0,0.0
2024-11-25,2024,11,2024-W48,Atsimo-Atsinanana,-22.9,47.65,faible,1220000,0,0,0,0,0,0,0,0,0.0,0.0,0.0
2024-12-02,2024,12,2024-W49,Atsimo-Atsinanana,-22.9,47.65,faible,1220000,0,0,0,0,0,0,0,0,0.0,0.0,0.0
2024-12-09,2024,12,2024-W50,Atsimo-Atsinanana,-22.9,47.65,faible,1220000,0,0,0,0,0,0,0,0,0.0,0.0,0.0
2024-12-16,2024,12,2024-W51,Atsimo-Atsinanana,-22.9,47.65,faible,1220000,0,0,0,0,0,0,0,0,0.0,0.0,0.0
2024-12-23,2024,12,2024-W52,Atsimo-Atsinanana,-22.9,47.65,faible,1220000,0,0,0,0,0,0,0,0,0.0,0.0,0.0
2024-12-30,2024,12,2025-W01,Atsimo-Atsinanana,-22.9,47.65,faible,1220000,0,0,0,0,0,0,0,0,0.0,0.0,0.0
2025-01-06,2025,1,2025-W02,Atsimo-Atsinanana,-22.9,47.65,faible,1220000,0,0,0,0,0,0,0,0,0.0,0.0,0.0
2025-01-13,2025,1,2025-W03,Atsimo-Atsinanana,-22.9,47.65,faible,1220000,0,0,0,0,0,0,0,0,0.0,0.0,0.0
2025-01-20,2025,1,2025-W04,Atsimo-Atsinanana,-22.9,47.65,faible,1220000,0,0,0,0,0,0,0,0,0.0,0.0,0.0
2025-01-27,2025,1,2025-W05,Atsimo-Atsinanana,-22.9,47.65,faible,1220000,0,0,0,0,0,0,0,0,0.0,0.0,0.0
2025-02-03,2025,2,2025-W06,Atsimo-Atsinanana,-22.9,47.65,faible,1220000,0,0,0,0,0,0,0,0,0.0,0.0,0.0
2025-02-10,2025,2,2025-W07,Atsimo-Atsinanana,-22.9,47.65,faible,1220000,0,0,0,0,0,0,0,0,0.0,0.0,0.0
2025-02-17,2025,2,2025-W08,Atsimo-Atsinanana,-22.9,47.65,faible,1220000,0,0,0,0,0,0,0,0,0.0,0.0,0.0
2025-02-24,2025,2,2025-W09,Atsimo-Atsinanana,-22.9,47.65,faible,1220000,0,0,0,0,0,0,0,0,0.0,0.0,0.0
2025-03-03,2025,3,2025-W10,Atsimo-Atsinanana,-22.9,47.65,faible,1220000,0,0,0,0,0,0,0,0,0.0,0.0,0.0
2025-03-10,2025,3,2025-W11,Atsimo-Atsinanana,-22.9,47.65,faible,1220000,0,0,0,0,0,0,0,0,0.0,0.0,0.0
2025-03-17,2025,3,2025-W12,Atsimo-Atsinanana,-22.9,47.65,faible,1220000,0,0,0,0,0,0,0,0,0.0,0.0,0.0
2025-03-24,2025,3,2025-W13,Atsimo-Atsinanana,-22.9,47.65,faible,1220000,0,0,0,0,0,0,0,0,0.0,0.0,0.0
2025-03-31,2025,3,2025-W14,Atsimo-Atsinanana,-22.9,47.65,faible,1220000,0,0,0,0,0,0,0,0,0.0,0.0,0.0
2025-04-07,2025,4,2025-W15,Atsimo-Atsinanana,-22.9,47.65,faible,1220000,0,0,0,0,0,0,0,0,0.0,0.0,0.0
2025-04-14,2025,4,2025-W16,Atsimo-Atsinanana,-22.9,47.65,faible,1220000,0,0,0,0,0,0,0,0,0.0,0.0,0.0
2025-04-21,2025,4,2025-W17,Atsimo-Atsinanana,-22.9,47.65,faible,1220000,0,0,0,0,0,0,0,0,0.0,0.0,0.0
2025-04-28,2025,4,2025-W18,Atsimo-Atsinanana,-22.9,47.65,faible,1220000,0,0,0,0,0,0,0,0,0.0,0.0,0.0
2025-05-05,2025,5,2025-W19,Atsimo-Atsinanana,-22.9,47.65,faible,1220000,0,0,0,0,0,0,0,0,0.0,0.0,0.0
2025-05-12,2025,5,2025-W20,Atsimo-Atsinanana,-22.9,47.65,faible,1220000,0,0,0,0,0,0,0,0,0.0,0.0,0.0
2025-05-19,2025,5,2025-W21,Atsimo-Atsinanana,-22.9,47.65,faible,1220000,0,0,0,0,0,0,0,0,0.0,0.0,0.0
2025-05-26,2025,5,2025-W22,Atsimo-Atsinanana,-22.9,47.65,faible,1220000,0,0,0,0,0,0,0,0,0.0,0.0,0.0
2025-06-02,2025,6,2025-W23,Atsimo-Atsinanana,-22.9,47.65,faible,1220000,0,0,0,0,0,0,0,0,0.0,0.0,0.0
2025-06-09,2025,6,2025-W24,Atsimo-Atsinanana,-22.9,47.65,faible,1220000,0,0,0,0,0,0,0,0,0.0,0.0,0.0
2025-06-16,2025,6,2025-W25,Atsimo-Atsinanana,-22.9,47.65,faible,1220000,0,0,0,0,0,0,0,0,0.0,0.0,0.0
2025-06-23,2025,6,2025-W26,Atsimo-Atsinanana,-22.9,47.65,faible,1220000,0,0,0,0,0,0,0,0,0.0,0.0,0.0
2025-06-30,2025,6,2025-W27,Atsimo-Atsinanana,-22.9,47.65,faible,1220000,0,0,0,0,0,0,0,0,0.0,0.0,0.0
2025-07-07,2025,7,2025-W28,Atsimo-Atsinanana,-22.9,47.65,faible,1220000,0,0,0,0,0,0,0,0,0.0,0.0,0.0
2025-07-14,2025,7,2025-W29,Atsimo-Atsinanana,-22.9,47.65,faible,1220000,0,0,0,0,0,0,0,0,0.0,0.0,0.0
2025-07-21,2025,7,2025-W30,Atsimo-Atsinanana,-22.9,47.65,faible,1220000,0,0,0,0,0,0,0,0,0.0,0.0,0.0
2025-07-28,2025,7,2025-W31,Atsimo-Atsinanana,-22.9,47.65,faible,1220000,0,0,0,0,0,0,0,0,0.0,0.0,0.0
2025-08-04,2025,8,2025-W32,Atsimo-Atsinanana,-22.9,47.65,faible,1220000,0,0,0,0,0,0,0,0,0.0,0.0,0.0
2025-08-11,2025,8,2025-W33,Atsimo-Atsinanana,-22.9,47.65,faible,1220000,0,0,0,0,0,0,0,0,0.0,0.0,0.0
2025-08-18,2025,8,2025-W34,Atsimo-Atsinanana,-22.9,47.65,faible,1220000,0,0,0,0,0,0,0,0,0.0,0.0,0.0
2025-08-25,2025,8,2025-W35,Atsimo-Atsinanana,-22.9,47.65,faible,1220000,0,0,0,0,0,0,0,0,0.0,0.0,0.0
2025-09-01,2025,9,2025-W36,Atsimo-Atsinanana,-22.9,47.65,faible,1220000,0,0,0,0,0,0,0,0,0.0,0.0,0.0
2025-09-08,2025,9,2025-W37,Atsimo-Atsinanana,-22.9,47.65,faible,1220000,0,0,0,0,0,0,0,0,0.0,0.0,0.0
2025-09-15,2025,9,2025-W38,Atsimo-Atsinanana,-22.9,47.65,faible,1220000,0,0,0,0,0,0,0,0,0.0,0.0,0.0
2025-09-22,2025,9,2025-W39,Atsimo-Atsinanana,-22.9,47.65,faible,1220000,0,0,0,0,0,0,0,0,0.0,0.0,0.0
2025-09-29,2025,9,2025-W40,Atsimo-Atsinanana,-22.9,47.65,faible,1220000,0,0,0,0,0,0,0,0,0.0,0.0,0.0
2025-10-06,2025,10,2025-W41,Atsimo-Atsinanana,-22.9,47.65,faible,1220000,0,0,0,0,0,0,0,0,0.0,0.0,0.0
2025-10-13,2025,10,2025-W42,Atsimo-Atsinanana,-22.9,47.65,faible,1220000,0,0,0,0,0,0,0,0,0.0,0.0,0.0
2025-10-20,2025,10,2025-W43,Atsimo-Atsinanana,-22.9,47.65,faible,1220000,0,0,0,0,0,0,0,0,0.0,0.0,0.0
2025-10-27,2025,10,2025-W44,Atsimo-Atsinanana,-22.9,47.65,faible,1220000,0,0,0,0,0,0,0,0,0.0,0.0,0.0
2025-11-03,2025,11,2025-W45,Atsimo-Atsinanana,-22.9,47.65,faible,1220000,0,0,0,0,0,0,0,0,0.0,0.0,0.0
2025-11-10,2025,11,2025-W46,Atsimo-Atsinanana,-22.9,47.65,faible,1220000,0,0,0,0,0,0,0,0,0.0,0.0,0.0
2025-11-17,2025,11,2025-W47,Atsimo-Atsinanana,-22.9,47.65,faible,1220000,0,0,0,0,0,0,0,0,0.0,0.0,0.0
2025-11-24,2025,11,2025-W48,Atsimo-Atsinanana,-22.9,47.65,faible,1220000,0,0,0,0,0,0,0,0,0.0,0.0,0.0
2025-12-01,2025,12,2025-W49,Atsimo-Atsinanana,-22.9,47.65,faible,1220000,0,0,0,0,0,0,0,0,0.0,0.0,0.0
2025-12-08,2025,12,2025-W50,Atsimo-Atsinanana,-22.9,47.65,faible,1220000,0,0,0,0,0,0,0,0,0.0,0.0,0.0
2025-12-15,2025,12,2025-W51,Atsimo-Atsinanana,-22.9,47.65,faible,1220000,0,0,0,0,0,0,0,0,0.0,0.0,0.0
2025-12-22,2025,12,2025-W52,Atsimo-Atsinanana,-22.9,47.65,faible,1220000,0,0,0,0,0,0,0,0,0.0,0.0,0.0
2025-12-29,2025,12,2026-W01,Atsimo-Atsinanana,-22.9,47.65,faible,1220000,0,0,0,0,0,0,0,0,0.0,0.0,0.0
2026-01-05,2026,1,2026-W02,Atsimo-Atsinanana,-22.9,47.65,faible,1220000,0,0,0,0,0,0,0,0,0.0,0.0,0.0
2026-01-12,2026,1,2026-W03,Atsimo-Atsinanana,-22.9,47.65,faible,1220000,0,0,0,0,0,0,0,0,0.0,0.0,0.0
2026-01-19,2026,1,2026-W04,Atsimo-Atsinanana,-22.9,47.65,faible,1220000,0,0,0,0,0,0,0,0,0.0,0.0,0.0
2026-01-26,2026,1,2026-W05,Atsimo-Atsinanana,-22.9,47.65,faible,1220000,0,0,0,0,0,0,0,0,0.0,0.0,0.0
2026-02-02,2026,2,2026-W06,Atsimo-Atsinanana,-22.9,47.65,faible,1220000,0,0,0,0,0,0,0,0,0.0,0.0,0.0
2026-02-09,2026,2,2026-W07,Atsimo-Atsinanana,-22.9,47.65,faible,1220000,0,0,0,0,0,0,0,0,0.0,0.0,0.0
2026-02-16,2026,2,2026-W08,Atsimo-Atsinanana,-22.9,47.65,faible,1220000,0,0,0,0,0,0,0,0,0.0,0.0,0.0
2026-02-23,2026,2,2026-W09,Atsimo-Atsinanana,-22.9,47.65,faible,1220000,0,0,0,0,0,0,0,0,0.0,0.0,0.0
2026-03-02,2026,3,2026-W10,Atsimo-Atsinanana,-22.9,47.65,faible,1220000,0,0,0,0,0,0,0,0,0.0,0.0,0.0
2026-03-09,2026,3,2026-W11,Atsimo-Atsinanana,-22.9,47.65,faible,1220000,0,0,0,0,0,0,0,0,0.0,0.0,0.0
2026-03-16,2026,3,2026-W12,Atsimo-Atsinanana,-22.9,47.65,faible,1220000,0,0,0,0,0,0,0,0,0.0,0.0,0.0
2026-03-23,2026,3,2026-W13,Atsimo-Atsinanana,-22.9,47.65,faible,1220000,0,0,0,0,0,0,0,0,0.0,0.0,0.0
2026-03-30,2026,3,2026-W14,Atsimo-Atsinanana,-22.9,47.65,faible,1220000,0,0,0,0,0,0,0,0,0.0,0.0,0.0
2026-04-06,2026,4,2026-W15,Atsimo-Atsinanana,-22.9,47.65,faible,1220000,0,0,0,0,0,0,0,0,0.0,0.0,0.0
2026-04-13,2026,4,2026-W16,Atsimo-Atsinanana,-22.9,47.65,faible,1220000,0,0,0,0,0,0,0,0,0.0,0.0,0.0
2026-04-20,2026,4,2026-W17,Atsimo-Atsinanana,-22.9,47.65,faible,1220000,0,0,0,0,0,0,0,0,0.0,0.0,0.0
2026-04-27,2026,4,2026-W18,Atsimo-Atsinanana,-22.9,47.65,faible,1220000,0,0,0,0,0,0,0,0,0.0,0.0,0.0
2026-05-04,2026,5,2026-W19,Atsimo-Atsinanana,-22.9,47.65,faible,1220000,0,0,0,0,0,0,0,0,0.0,0.0,0.0
2026-05-11,2026,5,2026-W20,Atsimo-Atsinanana,-22.9,47.65,faible,1220000,0,0,0,0,0,0,0,0,0.0,0.0,0.0
2026-05-18,2026,5,2026-W21,Atsimo-Atsinanana,-22.9,47.65,faible,1220000,0,0,0,0,0,0,0,0,0.0,0.0,0.0
2026-05-25,2026,5,2026-W22,Atsimo-Atsinanana,-22.9,47.65,faible,1220000,0,0,0,0,0,0,0,0,0.0,0.0,0.0
2026-06-01,2026,6,2026-W23,Atsimo-Atsinanana,-22.9,47.65,faible,1220000,0,0,0,0,0,0,0,0,0.0,0.0,0.0
2026-06-08,2026,6,2026-W24,Atsimo-Atsinanana,-22.9,47.65,faible,1220000,0,0,0,0,0,0,0,0,0.0,0.0,0.0
2026-06-15,2026,6,2026-W25,Atsimo-Atsinanana,-22.9,47.65,faible,1220000,0,0,0,0,0,0,0,0,0.0,0.0,0.0
2026-06-22,2026,6,2026-W26,Atsimo-Atsinanana,-22.9,47.65,faible,1220000,0,0,0,0,0,0,0,0,0.0,0.0,0.0
2026-06-29,2026,6,2026-W27,Atsimo-Atsinanana,-22.9,47.65,faible,1220000,0,0,0,0,0,0,0,0,0.0,0.0,0.0
2026-07-06,2026,7,2026-W28,Atsimo-Atsinanana,-22.9,47.65,faible,1220000,0,0,0,0,0,0,0,0,0.0,0.0,0.0
2026-07-13,2026,7,2026-W29,Atsimo-Atsinanana,-22.9,47.65,faible,1220000,0,0,0,0,0,0,0,0,0.0,0.0,0.0
2026-07-20,2026,7,2026-W30,Atsimo-Atsinanana,-22.9,47.65,faible,1220000,0,0,0,0,0,0,0,0,0.0,0.0,0.0
2026-07-27,2026,7,2026-W31,Atsimo-Atsinanana,-22.9,47.65,faible,1220000,0,0,0,0,0,0,0,0,0.0,0.0,0.0
2020-01-06,2020,1,2020-W02,Fitovinany,-21.45,47.6167,faible,1011279,0,0,0,0,0,0,0,0,0.0,0.0,0.0
2020-01-13,2020,1,2020-W03,Fitovinany,-21.45,47.6167,faible,1011279,0,0,0,0,0,0,0,0,0.0,0.0,0.0
2020-01-20,2020,1,2020-W04,Fitovinany,-21.45,47.6167,faible,1011279,0,0,0,0,0,0,0,0,0.0,0.0,0.0
2020-01-27,2020,1,2020-W05,Fitovinany,-21.45,47.6167,faible,1011279,0,0,0,0,0,0,0,0,0.0,0.0,0.0
2020-02-03,2020,2,2020-W06,Fitovinany,-21.45,47.6167,faible,1011279,0,0,0,0,0,0,0,0,0.0,0.0,0.0
2020-02-10,2020,2,2020-W07,Fitovinany,-21.45,47.6167,faible,1011279,0,0,0,0,0,0,0,0,0.0,0.0,0.0
2020-02-17,2020,2,2020-W08,Fitovinany,-21.45,47.6167,faible,1011279,0,0,0,0,0,0,0,0,0.0,0.0,0.0
2020-02-24,2020,2,2020-W09,Fitovinany,-21.45,47.6167,faible,1011279,0,0,0,0,0,0,0,0,0.0,0.0,0.0
2020-03-02,2020,3,2020-W10,Fitovinany,-21.45,47.6167,faible,1011279,0,0,0,0,0,0,0,0,0.0,0.0,0.0
2020-03-09,2020,3,2020-W11,Fitovinany,-21.45,47.6167,faible,1011279,0,0,0,0,0,0,0,0,0.0,0.0,0.0
2020-03-16,2020,3,2020-W12,Fitovinany,-21.45,47.6167,faible,1011279,0,0,0,0,0,0,0,0,0.0,0.0,0.0
2020-03-23,2020,3,2020-W13,Fitovinany,-21.45,47.6167,faible,1011279,0,0,0,0,0,0,0,0,0.0,0.0,0.0
2020-03-30,2020,3,2020-W14,Fitovinany,-21.45,47.6167,faible,1011279,0,0,0,0,0,0,0,0,0.0,0.0,0.0
2020-04-06,2020,4,2020-W15,Fitovinany,-21.45,47.6167,faible,1011279,0,0,0,0,0,0,0,0,0.0,0.0,0.0
2020-04-13,2020,4,2020-W16,Fitovinany,-21.45,47.6167,faible,1011279,0,0,0,0,0,0,0,0,0.0,0.0,0.0
2020-04-20,2020,4,2020-W17,Fitovinany,-21.45,47.6167,faible,1011279,0,0,0,0,0,0,0,0,0.0,0.0,0.0
2020-04-27,2020,4,2020-W18,Fitovinany,-21.45,47.6167,faible,1011279,0,0,0,0,0,0,0,0,0.0,0.0,0.0
2020-05-04,2020,5,2020-W19,Fitovinany,-21.45,47.6167,faible,1011279,0,0,0,0,0,0,0,0,0.0,0.0,0.0
2020-05-11,2020,5,2020-W20,Fitovinany,-21.45,47.6167,faible,1011279,0,0,0,0,0,0,0,0,0.0,0.0,0.0
2020-05-18,2020,5,2020-W21,Fitovinany,-21.45,47.6167,faible,1011279,0,0,0,0,0,0,0,0,0.0,0.0,0.0
2020-05-25,2020,5,2020-W22,Fitovinany,-21.45,47.6167,faible,1011279,0,0,0,0,0,0,0,0,0.0,0.0,0.0
2020-06-01,2020,6,2020-W23,Fitovinany,-21.45,47.6167,faible,1011279,0,0,0,0,0,0,0,0,0.0,0.0,0.0
2020-06-08,2020,6,2020-W24,Fitovinany,-21.45,47.6167,faible,1011279,0,0,0,0,0,0,0,0,0.0,0.0,0.0
2020-06-15,2020,6,2020-W25,Fitovinany,-21.45,47.6167,faible,1011279,0,0,0,0,0,0,0,0,0.0,0.0,0.0
2020-06-22,2020,6,2020-W26,Fitovinany,-21.45,47.6167,faible,1011279,0,0,0,0,0,0,0,0,0.0,0.0,0.0
2020-06-29,2020,6,2020-W27,Fitovinany,-21.45,47.6167,faible,1011279,0,0,0,0,0,0,0,0,0.0,0.0,0.0
2020-07-06,2020,7,2020-W28,Fitovinany,-21.45,47.6167,faible,1011279,0,0,0,0,0,0,0,0,0.0,0.0,0.0
2020-07-13,2020,7,2020-W29,Fitovinany,-21.45,47.6167,faible,1011279,0,0,0,0,0,0,0,0,0.0,0.0,0.0
2020-07-20,2020,7,2020-W30,Fitovinany,-21.45,47.6167,faible,1011279,0,0,0,0,0,0,0,0,0.0,0.0,0.0
2020-07-27,2020,7,2020-W31,Fitovinany,-21.45,47.6167,faible,1011279,0,0,0,0,0,0,0,0,0.0,0.0,0.0
2020-08-03,2020,8,2020-W32,Fitovinany,-21.45,47.6167,faible,1011279,0,0,0,0,0,0,0,0,0.0,0.0,0.0
2020-08-10,2020,8,2020-W33,Fitovinany,-21.45,47.6167,faible,1011279,0,0,0,0,0,0,0,0,0.0,0.0,0.0
2020-08-17,2020,8,2020-W34,Fitovinany,-21.45,47.6167,faible,1011279,0,0,0,0,0,0,0,0,0.0,0.0,0.0
2020-08-24,2020,8,2020-W35,Fitovinany,-21.45,47.6167,faible,1011279,0,0,0,0,0,0,0,0,0.0,0.0,0.0
2020-08-31,2020,8,2020-W36,Fitovinany,-21.45,47.6167,faible,1011279,0,0,0,0,0,0,0,0,0.0,0.0,0.0
2020-09-07,2020,9,2020-W37,Fitovinany,-21.45,47.6167,faible,1011279,0,0,0,0,0,0,0,0,0.0,0.0,0.0
2020-09-14,2020,9,2020-W38,Fitovinany,-21.45,47.6167,faible,1011279,0,0,0,0,0,0,0,0,0.0,0.0,0.0
2020-09-21,2020,9,2020-W39,Fitovinany,-21.45,47.6167,faible,1011279,0,0,0,0,0,0,0,0,0.0,0.0,0.0
2020-09-28,2020,9,2020-W40,Fitovinany,-21.45,47.6167,faible,1011279,0,0,0,0,0,0,0,0,0.0,0.0,0.0
2020-10-05,2020,10,2020-W41,Fitovinany,-21.45,47.6167,faible,1011279,0,0,0,0,0,0,0,0,0.0,0.0,0.0
2020-10-12,2020,10,2020-W42,Fitovinany,-21.45,47.6167,faible,1011279,0,0,0,0,0,0,0,0,0.0,0.0,0.0
2020-10-19,2020,10,2020-W43,Fitovinany,-21.45,47.6167,faible,1011279,0,0,0,0,0,0,0,0,0.0,0.0,0.0
2020-10-26,2020,10,2020-W44,Fitovinany,-21.45,47.6167,faible,1011279,0,0,0,0,0,0,0,0,0.0,0.0,0.0
2020-11-02,2020,11,2020-W45,Fitovinany,-21.45,47.6167,faible,1011279,0,0,0,0,0,0,0,0,0.0,0.0,0.0
2020-11-09,2020,11,2020-W46,Fitovinany,-21.45,47.6167,faible,1011279,0,0,0,0,0,0,0,0,0.0,0.0,0.0
2020-11-16,2020,11,2020-W47,Fitovinany,-21.45,47.6167,faible,1011279,0,0,0,0,0,0,0,0,0.0,0.0,0.0
2020-11-23,2020,11,2020-W48,Fitovinany,-21.45,47.6167,faible,1011279,0,0,0,0,0,0,0,0,0.0,0.0,0.0
2020-11-30,2020,11,2020-W49,Fitovinany,-21.45,47.6167,faible,1011279,0,0,0,0,0,0,0,0,0.0,0.0,0.0
2020-12-07,2020,12,2020-W50,Fitovinany,-21.45,47.6167,faible,1011279,0,0,0,0,0,0,0,0,0.0,0.0,0.0
2020-12-14,2020,12,2020-W51,Fitovinany,-21.45,47.6167,faible,1011279,0,0,0,0,0,0,0,0,0.0,0.0,0.0
2020-12-21,2020,12,2020-W52,Fitovinany,-21.45,47.6167,faible,1011279,0,0,0,0,0,0,0,0,0.0,0.0,0.0
2020-12-28,2020,12,2020-W53,Fitovinany,-21.45,47.6167,faible,1011279,0,0,0,0,0,0,0,0,0.0,0.0,0.0
2021-01-04,2021,1,2021-W01,Fitovinany,-21.45,47.6167,faible,1011279,0,0,0,0,0,0,0,0,0.0,0.0,0.0
2021-01-11,2021,1,2021-W02,Fitovinany,-21.45,47.6167,faible,1011279,0,0,0,0,0,0,0,0,0.0,0.0,0.0
2021-01-18,2021,1,2021-W03,Fitovinany,-21.45,47.6167,faible,1011279,0,0,0,0,0,0,0,0,0.0,0.0,0.0
2021-01-25,2021,1,2021-W04,Fitovinany,-21.45,47.6167,faible,1011279,0,0,0,0,0,0,0,0,0.0,0.0,0.0
2021-02-01,2021,2,2021-W05,Fitovinany,-21.45,47.6167,faible,1011279,0,0,0,0,0,0,0,0,0.0,0.0,0.0
2021-02-08,2021,2,2021-W06,Fitovinany,-21.45,47.6167,faible,1011279,0,0,0,0,0,0,0,0,0.0,0.0,0.0
2021-02-15,2021,2,2021-W07,Fitovinany,-21.45,47.6167,faible,1011279,0,0,0,0,0,0,0,0,0.0,0.0,0.0
2021-02-22,2021,2,2021-W08,Fitovinany,-21.45,47.6167,faible,1011279,0,0,0,0,0,0,0,0,0.0,0.0,0.0
2021-03-01,2021,3,2021-W09,Fitovinany,-21.45,47.6167,faible,1011279,0,0,0,0,0,0,0,0,0.0,0.0,0.0
2021-03-08,2021,3,2021-W10,Fitovinany,-21.45,47.6167,faible,1011279,0,0,0,0,0,0,0,0,0.0,0.0,0.0
2021-03-15,2021,3,2021-W11,Fitovinany,-21.45,47.6167,faible,1011279,0,0,0,0,0,0,0,0,0.0,0.0,0.0
2021-03-22,2021,3,2021-W12,Fitovinany,-21.45,47.6167,faible,1011279,0,0,0,0,0,0,0,0,0.0,0.0,0.0
2021-03-29,2021,3,2021-W13,Fitovinany,-21.45,47.6167,faible,1011279,0,0,0,0,0,0,0,0,0.0,0.0,0.0
2021-04-05,2021,4,2021-W14,Fitovinany,-21.45,47.6167,faible,1011279,0,0,0,0,0,0,0,0,0.0,0.0,0.0
2021-04-12,2021,4,2021-W15,Fitovinany,-21.45,47.6167,faible,1011279,0,0,0,0,0,0,0,0,0.0,0.0,0.0
2021-04-19,2021,4,2021-W16,Fitovinany,-21.45,47.6167,faible,1011279,0,0,0,0,0,0,0,0,0.0,0.0,0.0
2021-04-26,2021,4,2021-W17,Fitovinany,-21.45,47.6167,faible,1011279,0,0,0,0,0,0,0,0,0.0,0.0,0.0
2021-05-03,2021,5,2021-W18,Fitovinany,-21.45,47.6167,faible,1011279,0,0,0,0,0,0,0,0,0.0,0.0,0.0
2021-05-10,2021,5,2021-W19,Fitovinany,-21.45,47.6167,faible,1011279,0,0,0,0,0,0,0,0,0.0,0.0,0.0
2021-05-17,2021,5,2021-W20,Fitovinany,-21.45,47.6167,faible,1011279,0,0,0,0,0,0,0,0,0.0,0.0,0.0
2021-05-24,2021,5,2021-W21,Fitovinany,-21.45,47.6167,faible,1011279,0,0,0,0,0,0,0,0,0.0,0.0,0.0
2021-05-31,2021,5,2021-W22,Fitovinany,-21.45,47.6167,faible,1011279,0,0,0,0,0,0,0,0,0.0,0.0,0.0
2021-06-07,2021,6,2021-W23,Fitovinany,-21.45,47.6167,faible,1011279,0,0,0,0,0,0,0,0,0.0,0.0,0.0
2021-06-14,2021,6,2021-W24,Fitovinany,-21.45,47.6167,faible,1011279,0,0,0,0,0,0,0,0,0.0,0.0,0.0
2021-06-21,2021,6,2021-W25,Fitovinany,-21.45,47.6167,faible,1011279,0,0,0,0,0,0,0,0,0.0,0.0,0.0
2021-06-28,2021,6,2021-W26,Fitovinany,-21.45,47.6167,faible,1011279,0,0,0,0,0,0,0,0,0.0,0.0,0.0
2021-07-05,2021,7,2021-W27,Fitovinany,-21.45,47.6167,faible,1011279,0,0,0,0,0,0,0,0,0.0,0.0,0.0
2021-07-12,2021,7,2021-W28,Fitovinany,-21.45,47.6167,faible,1011279,0,0,0,0,0,0,0,0,0.0,0.0,0.0
2021-07-19,2021,7,2021-W29,Fitovinany,-21.45,47.6167,faible,1011279,0,0,0,0,0,0,0,0,0.0,0.0,0.0
2021-07-26,2021,7,2021-W30,Fitovinany,-21.45,47.6167,faible,1011279,0,0,0,0,0,0,0,0,0.0,0.0,0.0
2021-08-02,2021,8,2021-W31,Fitovinany,-21.45,47.6167,faible,1011279,0,0,0,0,0,0,0,0,0.0,0.0,0.0
2021-08-09,2021,8,2021-W32,Fitovinany,-21.45,47.6167,faible,1011279,0,0,0,0,0,0,0,0,0.0,0.0,0.0
2021-08-16,2021,8,2021-W33,Fitovinany,-21.45,47.6167,faible,1011279,0,0,0,0,0,0,0,0,0.0,0.0,0.0
2021-08-23,2021,8,2021-W34,Fitovinany,-21.45,47.6167,faible,1011279,0,0,0,0,0,0,0,0,0.0,0.0,0.0
2021-08-30,2021,8,2021-W35,Fitovinany,-21.45,47.6167,faible,1011279,0,0,0,0,0,0,0,0,0.0,0.0,0.0
2021-09-06,2021,9,2021-W36,Fitovinany,-21.45,47.6167,faible,1011279,0,0,0,0,0,0,0,0,0.0,0.0,0.0
2021-09-13,2021,9,2021-W37,Fitovinany,-21.45,47.6167,faible,1011279,0,0,0,0,0,0,0,0,0.0,0.0,0.0
2021-09-20,2021,9,2021-W38,Fitovinany,-21.45,47.6167,faible,1011279,0,0,0,0,0,0,0,0,0.0,0.0,0.0
2021-09-27,2021,9,2021-W39,Fitovinany,-21.45,47.6167,faible,1011279,0,0,0,0,0,0,0,0,0.0,0.0,0.0
2021-10-04,2021,10,2021-W40,Fitovinany,-21.45,47.6167,faible,1011279,0,0,0,0,0,0,0,0,0.0,0.0,0.0
2021-10-11,2021,10,2021-W41,Fitovinany,-21.45,47.6167,faible,1011279,0,0,0,0,0,0,0,0,0.0,0.0,0.0
2021-10-18,2021,10,2021-W42,Fitovinany,-21.45,47.6167,faible,1011279,0,0,0,0,0,0,0,0,0.0,0.0,0.0
2021-10-25,2021,10,2021-W43,Fitovinany,-21.45,47.6167,faible,1011279,0,0,0,0,0,0,0,0,0.0,0.0,0.0
2021-11-01,2021,11,2021-W44,Fitovinany,-21.45,47.6167,faible,1011279,0,0,0,0,0,0,0,0,0.0,0.0,0.0
2021-11-08,2021,11,2021-W45,Fitovinany,-21.45,47.6167,faible,1011279,0,0,0,0,0,0,0,0,0.0,0.0,0.0
2021-11-15,2021,11,2021-W46,Fitovinany,-21.45,47.6167,faible,1011279,0,0,0,0,0,0,0,0,0.0,0.0,0.0
2021-11-22,2021,11,2021-W47,Fitovinany,-21.45,47.6167,faible,1011279,0,0,0,0,0,0,0,0,0.0,0.0,0.0
2021-11-29,2021,11,2021-W48,Fitovinany,-21.45,47.6167,faible,1011279,0,0,0,0,0,0,0,0,0.0,0.0,0.0
2021-12-06,2021,12,2021-W49,Fitovinany,-21.45,47.6167,faible,1011279,0,0,0,0,0,0,0,0,0.0,0.0,0.0
2021-12-13,2021,12,2021-W50,Fitovinany,-21.45,47.6167,faible,1011279,0,0,0,0,0,0,0,0,0.0,0.0,0.0
2021-12-20,2021,12,2021-W51,Fitovinany,-21.45,47.6167,faible,1011279,0,0,0,0,0,0,0,0,0.0,0.0,0.0
2021-12-27,2021,12,2021-W52,Fitovinany,-21.45,47.6167,faible,1011279,0,0,0,0,0,0,0,0,0.0,0.0,0.0
2022-01-03,2022,1,2022-W01,Fitovinany,-21.45,47.6167,faible,1011279,0,0,0,0,0,0,0,0,0.0,0.0,0.0
2022-01-10,2022,1,2022-W02,Fitovinany,-21.45,47.6167,faible,1011279,0,0,0,0,0,0,0,0,0.0,0.0,0.0
2022-01-17,2022,1,2022-W03,Fitovinany,-21.45,47.6167,faible,1011279,0,0,0,0,0,0,0,0,0.0,0.0,0.0
2022-01-24,2022,1,2022-W04,Fitovinany,-21.45,47.6167,faible,1011279,0,0,0,0,0,0,0,0,0.0,0.0,0.0
2022-01-31,2022,1,2022-W05,Fitovinany,-21.45,47.6167,faible,1011279,0,0,0,0,0,0,0,0,0.0,0.0,0.0
2022-02-07,2022,2,2022-W06,Fitovinany,-21.45,47.6167,faible,1011279,0,0,0,0,0,0,0,0,0.0,0.0,0.0
2022-02-14,2022,2,2022-W07,Fitovinany,-21.45,47.6167,faible,1011279,0,0,0,0,0,0,0,0,0.0,0.0,0.0
2022-02-21,2022,2,2022-W08,Fitovinany,-21.45,47.6167,faible,1011279,0,0,0,0,0,0,0,0,0.0,0.0,0.0
2022-02-28,2022,2,2022-W09,Fitovinany,-21.45,47.6167,faible,1011279,0,0,0,0,0,0,0,0,0.0,0.0,0.0
2022-03-07,2022,3,2022-W10,Fitovinany,-21.45,47.6167,faible,1011279,0,0,0,0,0,0,0,0,0.0,0.0,0.0
2022-03-14,2022,3,2022-W11,Fitovinany,-21.45,47.6167,faible,1011279,0,0,0,0,0,0,0,0,0.0,0.0,0.0
2022-03-21,2022,3,2022-W12,Fitovinany,-21.45,47.6167,faible,1011279,0,0,0,0,0,0,0,0,0.0,0.0,0.0
2022-03-28,2022,3,2022-W13,Fitovinany,-21.45,47.6167,faible,1011279,0,0,0,0,0,0,0,0,0.0,0.0,0.0
2022-04-04,2022,4,2022-W14,Fitovinany,-21.45,47.6167,faible,1011279,0,0,0,0,0,0,0,0,0.0,0.0,0.0
2022-04-11,2022,4,2022-W15,Fitovinany,-21.45,47.6167,faible,1011279,0,0,0,0,0,0,0,0,0.0,0.0,0.0
2022-04-18,2022,4,2022-W16,Fitovinany,-21.45,47.6167,faible,1011279,0,0,0,0,0,0,0,0,0.0,0.0,0.0
2022-04-25,2022,4,2022-W17,Fitovinany,-21.45,47.6167,faible,1011279,0,0,0,0,0,0,0,0,0.0,0.0,0.0
2022-05-02,2022,5,2022-W18,Fitovinany,-21.45,47.6167,faible,1011279,0,0,0,0,0,0,0,0,0.0,0.0,0.0
2022-05-09,2022,5,2022-W19,Fitovinany,-21.45,47.6167,faible,1011279,0,0,0,0,0,0,0,0,0.0,0.0,0.0
2022-05-16,2022,5,2022-W20,Fitovinany,-21.45,47.6167,faible,1011279,0,0,0,0,0,0,0,0,0.0,0.0,0.0
2022-05-23,2022,5,2022-W21,Fitovinany,-21.45,47.6167,faible,1011279,0,0,0,0,0,0,0,0,0.0,0.0,0.0
2022-05-30,2022,5,2022-W22,Fitovinany,-21.45,47.6167,faible,1011279,0,0,0,0,0,0,0,0,0.0,0.0,0.0
2022-06-06,2022,6,2022-W23,Fitovinany,-21.45,47.6167,faible,1011279,0,0,0,0,0,0,0,0,0.0,0.0,0.0
2022-06-13,2022,6,2022-W24,Fitovinany,-21.45,47.6167,faible,1011279,0,0,0,0,0,0,0,0,0.0,0.0,0.0
2022-06-20,2022,6,2022-W25,Fitovinany,-21.45,47.6167,faible,1011279,0,0,0,0,0,0,0,0,0.0,0.0,0.0
2022-06-27,2022,6,2022-W26,Fitovinany,-21.45,47.6167,faible,1011279,0,0,0,0,0,0,0,0,0.0,0.0,0.0
2022-07-04,2022,7,2022-W27,Fitovinany,-21.45,47.6167,faible,1011279,0,0,0,0,0,0,0,0,0.0,0.0,0.0
2022-07-11,2022,7,2022-W28,Fitovinany,-21.45,47.6167,faible,1011279,0,0,0,0,0,0,0,0,0.0,0.0,0.0
2022-07-18,2022,7,2022-W29,Fitovinany,-21.45,47.6167,faible,1011279,0,0,0,0,0,0,0,0,0.0,0.0,0.0
2022-07-25,2022,7,2022-W30,Fitovinany,-21.45,47.6167,faible,1011279,0,0,0,0,0,0,0,0,0.0,0.0,0.0
2022-08-01,2022,8,2022-W31,Fitovinany,-21.45,47.6167,faible,1011279,0,0,0,0,0,0,0,0,0.0,0.0,0.0
2022-08-08,2022,8,2022-W32,Fitovinany,-21.45,47.6167,faible,1011279,0,0,0,0,0,0,0,0,0.0,0.0,0.0
2022-08-15,2022,8,2022-W33,Fitovinany,-21.45,47.6167,faible,1011279,0,0,0,0,0,0,0,0,0.0,0.0,0.0
2022-08-22,2022,8,2022-W34,Fitovinany,-21.45,47.6167,faible,1011279,0,0,0,0,0,0,0,0,0.0,0.0,0.0
2022-08-29,2022,8,2022-W35,Fitovinany,-21.45,47.6167,faible,1011279,0,0,0,0,0,0,0,0,0.0,0.0,0.0
2022-09-05,2022,9,2022-W36,Fitovinany,-21.45,47.6167,faible,1011279,0,0,0,0,0,0,0,0,0.0,0.0,0.0
2022-09-12,2022,9,2022-W37,Fitovinany,-21.45,47.6167,faible,1011279,0,0,0,0,0,0,0,0,0.0,0.0,0.0
2022-09-19,2022,9,2022-W38,Fitovinany,-21.45,47.6167,faible,1011279,0,0,0,0,0,0,0,0,0.0,0.0,0.0
2022-09-26,2022,9,2022-W39,Fitovinany,-21.45,47.6167,faible,1011279,0,0,0,0,0,0,0,0,0.0,0.0,0.0
2022-10-03,2022,10,2022-W40,Fitovinany,-21.45,47.6167,faible,1011279,0,0,0,0,0,0,0,0,0.0,0.0,0.0
2022-10-10,2022,10,2022-W41,Fitovinany,-21.45,47.6167,faible,1011279,0,0,0,0,0,0,0,0,0.0,0.0,0.0
2022-10-17,2022,10,2022-W42,Fitovinany,-21.45,47.6167,faible,1011279,0,0,0,0,0,0,0,0,0.0,0.0,0.0
2022-10-24,2022,10,2022-W43,Fitovinany,-21.45,47.6167,faible,1011279,0,0,0,0,0,0,0,0,0.0,0.0,0.0
2022-10-31,2022,10,2022-W44,Fitovinany,-21.45,47.6167,faible,1011279,0,0,0,0,0,0,0,0,0.0,0.0,0.0
2022-11-07,2022,11,2022-W45,Fitovinany,-21.45,47.6167,faible,1011279,0,0,0,0,0,0,0,0,0.0,0.0,0.0
2022-11-14,2022,11,2022-W46,Fitovinany,-21.45,47.6167,faible,1011279,0,0,0,0,0,0,0,0,0.0,0.0,0.0
2022-11-21,2022,11,2022-W47,Fitovinany,-21.45,47.6167,faible,1011279,0,0,0,0,0,0,0,0,0.0,0.0,0.0
2022-11-28,2022,11,2022-W48,Fitovinany,-21.45,47.6167,faible,1011279,0,0,0,0,0,0,0,0,0.0,0.0,0.0
2022-12-05,2022,12,2022-W49,Fitovinany,-21.45,47.6167,faible,1011279,0,0,0,0,0,0,0,0,0.0,0.0,0.0
2022-12-12,2022,12,2022-W50,Fitovinany,-21.45,47.6167,faible,1011279,0,0,0,0,0,0,0,0,0.0,0.0,0.0
2022-12-19,2022,12,2022-W51,Fitovinany,-21.45,47.6167,faible,1011279,0,0,0,0,0,0,0,0,0.0,0.0,0.0
2022-12-26,2022,12,2022-W52,Fitovinany,-21.45,47.6167,faible,1011279,0,0,0,0,0,0,0,0,0.0,0.0,0.0
2023-01-02,2023,1,2023-W01,Fitovinany,-21.45,47.6167,faible,1011279,0,0,0,0,0,0,0,0,0.0,0.0,0.0
2023-01-09,2023,1,2023-W02,Fitovinany,-21.45,47.6167,faible,1011279,0,0,0,0,0,0,0,0,0.0,0.0,0.0
2023-01-16,2023,1,2023-W03,Fitovinany,-21.45,47.6167,faible,1011279,0,0,0,0,0,0,0,0,0.0,0.0,0.0
2023-01-23,2023,1,2023-W04,Fitovinany,-21.45,47.6167,faible,1011279,0,0,0,0,0,0,0,0,0.0,0.0,0.0
2023-01-30,2023,1,2023-W05,Fitovinany,-21.45,47.6167,faible,1011279,0,0,0,0,0,0,0,0,0.0,0.0,0.0
2023-02-06,2023,2,2023-W06,Fitovinany,-21.45,47.6167,faible,1011279,0,0,0,0,0,0,0,0,0.0,0.0,0.0
2023-02-13,2023,2,2023-W07,Fitovinany,-21.45,47.6167,faible,1011279,0,0,0,0,0,0,0,0,0.0,0.0,0.0
2023-02-20,2023,2,2023-W08,Fitovinany,-21.45,47.6167,faible,1011279,0,0,0,0,0,0,0,0,0.0,0.0,0.0
2023-02-27,2023,2,2023-W09,Fitovinany,-21.45,47.6167,faible,1011279,0,0,0,0,0,0,0,0,0.0,0.0,0.0
2023-03-06,2023,3,2023-W10,Fitovinany,-21.45,47.6167,faible,1011279,0,0,0,0,0,0,0,0,0.0,0.0,0.0
2023-03-13,2023,3,2023-W11,Fitovinany,-21.45,47.6167,faible,1011279,0,0,0,0,0,0,0,0,0.0,0.0,0.0
2023-03-20,2023,3,2023-W12,Fitovinany,-21.45,47.6167,faible,1011279,0,0,0,0,0,0,0,0,0.0,0.0,0.0
2023-03-27,2023,3,2023-W13,Fitovinany,-21.45,47.6167,faible,1011279,0,0,0,0,0,0,0,0,0.0,0.0,0.0
2023-04-03,2023,4,2023-W14,Fitovinany,-21.45,47.6167,faible,1011279,0,0,0,0,0,0,0,0,0.0,0.0,0.0
2023-04-10,2023,4,2023-W15,Fitovinany,-21.45,47.6167,faible,1011279,0,0,0,0,0,0,0,0,0.0,0.0,0.0
2023-04-17,2023,4,2023-W16,Fitovinany,-21.45,47.6167,faible,1011279,0,0,0,0,0,0,0,0,0.0,0.0,0.0
2023-04-24,2023,4,2023-W17,Fitovinany,-21.45,47.6167,faible,1011279,0,0,0,0,0,0,0,0,0.0,0.0,0.0
2023-05-01,2023,5,2023-W18,Fitovinany,-21.45,47.6167,faible,1011279,0,0,0,0,0,0,0,0,0.0,0.0,0.0
2023-05-08,2023,5,2023-W19,Fitovinany,-21.45,47.6167,faible,1011279,0,0,0,0,0,0,0,0,0.0,0.0,0.0
2023-05-15,2023,5,2023-W20,Fitovinany,-21.45,47.6167,faible,1011279,0,0,0,0,0,0,0,0,0.0,0.0,0.0
2023-05-22,2023,5,2023-W21,Fitovinany,-21.45,47.6167,faible,1011279,0,0,0,0,0,0,0,0,0.0,0.0,0.0
2023-05-29,2023,5,2023-W22,Fitovinany,-21.45,47.6167,faible,1011279,0,0,0,0,0,0,0,0,0.0,0.0,0.0
2023-06-05,2023,6,2023-W23,Fitovinany,-21.45,47.6167,faible,1011279,0,0,0,0,0,0,0,0,0.0,0.0,0.0
2023-06-12,2023,6,2023-W24,Fitovinany,-21.45,47.6167,faible,1011279,0,0,0,0,0,0,0,0,0.0,0.0,0.0
2023-06-19,2023,6,2023-W25,Fitovinany,-21.45,47.6167,faible,1011279,0,0,0,0,0,0,0,0,0.0,0.0,0.0
2023-06-26,2023,6,2023-W26,Fitovinany,-21.45,47.6167,faible,1011279,0,0,0,0,0,0,0,0,0.0,0.0,0.0
2023-07-03,2023,7,2023-W27,Fitovinany,-21.45,47.6167,faible,1011279,0,0,0,0,0,0,0,0,0.0,0.0,0.0
2023-07-10,2023,7,2023-W28,Fitovinany,-21.45,47.6167,faible,1011279,0,0,0,0,0,0,0,0,0.0,0.0,0.0
2023-07-17,2023,7,2023-W29,Fitovinany,-21.45,47.6167,faible,1011279,0,0,0,0,0,0,0,0,0.0,0.0,0.0
2023-07-24,2023,7,2023-W30,Fitovinany,-21.45,47.6167,faible,1011279,0,0,0,0,0,0,0,0,0.0,0.0,0.0
2023-07-31,2023,7,2023-W31,Fitovinany,-21.45,47.6167,faible,1011279,0,0,0,0,0,0,0,0,0.0,0.0,0.0
2023-08-07,2023,8,2023-W32,Fitovinany,-21.45,47.6167,faible,1011279,0,0,0,0,0,0,0,0,0.0,0.0,0.0
2023-08-14,2023,8,2023-W33,Fitovinany,-21.45,47.6167,faible,1011279,0,0,0,0,0,0,0,0,0.0,0.0,0.0
2023-08-21,2023,8,2023-W34,Fitovinany,-21.45,47.6167,faible,1011279,0,0,0,0,0,0,0,0,0.0,0.0,0.0
2023-08-28,2023,8,2023-W35,Fitovinany,-21.45,47.6167,faible,1011279,0,0,0,0,0,0,0,0,0.0,0.0,0.0
2023-09-04,2023,9,2023-W36,Fitovinany,-21.45,47.6167,faible,1011279,0,0,0,0,0,0,0,0,0.0,0.0,0.0
2023-09-11,2023,9,2023-W37,Fitovinany,-21.45,47.6167,faible,1011279,0,0,0,0,0,0,0,0,0.0,0.0,0.0
2023-09-18,2023,9,2023-W38,Fitovinany,-21.45,47.6167,faible,1011279,0,0,0,0,0,0,0,0,0.0,0.0,0.0
2023-09-25,2023,9,2023-W39,Fitovinany,-21.45,47.6167,faible,1011279,0,0,0,0,0,0,0,0,0.0,0.0,0.0
2023-10-02,2023,10,2023-W40,Fitovinany,-21.45,47.6167,faible,1011279,0,0,0,0,0,0,0,0,0.0,0.0,0.0
2023-10-09,2023,10,2023-W41,Fitovinany,-21.45,47.6167,faible,1011279,0,0,0,0,0,0,0,0,0.0,0.0,0.0
2023-10-16,2023,10,2023-W42,Fitovinany,-21.45,47.6167,faible,1011279,0,0,0,0,0,0,0,0,0.0,0.0,0.0
2023-10-23,2023,10,2023-W43,Fitovinany,-21.45,47.6167,faible,1011279,0,0,0,0,0,0,0,0,0.0,0.0,0.0
2023-10-30,2023,10,2023-W44,Fitovinany,-21.45,47.6167,faible,1011279,0,0,0,0,0,0,0,0,0.0,0.0,0.0
2023-11-06,2023,11,2023-W45,Fitovinany,-21.45,47.6167,faible,1011279,0,0,0,0,0,0,0,0,0.0,0.0,0.0
2023-11-13,2023,11,2023-W46,Fitovinany,-21.45,47.6167,faible,1011279,0,0,0,0,0,0,0,0,0.0,0.0,0.0
2023-11-20,2023,11,2023-W47,Fitovinany,-21.45,47.6167,faible,1011279,0,0,0,0,0,0,0,0,0.0,0.0,0.0
2023-11-27,2023,11,2023-W48,Fitovinany,-21.45,47.6167,faible,1011279,0,0,0,0,0,0,0,0,0.0,0.0,0.0
2023-12-04,2023,12,2023-W49,Fitovinany,-21.45,47.6167,faible,1011279,0,0,0,0,0,0,0,0,0.0,0.0,0.0
2023-12-11,2023,12,2023-W50,Fitovinany,-21.45,47.6167,faible,1011279,0,0,0,0,0,0,0,0,0.0,0.0,0.0
2023-12-18,2023,12,2023-W51,Fitovinany,-21.45,47.6167,faible,1011279,0,0,0,0,0,0,0,0,0.0,0.0,0.0
2023-12-25,2023,12,2023-W52,Fitovinany,-21.45,47.6167,faible,1011279,0,0,0,0,0,0,0,0,0.0,0.0,0.0
2024-01-01,2024,1,2024-W01,Fitovinany,-21.45,47.6167,faible,1011279,0,0,0,0,0,0,0,0,0.0,0.0,0.0
2024-01-08,2024,1,2024-W02,Fitovinany,-21.45,47.6167,faible,1011279,0,0,0,0,0,0,0,0,0.0,0.0,0.0
2024-01-15,2024,1,2024-W03,Fitovinany,-21.45,47.6167,faible,1011279,0,0,0,0,0,0,0,0,0.0,0.0,0.0
2024-01-22,2024,1,2024-W04,Fitovinany,-21.45,47.6167,faible,1011279,0,0,0,0,0,0,0,0,0.0,0.0,0.0
2024-01-29,2024,1,2024-W05,Fitovinany,-21.45,47.6167,faible,1011279,0,0,0,0,0,0,0,0,0.0,0.0,0.0
2024-02-05,2024,2,2024-W06,Fitovinany,-21.45,47.6167,faible,1011279,0,0,0,0,0,0,0,0,0.0,0.0,0.0
2024-02-12,2024,2,2024-W07,Fitovinany,-21.45,47.6167,faible,1011279,0,0,0,0,0,0,0,0,0.0,0.0,0.0
2024-02-19,2024,2,2024-W08,Fitovinany,-21.45,47.6167,faible,1011279,0,0,0,0,0,0,0,0,0.0,0.0,0.0
2024-02-26,2024,2,2024-W09,Fitovinany,-21.45,47.6167,faible,1011279,0,0,0,0,0,0,0,0,0.0,0.0,0.0
2024-03-04,2024,3,2024-W10,Fitovinany,-21.45,47.6167,faible,1011279,0,0,0,0,0,0,0,0,0.0,0.0,0.0
2024-03-11,2024,3,2024-W11,Fitovinany,-21.45,47.6167,faible,1011279,0,0,0,0,0,0,0,0,0.0,0.0,0.0
2024-03-18,2024,3,2024-W12,Fitovinany,-21.45,47.6167,faible,1011279,0,0,0,0,0,0,0,0,0.0,0.0,0.0
2024-03-25,2024,3,2024-W13,Fitovinany,-21.45,47.6167,faible,1011279,0,0,0,0,0,0,0,0,0.0,0.0,0.0
2024-04-01,2024,4,2024-W14,Fitovinany,-21.45,47.6167,faible,1011279,0,0,0,0,0,0,0,0,0.0,0.0,0.0
2024-04-08,2024,4,2024-W15,Fitovinany,-21.45,47.6167,faible,1011279,0,0,0,0,0,0,0,0,0.0,0.0,0.0
2024-04-15,2024,4,2024-W16,Fitovinany,-21.45,47.6167,faible,1011279,0,0,0,0,0,0,0,0,0.0,0.0,0.0
2024-04-22,2024,4,2024-W17,Fitovinany,-21.45,47.6167,faible,1011279,0,0,0,0,0,0,0,0,0.0,0.0,0.0
2024-04-29,2024,4,2024-W18,Fitovinany,-21.45,47.6167,faible,1011279,0,0,0,0,0,0,0,0,0.0,0.0,0.0
2024-05-06,2024,5,2024-W19,Fitovinany,-21.45,47.6167,faible,1011279,0,0,0,0,0,0,0,0,0.0,0.0,0.0
2024-05-13,2024,5,2024-W20,Fitovinany,-21.45,47.6167,faible,1011279,0,0,0,0,0,0,0,0,0.0,0.0,0.0
2024-05-20,2024,5,2024-W21,Fitovinany,-21.45,47.6167,faible,1011279,0,0,0,0,0,0,0,0,0.0,0.0,0.0
2024-05-27,2024,5,2024-W22,Fitovinany,-21.45,47.6167,faible,1011279,0,0,0,0,0,0,0,0,0.0,0.0,0.0
2024-06-03,2024,6,2024-W23,Fitovinany,-21.45,47.6167,faible,1011279,0,0,0,0,0,0,0,0,0.0,0.0,0.0
2024-06-10,2024,6,2024-W24,Fitovinany,-21.45,47.6167,faible,1011279,0,0,0,0,0,0,0,0,0.0,0.0,0.0
2024-06-17,2024,6,2024-W25,Fitovinany,-21.45,47.6167,faible,1011279,0,0,0,0,0,0,0,0,0.0,0.0,0.0
2024-06-24,2024,6,2024-W26,Fitovinany,-21.45,47.6167,faible,1011279,0,0,0,0,0,0,0,0,0.0,0.0,0.0
2024-07-01,2024,7,2024-W27,Fitovinany,-21.45,47.6167,faible,1011279,0,0,0,0,0,0,0,0,0.0,0.0,0.0
2024-07-08,2024,7,2024-W28,Fitovinany,-21.45,47.6167,faible,1011279,0,0,0,0,0,0,0,0,0.0,0.0,0.0
2024-07-15,2024,7,2024-W29,Fitovinany,-21.45,47.6167,faible,1011279,0,0,0,0,0,0,0,0,0.0,0.0,0.0
2024-07-22,2024,7,2024-W30,Fitovinany,-21.45,47.6167,faible,1011279,0,0,0,0,0,0,0,0,0.0,0.0,0.0
2024-07-29,2024,7,2024-W31,Fitovinany,-21.45,47.6167,faible,1011279,0,0,0,0,0,0,0,0,0.0,0.0,0.0
2024-08-05,2024,8,2024-W32,Fitovinany,-21.45,47.6167,faible,1011279,0,0,0,0,0,0,0,0,0.0,0.0,0.0
2024-08-12,2024,8,2024-W33,Fitovinany,-21.45,47.6167,faible,1011279,0,0,0,0,0,0,0,0,0.0,0.0,0.0
2024-08-19,2024,8,2024-W34,Fitovinany,-21.45,47.6167,faible,1011279,0,0,0,0,0,0,0,0,0.0,0.0,0.0
2024-08-26,2024,8,2024-W35,Fitovinany,-21.45,47.6167,faible,1011279,0,0,0,0,0,0,0,0,0.0,0.0,0.0
2024-09-02,2024,9,2024-W36,Fitovinany,-21.45,47.6167,faible,1011279,0,0,0,0,0,0,0,0,0.0,0.0,0.0
2024-09-09,2024,9,2024-W37,Fitovinany,-21.45,47.6167,faible,1011279,0,0,0,0,0,0,0,0,0.0,0.0,0.0
2024-09-16,2024,9,2024-W38,Fitovinany,-21.45,47.6167,faible,1011279,0,0,0,0,0,0,0,0,0.0,0.0,0.0
2024-09-23,2024,9,2024-W39,Fitovinany,-21.45,47.6167,faible,1011279,0,0,0,0,0,0,0,0,0.0,0.0,0.0
2024-09-30,2024,9,2024-W40,Fitovinany,-21.45,47.6167,faible,1011279,0,0,0,0,0,0,0,0,0.0,0.0,0.0
2024-10-07,2024,10,2024-W41,Fitovinany,-21.45,47.6167,faible,1011279,0,0,0,0,0,0,0,0,0.0,0.0,0.0
2024-10-14,2024,10,2024-W42,Fitovinany,-21.45,47.6167,faible,1011279,0,0,0,0,0,0,0,0,0.0,0.0,0.0
2024-10-21,2024,10,2024-W43,Fitovinany,-21.45,47.6167,faible,1011279,0,0,0,0,0,0,0,0,0.0,0.0,0.0
2024-10-28,2024,10,2024-W44,Fitovinany,-21.45,47.6167,faible,1011279,0,0,0,0,0,0,0,0,0.0,0.0,0.0
2024-11-04,2024,11,2024-W45,Fitovinany,-21.45,47.6167,faible,1011279,0,0,0,0,0,0,0,0,0.0,0.0,0.0
2024-11-11,2024,11,2024-W46,Fitovinany,-21.45,47.6167,faible,1011279,0,0,0,0,0,0,0,0,0.0,0.0,0.0
2024-11-18,2024,11,2024-W47,Fitovinany,-21.45,47.6167,faible,1011279,0,0,0,0,0,0,0,0,0.0,0.0,0.0
2024-11-25,2024,11,2024-W48,Fitovinany,-21.45,47.6167,faible,1011279,0,0,0,0,0,0,0,0,0.0,0.0,0.0
2024-12-02,2024,12,2024-W49,Fitovinany,-21.45,47.6167,faible,1011279,0,0,0,0,0,0,0,0,0.0,0.0,0.0
2024-12-09,2024,12,2024-W50,Fitovinany,-21.45,47.6167,faible,1011279,0,0,0,0,0,0,0,0,0.0,0.0,0.0
2024-12-16,2024,12,2024-W51,Fitovinany,-21.45,47.6167,faible,1011279,0,0,0,0,0,0,0,0,0.0,0.0,0.0
2024-12-23,2024,12,2024-W52,Fitovinany,-21.45,47.6167,faible,1011279,0,0,0,0,0,0,0,0,0.0,0.0,0.0
2024-12-30,2024,12,2025-W01,Fitovinany,-21.45,47.6167,faible,1011279,0,0,0,0,0,0,0,0,0.0,0.0,0.0
2025-01-06,2025,1,2025-W02,Fitovinany,-21.45,47.6167,faible,1011279,0,0,0,0,0,0,0,0,0.0,0.0,0.0
2025-01-13,2025,1,2025-W03,Fitovinany,-21.45,47.6167,faible,1011279,0,0,0,0,0,0,0,0,0.0,0.0,0.0
2025-01-20,2025,1,2025-W04,Fitovinany,-21.45,47.6167,faible,1011279,0,0,0,0,0,0,0,0,0.0,0.0,0.0
2025-01-27,2025,1,2025-W05,Fitovinany,-21.45,47.6167,faible,1011279,0,0,0,0,0,0,0,0,0.0,0.0,0.0
2025-02-03,2025,2,2025-W06,Fitovinany,-21.45,47.6167,faible,1011279,0,0,0,0,0,0,0,0,0.0,0.0,0.0
2025-02-10,2025,2,2025-W07,Fitovinany,-21.45,47.6167,faible,1011279,0,0,0,0,0,0,0,0,0.0,0.0,0.0
2025-02-17,2025,2,2025-W08,Fitovinany,-21.45,47.6167,faible,1011279,0,0,0,0,0,0,0,0,0.0,0.0,0.0
2025-02-24,2025,2,2025-W09,Fitovinany,-21.45,47.6167,faible,1011279,0,0,0,0,0,0,0,0,0.0,0.0,0.0
2025-03-03,2025,3,2025-W10,Fitovinany,-21.45,47.6167,faible,1011279,0,0,0,0,0,0,0,0,0.0,0.0,0.0
2025-03-10,2025,3,2025-W11,Fitovinany,-21.45,47.6167,faible,1011279,0,0,0,0,0,0,0,0,0.0,0.0,0.0
2025-03-17,2025,3,2025-W12,Fitovinany,-21.45,47.6167,faible,1011279,0,0,0,0,0,0,0,0,0.0,0.0,0.0
2025-03-24,2025,3,2025-W13,Fitovinany,-21.45,47.6167,faible,1011279,0,0,0,0,0,0,0,0,0.0,0.0,0.0
2025-03-31,2025,3,2025-W14,Fitovinany,-21.45,47.6167,faible,1011279,0,0,0,0,0,0,0,0,0.0,0.0,0.0
2025-04-07,2025,4,2025-W15,Fitovinany,-21.45,47.6167,faible,1011279,0,0,0,0,0,0,0,0,0.0,0.0,0.0
2025-04-14,2025,4,2025-W16,Fitovinany,-21.45,47.6167,faible,1011279,0,0,0,0,0,0,0,0,0.0,0.0,0.0
2025-04-21,2025,4,2025-W17,Fitovinany,-21.45,47.6167,faible,1011279,0,0,0,0,0,0,0,0,0.0,0.0,0.0
2025-04-28,2025,4,2025-W18,Fitovinany,-21.45,47.6167,faible,1011279,0,0,0,0,0,0,0,0,0.0,0.0,0.0
2025-05-05,2025,5,2025-W19,Fitovinany,-21.45,47.6167,faible,1011279,0,0,0,0,0,0,0,0,0.0,0.0,0.0
2025-05-12,2025,5,2025-W20,Fitovinany,-21.45,47.6167,faible,1011279,0,0,0,0,0,0,0,0,0.0,0.0,0.0
2025-05-19,2025,5,2025-W21,Fitovinany,-21.45,47.6167,faible,1011279,0,0,0,0,0,0,0,0,0.0,0.0,0.0
2025-05-26,2025,5,2025-W22,Fitovinany,-21.45,47.6167,faible,1011279,0,0,0,0,0,0,0,0,0.0,0.0,0.0
2025-06-02,2025,6,2025-W23,Fitovinany,-21.45,47.6167,faible,1011279,0,0,0,0,0,0,0,0,0.0,0.0,0.0
2025-06-09,2025,6,2025-W24,Fitovinany,-21.45,47.6167,faible,1011279,0,0,0,0,0,0,0,0,0.0,0.0,0.0
2025-06-16,2025,6,2025-W25,Fitovinany,-21.45,47.6167,faible,1011279,0,0,0,0,0,0,0,0,0.0,0.0,0.0
2025-06-23,2025,6,2025-W26,Fitovinany,-21.45,47.6167,faible,1011279,0,0,0,0,0,0,0,0,0.0,0.0,0.0
2025-06-30,2025,6,2025-W27,Fitovinany,-21.45,47.6167,faible,1011279,0,0,0,0,0,0,0,0,0.0,0.0,0.0
2025-07-07,2025,7,2025-W28,Fitovinany,-21.45,47.6167,faible,1011279,0,0,0,0,0,0,0,0,0.0,0.0,0.0
2025-07-14,2025,7,2025-W29,Fitovinany,-21.45,47.6167,faible,1011279,0,0,0,0,0,0,0,0,0.0,0.0,0.0
2025-07-21,2025,7,2025-W30,Fitovinany,-21.45,47.6167,faible,1011279,0,0,0,0,0,0,0,0,0.0,0.0,0.0
2025-07-28,2025,7,2025-W31,Fitovinany,-21.45,47.6167,faible,1011279,0,0,0,0,0,0,0,0,0.0,0.0,0.0
2025-08-04,2025,8,2025-W32,Fitovinany,-21.45,47.6167,faible,1011279,0,0,0,0,0,0,0,0,0.0,0.0,0.0
2025-08-11,2025,8,2025-W33,Fitovinany,-21.45,47.6167,faible,1011279,0,0,0,0,0,0,0,0,0.0,0.0,0.0
2025-08-18,2025,8,2025-W34,Fitovinany,-21.45,47.6167,faible,1011279,0,0,0,0,0,0,0,0,0.0,0.0,0.0
2025-08-25,2025,8,2025-W35,Fitovinany,-21.45,47.6167,faible,1011279,0,0,0,0,0,0,0,0,0.0,0.0,0.0
2025-09-01,2025,9,2025-W36,Fitovinany,-21.45,47.6167,faible,1011279,0,0,0,0,0,0,0,0,0.0,0.0,0.0
2025-09-08,2025,9,2025-W37,Fitovinany,-21.45,47.6167,faible,1011279,0,0,0,0,0,0,0,0,0.0,0.0,0.0
2025-09-15,2025,9,2025-W38,Fitovinany,-21.45,47.6167,faible,1011279,0,0,0,0,0,0,0,0,0.0,0.0,0.0
2025-09-22,2025,9,2025-W39,Fitovinany,-21.45,47.6167,faible,1011279,0,0,0,0,0,0,0,0,0.0,0.0,0.0
2025-09-29,2025,9,2025-W40,Fitovinany,-21.45,47.6167,faible,1011279,0,0,0,0,0,0,0,0,0.0,0.0,0.0
2025-10-06,2025,10,2025-W41,Fitovinany,-21.45,47.6167,faible,1011279,0,0,0,0,0,0,0,0,0.0,0.0,0.0
2025-10-13,2025,10,2025-W42,Fitovinany,-21.45,47.6167,faible,1011279,0,0,0,0,0,0,0,0,0.0,0.0,0.0
2025-10-20,2025,10,2025-W43,Fitovinany,-21.45,47.6167,faible,1011279,0,0,0,0,0,0,0,0,0.0,0.0,0.0
2025-10-27,2025,10,2025-W44,Fitovinany,-21.45,47.6167,faible,1011279,0,0,0,0,0,0,0,0,0.0,0.0,0.0
2025-11-03,2025,11,2025-W45,Fitovinany,-21.45,47.6167,faible,1011279,0,0,0,0,0,0,0,0,0.0,0.0,0.0
2025-11-10,2025,11,2025-W46,Fitovinany,-21.45,47.6167,faible,1011279,0,0,0,0,0,0,0,0,0.0,0.0,0.0
2025-11-17,2025,11,2025-W47,Fitovinany,-21.45,47.6167,faible,1011279,0,0,0,0,0,0,0,0,0.0,0.0,0.0
2025-11-24,2025,11,2025-W48,Fitovinany,-21.45,47.6167,faible,1011279,0,0,0,0,0,0,0,0,0.0,0.0,0.0
2025-12-01,2025,12,2025-W49,Fitovinany,-21.45,47.6167,faible,1011279,0,0,0,0,0,0,0,0,0.0,0.0,0.0
2025-12-08,2025,12,2025-W50,Fitovinany,-21.45,47.6167,faible,1011279,0,0,0,0,0,0,0,0,0.0,0.0,0.0
2025-12-15,2025,12,2025-W51,Fitovinany,-21.45,47.6167,faible,1011279,0,0,0,0,0,0,0,0,0.0,0.0,0.0
2025-12-22,2025,12,2025-W52,Fitovinany,-21.45,47.6167,faible,1011279,0,0,0,0,0,0,0,0,0.0,0.0,0.0
2025-12-29,2025,12,2026-W01,Fitovinany,-21.45,47.6167,faible,1011279,0,0,0,0,0,0,0,0,0.0,0.0,0.0
2026-01-05,2026,1,2026-W02,Fitovinany,-21.45,47.6167,faible,1011279,0,0,0,0,0,0,0,0,0.0,0.0,0.0
2026-01-12,2026,1,2026-W03,Fitovinany,-21.45,47.6167,faible,1011279,0,0,0,0,0,0,0,0,0.0,0.0,0.0
2026-01-19,2026,1,2026-W04,Fitovinany,-21.45,47.6167,faible,1011279,0,0,0,0,0,0,0,0,0.0,0.0,0.0
2026-01-26,2026,1,2026-W05,Fitovinany,-21.45,47.6167,faible,1011279,0,0,0,0,0,0,0,0,0.0,0.0,0.0
2026-02-02,2026,2,2026-W06,Fitovinany,-21.45,47.6167,faible,1011279,0,0,0,0,0,0,0,0,0.0,0.0,0.0
2026-02-09,2026,2,2026-W07,Fitovinany,-21.45,47.6167,faible,1011279,0,0,0,0,0,0,0,0,0.0,0.0,0.0
2026-02-16,2026,2,2026-W08,Fitovinany,-21.45,47.6167,faible,1011279,0,0,0,0,0,0,0,0,0.0,0.0,0.0
2026-02-23,2026,2,2026-W09,Fitovinany,-21.45,47.6167,faible,1011279,0,0,0,0,0,0,0,0,0.0,0.0,0.0
2026-03-02,2026,3,2026-W10,Fitovinany,-21.45,47.6167,faible,1011279,0,0,0,0,0,0,0,0,0.0,0.0,0.0
2026-03-09,2026,3,2026-W11,Fitovinany,-21.45,47.6167,faible,1011279,0,0,0,0,0,0,0,0,0.0,0.0,0.0
2026-03-16,2026,3,2026-W12,Fitovinany,-21.45,47.6167,faible,1011279,0,0,0,0,0,0,0,0,0.0,0.0,0.0
2026-03-23,2026,3,2026-W13,Fitovinany,-21.45,47.6167,faible,1011279,0,0,0,0,0,0,0,0,0.0,0.0,0.0
2026-03-30,2026,3,2026-W14,Fitovinany,-21.45,47.6167,faible,1011279,0,0,0,0,0,0,0,0,0.0,0.0,0.0
2026-04-06,2026,4,2026-W15,Fitovinany,-21.45,47.6167,faible,1011279,0,0,0,0,0,0,0,0,0.0,0.0,0.0
2026-04-13,2026,4,2026-W16,Fitovinany,-21.45,47.6167,faible,1011279,0,0,0,0,0,0,0,0,0.0,0.0,0.0
2026-04-20,2026,4,2026-W17,Fitovinany,-21.45,47.6167,faible,1011279,0,0,0,0,0,0,0,0,0.0,0.0,0.0
2026-04-27,2026,4,2026-W18,Fitovinany,-21.45,47.6167,faible,1011279,0,0,0,0,0,0,0,0,0.0,0.0,0.0
2026-05-04,2026,5,2026-W19,Fitovinany,-21.45,47.6167,faible,1011279,0,0,0,0,0,0,0,0,0.0,0.0,0.0
2026-05-11,2026,5,2026-W20,Fitovinany,-21.45,47.6167,faible,1011279,0,0,0,0,0,0,0,0,0.0,0.0,0.0
2026-05-18,2026,5,2026-W21,Fitovinany,-21.45,47.6167,faible,1011279,0,0,0,0,0,0,0,0,0.0,0.0,0.0
2026-05-25,2026,5,2026-W22,Fitovinany,-21.45,47.6167,faible,1011279,0,0,0,0,0,0,0,0,0.0,0.0,0.0
2026-06-01,2026,6,2026-W23,Fitovinany,-21.45,47.6167,faible,1011279,0,0,0,0,0,0,0,0,0.0,0.0,0.0
2026-06-08,2026,6,2026-W24,Fitovinany,-21.45,47.6167,faible,1011279,0,0,0,0,0,0,0,0,0.0,0.0,0.0
2026-06-15,2026,6,2026-W25,Fitovinany,-21.45,47.6167,faible,1011279,0,0,0,0,0,0,0,0,0.0,0.0,0.0
2026-06-22,2026,6,2026-W26,Fitovinany,-21.45,47.6167,faible,1011279,0,0,0,0,0,0,0,0,0.0,0.0,0.0
2026-06-29,2026,6,2026-W27,Fitovinany,-21.45,47.6167,faible,1011279,0,0,0,0,0,0,0,0,0.0,0.0,0.0
2026-07-06,2026,7,2026-W28,Fitovinany,-21.45,47.6167,faible,1011279,0,0,0,0,0,0,0,0,0.0,0.0,0.0
2026-07-13,2026,7,2026-W29,Fitovinany,-21.45,47.6167,faible,1011279,0,0,0,0,0,0,0,0,0.0,0.0,0.0
2026-07-20,2026,7,2026-W30,Fitovinany,-21.45,47.6167,faible,1011279,0,0,0,0,0,0,0,0,0.0,0.0,0.0
2026-07-27,2026,7,2026-W31,Fitovinany,-21.45,47.6167,faible,1011279,0,0,0,0,0,0,0,0,0.0,0.0,0.0
2020-01-06,2020,1,2020-W02,Ihorombe,-22.55,46.95,faible,494097,0,0,0,0,0,0,0,0,0.0,0.0,0.0
2020-01-13,2020,1,2020-W03,Ihorombe,-22.55,46.95,faible,494097,0,0,0,0,0,0,0,0,0.0,0.0,0.0
2020-01-20,2020,1,2020-W04,Ihorombe,-22.55,46.95,faible,494097,0,0,0,0,0,0,0,0,0.0,0.0,0.0
2020-01-27,2020,1,2020-W05,Ihorombe,-22.55,46.95,faible,494097,0,0,0,0,0,0,0,0,0.0,0.0,0.0
2020-02-03,2020,2,2020-W06,Ihorombe,-22.55,46.95,faible,494097,0,0,0,0,0,0,0,0,0.0,0.0,0.0
2020-02-10,2020,2,2020-W07,Ihorombe,-22.55,46.95,faible,494097,0,0,0,0,0,0,0,0,0.0,0.0,0.0
2020-02-17,2020,2,2020-W08,Ihorombe,-22.55,46.95,faible,494097,0,0,0,0,0,0,0,0,0.0,0.0,0.0
2020-02-24,2020,2,2020-W09,Ihorombe,-22.55,46.95,faible,494097,0,0,0,0,0,0,0,0,0.0,0.0,0.0
2020-03-02,2020,3,2020-W10,Ihorombe,-22.55,46.95,faible,494097,0,0,0,0,0,0,0,0,0.0,0.0,0.0
2020-03-09,2020,3,2020-W11,Ihorombe,-22.55,46.95,faible,494097,0,0,0,0,0,0,0,0,0.0,0.0,0.0
2020-03-16,2020,3,2020-W12,Ihorombe,-22.55,46.95,faible,494097,0,0,0,0,0,0,0,0,0.0,0.0,0.0
2020-03-23,2020,3,2020-W13,Ihorombe,-22.55,46.95,faible,494097,0,0,0,0,0,0,0,0,0.0,0.0,0.0
2020-03-30,2020,3,2020-W14,Ihorombe,-22.55,46.95,faible,494097,0,0,0,0,0,0,0,0,0.0,0.0,0.0
2020-04-06,2020,4,2020-W15,Ihorombe,-22.55,46.95,faible,494097,0,0,0,0,0,0,0,0,0.0,0.0,0.0
2020-04-13,2020,4,2020-W16,Ihorombe,-22.55,46.95,faible,494097,0,0,0,0,0,0,0,0,0.0,0.0,0.0
2020-04-20,2020,4,2020-W17,Ihorombe,-22.55,46.95,faible,494097,0,0,0,0,0,0,0,0,0.0,0.0,0.0
2020-04-27,2020,4,2020-W18,Ihorombe,-22.55,46.95,faible,494097,0,0,0,0,0,0,0,0,0.0,0.0,0.0
2020-05-04,2020,5,2020-W19,Ihorombe,-22.55,46.95,faible,494097,0,0,0,0,0,0,0,0,0.0,0.0,0.0
2020-05-11,2020,5,2020-W20,Ihorombe,-22.55,46.95,faible,494097,0,0,0,0,0,0,0,0,0.0,0.0,0.0
2020-05-18,2020,5,2020-W21,Ihorombe,-22.55,46.95,faible,494097,0,0,0,0,0,0,0,0,0.0,0.0,0.0
2020-05-25,2020,5,2020-W22,Ihorombe,-22.55,46.95,faible,494097,0,0,0,0,0,0,0,0,0.0,0.0,0.0
2020-06-01,2020,6,2020-W23,Ihorombe,-22.55,46.95,faible,494097,0,0,0,0,0,0,0,0,0.0,0.0,0.0
2020-06-08,2020,6,2020-W24,Ihorombe,-22.55,46.95,faible,494097,0,0,0,0,0,0,0,0,0.0,0.0,0.0
2020-06-15,2020,6,2020-W25,Ihorombe,-22.55,46.95,faible,494097,0,0,0,0,0,0,0,0,0.0,0.0,0.0
2020-06-22,2020,6,2020-W26,Ihorombe,-22.55,46.95,faible,494097,0,0,0,0,0,0,0,0,0.0,0.0,0.0
2020-06-29,2020,6,2020-W27,Ihorombe,-22.55,46.95,faible,494097,0,0,0,0,0,0,0,0,0.0,0.0,0.0
2020-07-06,2020,7,2020-W28,Ihorombe,-22.55,46.95,faible,494097,0,0,0,0,0,0,0,0,0.0,0.0,0.0
2020-07-13,2020,7,2020-W29,Ihorombe,-22.55,46.95,faible,494097,0,0,0,0,0,0,0,0,0.0,0.0,0.0
2020-07-20,2020,7,2020-W30,Ihorombe,-22.55,46.95,faible,494097,0,0,0,0,0,0,0,0,0.0,0.0,0.0
2020-07-27,2020,7,2020-W31,Ihorombe,-22.55,46.95,faible,494097,0,0,0,0,0,0,0,0,0.0,0.0,0.0
2020-08-03,2020,8,2020-W32,Ihorombe,-22.55,46.95,faible,494097,0,0,0,0,0,0,0,0,0.0,0.0,0.0
2020-08-10,2020,8,2020-W33,Ihorombe,-22.55,46.95,faible,494097,0,0,0,0,0,0,0,0,0.0,0.0,0.0
2020-08-17,2020,8,2020-W34,Ihorombe,-22.55,46.95,faible,494097,0,0,0,0,0,0,0,0,0.0,0.0,0.0
2020-08-24,2020,8,2020-W35,Ihorombe,-22.55,46.95,faible,494097,0,0,0,0,0,0,0,0,0.0,0.0,0.0
2020-08-31,2020,8,2020-W36,Ihorombe,-22.55,46.95,faible,494097,0,0,0,0,0,0,0,0,0.0,0.0,0.0
2020-09-07,2020,9,2020-W37,Ihorombe,-22.55,46.95,faible,494097,0,0,0,0,0,0,0,0,0.0,0.0,0.0
2020-09-14,2020,9,2020-W38,Ihorombe,-22.55,46.95,faible,494097,0,0,0,0,0,0,0,0,0.0,0.0,0.0
2020-09-21,2020,9,2020-W39,Ihorombe,-22.55,46.95,faible,494097,0,0,0,0,0,0,0,0,0.0,0.0,0.0
2020-09-28,2020,9,2020-W40,Ihorombe,-22.55,46.95,faible,494097,0,0,0,0,0,0,0,0,0.0,0.0,0.0
2020-10-05,2020,10,2020-W41,Ihorombe,-22.55,46.95,faible,494097,0,0,0,0,0,0,0,0,0.0,0.0,0.0
2020-10-12,2020,10,2020-W42,Ihorombe,-22.55,46.95,faible,494097,0,0,0,0,0,0,0,0,0.0,0.0,0.0
2020-10-19,2020,10,2020-W43,Ihorombe,-22.55,46.95,faible,494097,0,0,0,0,0,0,0,0,0.0,0.0,0.0
2020-10-26,2020,10,2020-W44,Ihorombe,-22.55,46.95,faible,494097,0,0,0,0,0,0,0,0,0.0,0.0,0.0
2020-11-02,2020,11,2020-W45,Ihorombe,-22.55,46.95,faible,494097,0,0,0,0,0,0,0,0,0.0,0.0,0.0
2020-11-09,2020,11,2020-W46,Ihorombe,-22.55,46.95,faible,494097,0,0,0,0,0,0,0,0,0.0,0.0,0.0
2020-11-16,2020,11,2020-W47,Ihorombe,-22.55,46.95,faible,494097,0,0,0,0,0,0,0,0,0.0,0.0,0.0
2020-11-23,2020,11,2020-W48,Ihorombe,-22.55,46.95,faible,494097,0,0,0,0,0,0,0,0,0.0,0.0,0.0
2020-11-30,2020,11,2020-W49,Ihorombe,-22.55,46.95,faible,494097,0,0,0,0,0,0,0,0,0.0,0.0,0.0
2020-12-07,2020,12,2020-W50,Ihorombe,-22.55,46.95,faible,494097,0,0,0,0,0,0,0,0,0.0,0.0,0.0
2020-12-14,2020,12,2020-W51,Ihorombe,-22.55,46.95,faible,494097,0,0,0,0,0,0,0,0,0.0,0.0,0.0
2020-12-21,2020,12,2020-W52,Ihorombe,-22.55,46.95,faible,494097,0,0,0,0,0,0,0,0,0.0,0.0,0.0
2020-12-28,2020,12,2020-W53,Ihorombe,-22.55,46.95,faible,494097,0,0,0,0,0,0,0,0,0.0,0.0,0.0
2021-01-04,2021,1,2021-W01,Ihorombe,-22.55,46.95,faible,494097,0,0,0,0,0,0,0,0,0.0,0.0,0.0
2021-01-11,2021,1,2021-W02,Ihorombe,-22.55,46.95,faible,494097,0,0,0,0,0,0,0,0,0.0,0.0,0.0
2021-01-18,2021,1,2021-W03,Ihorombe,-22.55,46.95,faible,494097,0,0,0,0,0,0,0,0,0.0,0.0,0.0
2021-01-25,2021,1,2021-W04,Ihorombe,-22.55,46.95,faible,494097,0,0,0,0,0,0,0,0,0.0,0.0,0.0
2021-02-01,2021,2,2021-W05,Ihorombe,-22.55,46.95,faible,494097,0,0,0,0,0,0,0,0,0.0,0.0,0.0
2021-02-08,2021,2,2021-W06,Ihorombe,-22.55,46.95,faible,494097,0,0,0,0,0,0,0,0,0.0,0.0,0.0
2021-02-15,2021,2,2021-W07,Ihorombe,-22.55,46.95,faible,494097,0,0,0,0,0,0,0,0,0.0,0.0,0.0
2021-02-22,2021,2,2021-W08,Ihorombe,-22.55,46.95,faible,494097,0,0,0,0,0,0,0,0,0.0,0.0,0.0
2021-03-01,2021,3,2021-W09,Ihorombe,-22.55,46.95,faible,494097,0,0,0,0,0,0,0,0,0.0,0.0,0.0
2021-03-08,2021,3,2021-W10,Ihorombe,-22.55,46.95,faible,494097,0,0,0,0,0,0,0,0,0.0,0.0,0.0
2021-03-15,2021,3,2021-W11,Ihorombe,-22.55,46.95,faible,494097,0,0,0,0,0,0,0,0,0.0,0.0,0.0
2021-03-22,2021,3,2021-W12,Ihorombe,-22.55,46.95,faible,494097,0,0,0,0,0,0,0,0,0.0,0.0,0.0
2021-03-29,2021,3,2021-W13,Ihorombe,-22.55,46.95,faible,494097,0,0,0,0,0,0,0,0,0.0,0.0,0.0
2021-04-05,2021,4,2021-W14,Ihorombe,-22.55,46.95,faible,494097,0,0,0,0,0,0,0,0,0.0,0.0,0.0
2021-04-12,2021,4,2021-W15,Ihorombe,-22.55,46.95,faible,494097,0,0,0,0,0,0,0,0,0.0,0.0,0.0
2021-04-19,2021,4,2021-W16,Ihorombe,-22.55,46.95,faible,494097,0,0,0,0,0,0,0,0,0.0,0.0,0.0
2021-04-26,2021,4,2021-W17,Ihorombe,-22.55,46.95,faible,494097,0,0,0,0,0,0,0,0,0.0,0.0,0.0
2021-05-03,2021,5,2021-W18,Ihorombe,-22.55,46.95,faible,494097,0,0,0,0,0,0,0,0,0.0,0.0,0.0
2021-05-10,2021,5,2021-W19,Ihorombe,-22.55,46.95,faible,494097,0,0,0,0,0,0,0,0,0.0,0.0,0.0
2021-05-17,2021,5,2021-W20,Ihorombe,-22.55,46.95,faible,494097,0,0,0,0,0,0,0,0,0.0,0.0,0.0
2021-05-24,2021,5,2021-W21,Ihorombe,-22.55,46.95,faible,494097,0,0,0,0,0,0,0,0,0.0,0.0,0.0
2021-05-31,2021,5,2021-W22,Ihorombe,-22.55,46.95,faible,494097,0,0,0,0,0,0,0,0,0.0,0.0,0.0
2021-06-07,2021,6,2021-W23,Ihorombe,-22.55,46.95,faible,494097,0,0,0,0,0,0,0,0,0.0,0.0,0.0
2021-06-14,2021,6,2021-W24,Ihorombe,-22.55,46.95,faible,494097,0,0,0,0,0,0,0,0,0.0,0.0,0.0
2021-06-21,2021,6,2021-W25,Ihorombe,-22.55,46.95,faible,494097,0,0,0,0,0,0,0,0,0.0,0.0,0.0
2021-06-28,2021,6,2021-W26,Ihorombe,-22.55,46.95,faible,494097,0,0,0,0,0,0,0,0,0.0,0.0,0.0
2021-07-05,2021,7,2021-W27,Ihorombe,-22.55,46.95,faible,494097,0,0,0,0,0,0,0,0,0.0,0.0,0.0
2021-07-12,2021,7,2021-W28,Ihorombe,-22.55,46.95,faible,494097,0,0,0,0,0,0,0,0,0.0,0.0,0.0
2021-07-19,2021,7,2021-W29,Ihorombe,-22.55,46.95,faible,494097,0,0,0,0,0,0,0,0,0.0,0.0,0.0
2021-07-26,2021,7,2021-W30,Ihorombe,-22.55,46.95,faible,494097,0,0,0,0,0,0,0,0,0.0,0.0,0.0
2021-08-02,2021,8,2021-W31,Ihorombe,-22.55,46.95,faible,494097,0,0,0,0,0,0,0,0,0.0,0.0,0.0
2021-08-09,2021,8,2021-W32,Ihorombe,-22.55,46.95,faible,494097,0,0,0,0,0,0,0,0,0.0,0.0,0.0
2021-08-16,2021,8,2021-W33,Ihorombe,-22.55,46.95,faible,494097,0,0,0,0,0,0,0,0,0.0,0.0,0.0
2021-08-23,2021,8,2021-W34,Ihorombe,-22.55,46.95,faible,494097,0,0,0,0,0,0,0,0,0.0,0.0,0.0
2021-08-30,2021,8,2021-W35,Ihorombe,-22.55,46.95,faible,494097,0,0,0,0,0,0,0,0,0.0,0.0,0.0
2021-09-06,2021,9,2021-W36,Ihorombe,-22.55,46.95,faible,494097,0,0,0,0,0,0,0,0,0.0,0.0,0.0
2021-09-13,2021,9,2021-W37,Ihorombe,-22.55,46.95,faible,494097,0,0,0,0,0,0,0,0,0.0,0.0,0.0
2021-09-20,2021,9,2021-W38,Ihorombe,-22.55,46.95,faible,494097,0,0,0,0,0,0,0,0,0.0,0.0,0.0
2021-09-27,2021,9,2021-W39,Ihorombe,-22.55,46.95,faible,494097,0,0,0,0,0,0,0,0,0.0,0.0,0.0
2021-10-04,2021,10,2021-W40,Ihorombe,-22.55,46.95,faible,494097,0,0,0,0,0,0,0,0,0.0,0.0,0.0
2021-10-11,2021,10,2021-W41,Ihorombe,-22.55,46.95,faible,494097,0,0,0,0,0,0,0,0,0.0,0.0,0.0
2021-10-18,2021,10,2021-W42,Ihorombe,-22.55,46.95,faible,494097,0,0,0,0,0,0,0,0,0.0,0.0,0.0
2021-10-25,2021,10,2021-W43,Ihorombe,-22.55,46.95,faible,494097,0,0,0,0,0,0,0,0,0.0,0.0,0.0
2021-11-01,2021,11,2021-W44,Ihorombe,-22.55,46.95,faible,494097,0,0,0,0,0,0,0,0,0.0,0.0,0.0
2021-11-08,2021,11,2021-W45,Ihorombe,-22.55,46.95,faible,494097,0,0,0,0,0,0,0,0,0.0,0.0,0.0
2021-11-15,2021,11,2021-W46,Ihorombe,-22.55,46.95,faible,494097,0,0,0,0,0,0,0,0,0.0,0.0,0.0
2021-11-22,2021,11,2021-W47,Ihorombe,-22.55,46.95,faible,494097,0,0,0,0,0,0,0,0,0.0,0.0,0.0
2021-11-29,2021,11,2021-W48,Ihorombe,-22.55,46.95,faible,494097,0,0,0,0,0,0,0,0,0.0,0.0,0.0
2021-12-06,2021,12,2021-W49,Ihorombe,-22.55,46.95,faible,494097,0,0,0,0,0,0,0,0,0.0,0.0,0.0
2021-12-13,2021,12,2021-W50,Ihorombe,-22.55,46.95,faible,494097,0,0,0,0,0,0,0,0,0.0,0.0,0.0
2021-12-20,2021,12,2021-W51,Ihorombe,-22.55,46.95,faible,494097,0,0,0,0,0,0,0,0,0.0,0.0,0.0
2021-12-27,2021,12,2021-W52,Ihorombe,-22.55,46.95,faible,494097,0,0,0,0,0,0,0,0,0.0,0.0,0.0
2022-01-03,2022,1,2022-W01,Ihorombe,-22.55,46.95,faible,494097,0,0,0,0,0,0,0,0,0.0,0.0,0.0
2022-01-10,2022,1,2022-W02,Ihorombe,-22.55,46.95,faible,494097,0,0,0,0,0,0,0,0,0.0,0.0,0.0
2022-01-17,2022,1,2022-W03,Ihorombe,-22.55,46.95,faible,494097,0,0,0,0,0,0,0,0,0.0,0.0,0.0
2022-01-24,2022,1,2022-W04,Ihorombe,-22.55,46.95,faible,494097,0,0,0,0,0,0,0,0,0.0,0.0,0.0
2022-01-31,2022,1,2022-W05,Ihorombe,-22.55,46.95,faible,494097,0,0,0,0,0,0,0,0,0.0,0.0,0.0
2022-02-07,2022,2,2022-W06,Ihorombe,-22.55,46.95,faible,494097,0,0,0,0,0,0,0,0,0.0,0.0,0.0
2022-02-14,2022,2,2022-W07,Ihorombe,-22.55,46.95,faible,494097,0,0,0,0,0,0,0,0,0.0,0.0,0.0
2022-02-21,2022,2,2022-W08,Ihorombe,-22.55,46.95,faible,494097,0,0,0,0,0,0,0,0,0.0,0.0,0.0
2022-02-28,2022,2,2022-W09,Ihorombe,-22.55,46.95,faible,494097,0,0,0,0,0,0,0,0,0.0,0.0,0.0
2022-03-07,2022,3,2022-W10,Ihorombe,-22.55,46.95,faible,494097,0,0,0,0,0,0,0,0,0.0,0.0,0.0
2022-03-14,2022,3,2022-W11,Ihorombe,-22.55,46.95,faible,494097,0,0,0,0,0,0,0,0,0.0,0.0,0.0
2022-03-21,2022,3,2022-W12,Ihorombe,-22.55,46.95,faible,494097,0,0,0,0,0,0,0,0,0.0,0.0,0.0
2022-03-28,2022,3,2022-W13,Ihorombe,-22.55,46.95,faible,494097,0,0,0,0,0,0,0,0,0.0,0.0,0.0
2022-04-04,2022,4,2022-W14,Ihorombe,-22.55,46.95,faible,494097,0,0,0,0,0,0,0,0,0.0,0.0,0.0
2022-04-11,2022,4,2022-W15,Ihorombe,-22.55,46.95,faible,494097,0,0,0,0,0,0,0,0,0.0,0.0,0.0
2022-04-18,2022,4,2022-W16,Ihorombe,-22.55,46.95,faible,494097,0,0,0,0,0,0,0,0,0.0,0.0,0.0
2022-04-25,2022,4,2022-W17,Ihorombe,-22.55,46.95,faible,494097,0,0,0,0,0,0,0,0,0.0,0.0,0.0
2022-05-02,2022,5,2022-W18,Ihorombe,-22.55,46.95,faible,494097,0,0,0,0,0,0,0,0,0.0,0.0,0.0
2022-05-09,2022,5,2022-W19,Ihorombe,-22.55,46.95,faible,494097,0,0,0,0,0,0,0,0,0.0,0.0,0.0
2022-05-16,2022,5,2022-W20,Ihorombe,-22.55,46.95,faible,494097,0,0,0,0,0,0,0,0,0.0,0.0,0.0
2022-05-23,2022,5,2022-W21,Ihorombe,-22.55,46.95,faible,494097,0,0,0,0,0,0,0,0,0.0,0.0,0.0
2022-05-30,2022,5,2022-W22,Ihorombe,-22.55,46.95,faible,494097,0,0,0,0,0,0,0,0,0.0,0.0,0.0
2022-06-06,2022,6,2022-W23,Ihorombe,-22.55,46.95,faible,494097,0,0,0,0,0,0,0,0,0.0,0.0,0.0
2022-06-13,2022,6,2022-W24,Ihorombe,-22.55,46.95,faible,494097,0,0,0,0,0,0,0,0,0.0,0.0,0.0
2022-06-20,2022,6,2022-W25,Ihorombe,-22.55,46.95,faible,494097,0,0,0,0,0,0,0,0,0.0,0.0,0.0
2022-06-27,2022,6,2022-W26,Ihorombe,-22.55,46.95,faible,494097,0,0,0,0,0,0,0,0,0.0,0.0,0.0
2022-07-04,2022,7,2022-W27,Ihorombe,-22.55,46.95,faible,494097,0,0,0,0,0,0,0,0,0.0,0.0,0.0
2022-07-11,2022,7,2022-W28,Ihorombe,-22.55,46.95,faible,494097,0,0,0,0,0,0,0,0,0.0,0.0,0.0
2022-07-18,2022,7,2022-W29,Ihorombe,-22.55,46.95,faible,494097,0,0,0,0,0,0,0,0,0.0,0.0,0.0
2022-07-25,2022,7,2022-W30,Ihorombe,-22.55,46.95,faible,494097,0,0,0,0,0,0,0,0,0.0,0.0,0.0
2022-08-01,2022,8,2022-W31,Ihorombe,-22.55,46.95,faible,494097,0,0,0,0,0,0,0,0,0.0,0.0,0.0
2022-08-08,2022,8,2022-W32,Ihorombe,-22.55,46.95,faible,494097,0,0,0,0,0,0,0,0,0.0,0.0,0.0
2022-08-15,2022,8,2022-W33,Ihorombe,-22.55,46.95,faible,494097,0,0,0,0,0,0,0,0,0.0,0.0,0.0
2022-08-22,2022,8,2022-W34,Ihorombe,-22.55,46.95,faible,494097,0,0,0,0,0,0,0,0,0.0,0.0,0.0
2022-08-29,2022,8,2022-W35,Ihorombe,-22.55,46.95,faible,494097,0,0,0,0,0,0,0,0,0.0,0.0,0.0
2022-09-05,2022,9,2022-W36,Ihorombe,-22.55,46.95,faible,494097,0,0,0,0,0,0,0,0,0.0,0.0,0.0
2022-09-12,2022,9,2022-W37,Ihorombe,-22.55,46.95,faible,494097,0,0,0,0,0,0,0,0,0.0,0.0,0.0
2022-09-19,2022,9,2022-W38,Ihorombe,-22.55,46.95,faible,494097,0,0,0,0,0,0,0,0,0.0,0.0,0.0
2022-09-26,2022,9,2022-W39,Ihorombe,-22.55,46.95,faible,494097,0,0,0,0,0,0,0,0,0.0,0.0,0.0
2022-10-03,2022,10,2022-W40,Ihorombe,-22.55,46.95,faible,494097,0,0,0,0,0,0,0,0,0.0,0.0,0.0
2022-10-10,2022,10,2022-W41,Ihorombe,-22.55,46.95,faible,494097,0,0,0,0,0,0,0,0,0.0,0.0,0.0
2022-10-17,2022,10,2022-W42,Ihorombe,-22.55,46.95,faible,494097,0,0,0,0,0,0,0,0,0.0,0.0,0.0
2022-10-24,2022,10,2022-W43,Ihorombe,-22.55,46.95,faible,494097,0,0,0,0,0,0,0,0,0.0,0.0,0.0
2022-10-31,2022,10,2022-W44,Ihorombe,-22.55,46.95,faible,494097,0,0,0,0,0,0,0,0,0.0,0.0,0.0
2022-11-07,2022,11,2022-W45,Ihorombe,-22.55,46.95,faible,494097,0,0,0,0,0,0,0,0,0.0,0.0,0.0
2022-11-14,2022,11,2022-W46,Ihorombe,-22.55,46.95,faible,494097,0,0,0,0,0,0,0,0,0.0,0.0,0.0
2022-11-21,2022,11,2022-W47,Ihorombe,-22.55,46.95,faible,494097,0,0,0,0,0,0,0,0,0.0,0.0,0.0
2022-11-28,2022,11,2022-W48,Ihorombe,-22.55,46.95,faible,494097,0,0,0,0,0,0,0,0,0.0,0.0,0.0
2022-12-05,2022,12,2022-W49,Ihorombe,-22.55,46.95,faible,494097,0,0,0,0,0,0,0,0,0.0,0.0,0.0
2022-12-12,2022,12,2022-W50,Ihorombe,-22.55,46.95,faible,494097,0,0,0,0,0,0,0,0,0.0,0.0,0.0
2022-12-19,2022,12,2022-W51,Ihorombe,-22.55,46.95,faible,494097,0,0,0,0,0,0,0,0,0.0,0.0,0.0
2022-12-26,2022,12,2022-W52,Ihorombe,-22.55,46.95,faible,494097,0,0,0,0,0,0,0,0,0.0,0.0,0.0
2023-01-02,2023,1,2023-W01,Ihorombe,-22.55,46.95,faible,494097,0,0,0,0,0,0,0,0,0.0,0.0,0.0
2023-01-09,2023,1,2023-W02,Ihorombe,-22.55,46.95,faible,494097,0,0,0,0,0,0,0,0,0.0,0.0,0.0
2023-01-16,2023,1,2023-W03,Ihorombe,-22.55,46.95,faible,494097,0,0,0,0,0,0,0,0,0.0,0.0,0.0
2023-01-23,2023,1,2023-W04,Ihorombe,-22.55,46.95,faible,494097,0,0,0,0,0,0,0,0,0.0,0.0,0.0
2023-01-30,2023,1,2023-W05,Ihorombe,-22.55,46.95,faible,494097,0,0,0,0,0,0,0,0,0.0,0.0,0.0
2023-02-06,2023,2,2023-W06,Ihorombe,-22.55,46.95,faible,494097,0,0,0,0,0,0,0,0,0.0,0.0,0.0
2023-02-13,2023,2,2023-W07,Ihorombe,-22.55,46.95,faible,494097,0,0,0,0,0,0,0,0,0.0,0.0,0.0
2023-02-20,2023,2,2023-W08,Ihorombe,-22.55,46.95,faible,494097,0,0,0,0,0,0,0,0,0.0,0.0,0.0
2023-02-27,2023,2,2023-W09,Ihorombe,-22.55,46.95,faible,494097,0,0,0,0,0,0,0,0,0.0,0.0,0.0
2023-03-06,2023,3,2023-W10,Ihorombe,-22.55,46.95,faible,494097,0,0,0,0,0,0,0,0,0.0,0.0,0.0
2023-03-13,2023,3,2023-W11,Ihorombe,-22.55,46.95,faible,494097,0,0,0,0,0,0,0,0,0.0,0.0,0.0
2023-03-20,2023,3,2023-W12,Ihorombe,-22.55,46.95,faible,494097,0,0,0,0,0,0,0,0,0.0,0.0,0.0
2023-03-27,2023,3,2023-W13,Ihorombe,-22.55,46.95,faible,494097,0,0,0,0,0,0,0,0,0.0,0.0,0.0
2023-04-03,2023,4,2023-W14,Ihorombe,-22.55,46.95,faible,494097,0,0,0,0,0,0,0,0,0.0,0.0,0.0
2023-04-10,2023,4,2023-W15,Ihorombe,-22.55,46.95,faible,494097,0,0,0,0,0,0,0,0,0.0,0.0,0.0
2023-04-17,2023,4,2023-W16,Ihorombe,-22.55,46.95,faible,494097,0,0,0,0,0,0,0,0,0.0,0.0,0.0
2023-04-24,2023,4,2023-W17,Ihorombe,-22.55,46.95,faible,494097,0,0,0,0,0,0,0,0,0.0,0.0,0.0
2023-05-01,2023,5,2023-W18,Ihorombe,-22.55,46.95,faible,494097,0,0,0,0,0,0,0,0,0.0,0.0,0.0
2023-05-08,2023,5,2023-W19,Ihorombe,-22.55,46.95,faible,494097,0,0,0,0,0,0,0,0,0.0,0.0,0.0
2023-05-15,2023,5,2023-W20,Ihorombe,-22.55,46.95,faible,494097,0,0,0,0,0,0,0,0,0.0,0.0,0.0
2023-05-22,2023,5,2023-W21,Ihorombe,-22.55,46.95,faible,494097,0,0,0,0,0,0,0,0,0.0,0.0,0.0
2023-05-29,2023,5,2023-W22,Ihorombe,-22.55,46.95,faible,494097,0,0,0,0,0,0,0,0,0.0,0.0,0.0
2023-06-05,2023,6,2023-W23,Ihorombe,-22.55,46.95,faible,494097,0,0,0,0,0,0,0,0,0.0,0.0,0.0
2023-06-12,2023,6,2023-W24,Ihorombe,-22.55,46.95,faible,494097,0,0,0,0,0,0,0,0,0.0,0.0,0.0
2023-06-19,2023,6,2023-W25,Ihorombe,-22.55,46.95,faible,494097,0,0,0,0,0,0,0,0,0.0,0.0,0.0
2023-06-26,2023,6,2023-W26,Ihorombe,-22.55,46.95,faible,494097,0,0,0,0,0,0,0,0,0.0,0.0,0.0
2023-07-03,2023,7,2023-W27,Ihorombe,-22.55,46.95,faible,494097,0,0,0,0,0,0,0,0,0.0,0.0,0.0
2023-07-10,2023,7,2023-W28,Ihorombe,-22.55,46.95,faible,494097,0,0,0,0,0,0,0,0,0.0,0.0,0.0
2023-07-17,2023,7,2023-W29,Ihorombe,-22.55,46.95,faible,494097,0,0,0,0,0,0,0,0,0.0,0.0,0.0
2023-07-24,2023,7,2023-W30,Ihorombe,-22.55,46.95,faible,494097,0,0,0,0,0,0,0,0,0.0,0.0,0.0
2023-07-31,2023,7,2023-W31,Ihorombe,-22.55,46.95,faible,494097,0,0,0,0,0,0,0,0,0.0,0.0,0.0
2023-08-07,2023,8,2023-W32,Ihorombe,-22.55,46.95,faible,494097,0,0,0,0,0,0,0,0,0.0,0.0,0.0
2023-08-14,2023,8,2023-W33,Ihorombe,-22.55,46.95,faible,494097,0,0,0,0,0,0,0,0,0.0,0.0,0.0
2023-08-21,2023,8,2023-W34,Ihorombe,-22.55,46.95,faible,494097,0,0,0,0,0,0,0,0,0.0,0.0,0.0
2023-08-28,2023,8,2023-W35,Ihorombe,-22.55,46.95,faible,494097,0,0,0,0,0,0,0,0,0.0,0.0,0.0
2023-09-04,2023,9,2023-W36,Ihorombe,-22.55,46.95,faible,494097,0,0,0,0,0,0,0,0,0.0,0.0,0.0
2023-09-11,2023,9,2023-W37,Ihorombe,-22.55,46.95,faible,494097,0,0,0,0,0,0,0,0,0.0,0.0,0.0
2023-09-18,2023,9,2023-W38,Ihorombe,-22.55,46.95,faible,494097,0,0,0,0,0,0,0,0,0.0,0.0,0.0
2023-09-25,2023,9,2023-W39,Ihorombe,-22.55,46.95,faible,494097,0,0,0,0,0,0,0,0,0.0,0.0,0.0
2023-10-02,2023,10,2023-W40,Ihorombe,-22.55,46.95,faible,494097,0,0,0,0,0,0,0,0,0.0,0.0,0.0
2023-10-09,2023,10,2023-W41,Ihorombe,-22.55,46.95,faible,494097,0,0,0,0,0,0,0,0,0.0,0.0,0.0
2023-10-16,2023,10,2023-W42,Ihorombe,-22.55,46.95,faible,494097,0,0,0,0,0,0,0,0,0.0,0.0,0.0
2023-10-23,2023,10,2023-W43,Ihorombe,-22.55,46.95,faible,494097,0,0,0,0,0,0,0,0,0.0,0.0,0.0
2023-10-30,2023,10,2023-W44,Ihorombe,-22.55,46.95,faible,494097,0,0,0,0,0,0,0,0,0.0,0.0,0.0
2023-11-06,2023,11,2023-W45,Ihorombe,-22.55,46.95,faible,494097,0,0,0,0,0,0,0,0,0.0,0.0,0.0
2023-11-13,2023,11,2023-W46,Ihorombe,-22.55,46.95,faible,494097,0,0,0,0,0,0,0,0,0.0,0.0,0.0
2023-11-20,2023,11,2023-W47,Ihorombe,-22.55,46.95,faible,494097,0,0,0,0,0,0,0,0,0.0,0.0,0.0
2023-11-27,2023,11,2023-W48,Ihorombe,-22.55,46.95,faible,494097,0,0,0,0,0,0,0,0,0.0,0.0,0.0
2023-12-04,2023,12,2023-W49,Ihorombe,-22.55,46.95,faible,494097,0,0,0,0,0,0,0,0,0.0,0.0,0.0
2023-12-11,2023,12,2023-W50,Ihorombe,-22.55,46.95,faible,494097,0,0,0,0,0,0,0,0,0.0,0.0,0.0
2023-12-18,2023,12,2023-W51,Ihorombe,-22.55,46.95,faible,494097,0,0,0,0,0,0,0,0,0.0,0.0,0.0
2023-12-25,2023,12,2023-W52,Ihorombe,-22.55,46.95,faible,494097,0,0,0,0,0,0,0,0,0.0,0.0,0.0
2024-01-01,2024,1,2024-W01,Ihorombe,-22.55,46.95,faible,494097,0,0,0,0,0,0,0,0,0.0,0.0,0.0
2024-01-08,2024,1,2024-W02,Ihorombe,-22.55,46.95,faible,494097,0,0,0,0,0,0,0,0,0.0,0.0,0.0
2024-01-15,2024,1,2024-W03,Ihorombe,-22.55,46.95,faible,494097,0,0,0,0,0,0,0,0,0.0,0.0,0.0
2024-01-22,2024,1,2024-W04,Ihorombe,-22.55,46.95,faible,494097,0,0,0,0,0,0,0,0,0.0,0.0,0.0
2024-01-29,2024,1,2024-W05,Ihorombe,-22.55,46.95,faible,494097,0,0,0,0,0,0,0,0,0.0,0.0,0.0
2024-02-05,2024,2,2024-W06,Ihorombe,-22.55,46.95,faible,494097,0,0,0,0,0,0,0,0,0.0,0.0,0.0
2024-02-12,2024,2,2024-W07,Ihorombe,-22.55,46.95,faible,494097,0,0,0,0,0,0,0,0,0.0,0.0,0.0
2024-02-19,2024,2,2024-W08,Ihorombe,-22.55,46.95,faible,494097,0,0,0,0,0,0,0,0,0.0,0.0,0.0
2024-02-26,2024,2,2024-W09,Ihorombe,-22.55,46.95,faible,494097,0,0,0,0,0,0,0,0,0.0,0.0,0.0
2024-03-04,2024,3,2024-W10,Ihorombe,-22.55,46.95,faible,494097,0,0,0,0,0,0,0,0,0.0,0.0,0.0
2024-03-11,2024,3,2024-W11,Ihorombe,-22.55,46.95,faible,494097,0,0,0,0,0,0,0,0,0.0,0.0,0.0
2024-03-18,2024,3,2024-W12,Ihorombe,-22.55,46.95,faible,494097,0,0,0,0,0,0,0,0,0.0,0.0,0.0
2024-03-25,2024,3,2024-W13,Ihorombe,-22.55,46.95,faible,494097,0,0,0,0,0,0,0,0,0.0,0.0,0.0
2024-04-01,2024,4,2024-W14,Ihorombe,-22.55,46.95,faible,494097,0,0,0,0,0,0,0,0,0.0,0.0,0.0
2024-04-08,2024,4,2024-W15,Ihorombe,-22.55,46.95,faible,494097,0,0,0,0,0,0,0,0,0.0,0.0,0.0
2024-04-15,2024,4,2024-W16,Ihorombe,-22.55,46.95,faible,494097,0,0,0,0,0,0,0,0,0.0,0.0,0.0
2024-04-22,2024,4,2024-W17,Ihorombe,-22.55,46.95,faible,494097,0,0,0,0,0,0,0,0,0.0,0.0,0.0
2024-04-29,2024,4,2024-W18,Ihorombe,-22.55,46.95,faible,494097,0,0,0,0,0,0,0,0,0.0,0.0,0.0
2024-05-06,2024,5,2024-W19,Ihorombe,-22.55,46.95,faible,494097,0,0,0,0,0,0,0,0,0.0,0.0,0.0
2024-05-13,2024,5,2024-W20,Ihorombe,-22.55,46.95,faible,494097,0,0,0,0,0,0,0,0,0.0,0.0,0.0
2024-05-20,2024,5,2024-W21,Ihorombe,-22.55,46.95,faible,494097,0,0,0,0,0,0,0,0,0.0,0.0,0.0
2024-05-27,2024,5,2024-W22,Ihorombe,-22.55,46.95,faible,494097,0,0,0,0,0,0,0,0,0.0,0.0,0.0
2024-06-03,2024,6,2024-W23,Ihorombe,-22.55,46.95,faible,494097,0,0,0,0,0,0,0,0,0.0,0.0,0.0
2024-06-10,2024,6,2024-W24,Ihorombe,-22.55,46.95,faible,494097,0,0,0,0,0,0,0,0,0.0,0.0,0.0
2024-06-17,2024,6,2024-W25,Ihorombe,-22.55,46.95,faible,494097,0,0,0,0,0,0,0,0,0.0,0.0,0.0
2024-06-24,2024,6,2024-W26,Ihorombe,-22.55,46.95,faible,494097,0,0,0,0,0,0,0,0,0.0,0.0,0.0
2024-07-01,2024,7,2024-W27,Ihorombe,-22.55,46.95,faible,494097,0,0,0,0,0,0,0,0,0.0,0.0,0.0
2024-07-08,2024,7,2024-W28,Ihorombe,-22.55,46.95,faible,494097,0,0,0,0,0,0,0,0,0.0,0.0,0.0
2024-07-15,2024,7,2024-W29,Ihorombe,-22.55,46.95,faible,494097,0,0,0,0,0,0,0,0,0.0,0.0,0.0
2024-07-22,2024,7,2024-W30,Ihorombe,-22.55,46.95,faible,494097,0,0,0,0,0,0,0,0,0.0,0.0,0.0
2024-07-29,2024,7,2024-W31,Ihorombe,-22.55,46.95,faible,494097,0,0,0,0,0,0,0,0,0.0,0.0,0.0
2024-08-05,2024,8,2024-W32,Ihorombe,-22.55,46.95,faible,494097,0,0,0,0,0,0,0,0,0.0,0.0,0.0
2024-08-12,2024,8,2024-W33,Ihorombe,-22.55,46.95,faible,494097,0,0,0,0,0,0,0,0,0.0,0.0,0.0
2024-08-19,2024,8,2024-W34,Ihorombe,-22.55,46.95,faible,494097,0,0,0,0,0,0,0,0,0.0,0.0,0.0
2024-08-26,2024,8,2024-W35,Ihorombe,-22.55,46.95,faible,494097,0,0,0,0,0,0,0,0,0.0,0.0,0.0
2024-09-02,2024,9,2024-W36,Ihorombe,-22.55,46.95,faible,494097,0,0,0,0,0,0,0,0,0.0,0.0,0.0
2024-09-09,2024,9,2024-W37,Ihorombe,-22.55,46.95,faible,494097,0,0,0,0,0,0,0,0,0.0,0.0,0.0
2024-09-16,2024,9,2024-W38,Ihorombe,-22.55,46.95,faible,494097,0,0,0,0,0,0,0,0,0.0,0.0,0.0
2024-09-23,2024,9,2024-W39,Ihorombe,-22.55,46.95,faible,494097,0,0,0,0,0,0,0,0,0.0,0.0,0.0
2024-09-30,2024,9,2024-W40,Ihorombe,-22.55,46.95,faible,494097,0,0,0,0,0,0,0,0,0.0,0.0,0.0
2024-10-07,2024,10,2024-W41,Ihorombe,-22.55,46.95,faible,494097,0,0,0,0,0,0,0,0,0.0,0.0,0.0
2024-10-14,2024,10,2024-W42,Ihorombe,-22.55,46.95,faible,494097,0,0,0,0,0,0,0,0,0.0,0.0,0.0
2024-10-21,2024,10,2024-W43,Ihorombe,-22.55,46.95,faible,494097,0,0,0,0,0,0,0,0,0.0,0.0,0.0
2024-10-28,2024,10,2024-W44,Ihorombe,-22.55,46.95,faible,494097,0,0,0,0,0,0,0,0,0.0,0.0,0.0
2024-11-04,2024,11,2024-W45,Ihorombe,-22.55,46.95,faible,494097,0,0,0,0,0,0,0,0,0.0,0.0,0.0
2024-11-11,2024,11,2024-W46,Ihorombe,-22.55,46.95,faible,494097,0,0,0,0,0,0,0,0,0.0,0.0,0.0
2024-11-18,2024,11,2024-W47,Ihorombe,-22.55,46.95,faible,494097,0,0,0,0,0,0,0,0,0.0,0.0,0.0
2024-11-25,2024,11,2024-W48,Ihorombe,-22.55,46.95,faible,494097,0,0,0,0,0,0,0,0,0.0,0.0,0.0
2024-12-02,2024,12,2024-W49,Ihorombe,-22.55,46.95,faible,494097,0,0,0,0,0,0,0,0,0.0,0.0,0.0
2024-12-09,2024,12,2024-W50,Ihorombe,-22.55,46.95,faible,494097,0,0,0,0,0,0,0,0,0.0,0.0,0.0
2024-12-16,2024,12,2024-W51,Ihorombe,-22.55,46.95,faible,494097,0,0,0,0,0,0,0,0,0.0,0.0,0.0
2024-12-23,2024,12,2024-W52,Ihorombe,-22.55,46.95,faible,494097,0,0,0,0,0,0,0,0,0.0,0.0,0.0
2024-12-30,2024,12,2025-W01,Ihorombe,-22.55,46.95,faible,494097,0,0,0,0,0,0,0,0,0.0,0.0,0.0
2025-01-06,2025,1,2025-W02,Ihorombe,-22.55,46.95,faible,494097,0,0,0,0,0,0,0,0,0.0,0.0,0.0
2025-01-13,2025,1,2025-W03,Ihorombe,-22.55,46.95,faible,494097,0,0,0,0,0,0,0,0,0.0,0.0,0.0
2025-01-20,2025,1,2025-W04,Ihorombe,-22.55,46.95,faible,494097,0,0,0,0,0,0,0,0,0.0,0.0,0.0
2025-01-27,2025,1,2025-W05,Ihorombe,-22.55,46.95,faible,494097,0,0,0,0,0,0,0,0,0.0,0.0,0.0
2025-02-03,2025,2,2025-W06,Ihorombe,-22.55,46.95,faible,494097,0,0,0,0,0,0,0,0,0.0,0.0,0.0
2025-02-10,2025,2,2025-W07,Ihorombe,-22.55,46.95,faible,494097,0,0,0,0,0,0,0,0,0.0,0.0,0.0
2025-02-17,2025,2,2025-W08,Ihorombe,-22.55,46.95,faible,494097,0,0,0,0,0,0,0,0,0.0,0.0,0.0
2025-02-24,2025,2,2025-W09,Ihorombe,-22.55,46.95,faible,494097,0,0,0,0,0,0,0,0,0.0,0.0,0.0
2025-03-03,2025,3,2025-W10,Ihorombe,-22.55,46.95,faible,494097,0,0,0,0,0,0,0,0,0.0,0.0,0.0
2025-03-10,2025,3,2025-W11,Ihorombe,-22.55,46.95,faible,494097,0,0,0,0,0,0,0,0,0.0,0.0,0.0
2025-03-17,2025,3,2025-W12,Ihorombe,-22.55,46.95,faible,494097,0,0,0,0,0,0,0,0,0.0,0.0,0.0
2025-03-24,2025,3,2025-W13,Ihorombe,-22.55,46.95,faible,494097,0,0,0,0,0,0,0,0,0.0,0.0,0.0
2025-03-31,2025,3,2025-W14,Ihorombe,-22.55,46.95,faible,494097,0,0,0,0,0,0,0,0,0.0,0.0,0.0
2025-04-07,2025,4,2025-W15,Ihorombe,-22.55,46.95,faible,494097,0,0,0,0,0,0,0,0,0.0,0.0,0.0
2025-04-14,2025,4,2025-W16,Ihorombe,-22.55,46.95,faible,494097,0,0,0,0,0,0,0,0,0.0,0.0,0.0
2025-04-21,2025,4,2025-W17,Ihorombe,-22.55,46.95,faible,494097,0,0,0,0,0,0,0,0,0.0,0.0,0.0
2025-04-28,2025,4,2025-W18,Ihorombe,-22.55,46.95,faible,494097,0,0,0,0,0,0,0,0,0.0,0.0,0.0
2025-05-05,2025,5,2025-W19,Ihorombe,-22.55,46.95,faible,494097,0,0,0,0,0,0,0,0,0.0,0.0,0.0
2025-05-12,2025,5,2025-W20,Ihorombe,-22.55,46.95,faible,494097,0,0,0,0,0,0,0,0,0.0,0.0,0.0
2025-05-19,2025,5,2025-W21,Ihorombe,-22.55,46.95,faible,494097,0,0,0,0,0,0,0,0,0.0,0.0,0.0
2025-05-26,2025,5,2025-W22,Ihorombe,-22.55,46.95,faible,494097,0,0,0,0,0,0,0,0,0.0,0.0,0.0
2025-06-02,2025,6,2025-W23,Ihorombe,-22.55,46.95,faible,494097,0,0,0,0,0,0,0,0,0.0,0.0,0.0
2025-06-09,2025,6,2025-W24,Ihorombe,-22.55,46.95,faible,494097,0,0,0,0,0,0,0,0,0.0,0.0,0.0
2025-06-16,2025,6,2025-W25,Ihorombe,-22.55,46.95,faible,494097,0,0,0,0,0,0,0,0,0.0,0.0,0.0
2025-06-23,2025,6,2025-W26,Ihorombe,-22.55,46.95,faible,494097,0,0,0,0,0,0,0,0,0.0,0.0,0.0
2025-06-30,2025,6,2025-W27,Ihorombe,-22.55,46.95,faible,494097,0,0,0,0,0,0,0,0,0.0,0.0,0.0
2025-07-07,2025,7,2025-W28,Ihorombe,-22.55,46.95,faible,494097,0,0,0,0,0,0,0,0,0.0,0.0,0.0
2025-07-14,2025,7,2025-W29,Ihorombe,-22.55,46.95,faible,494097,0,0,0,0,0,0,0,0,0.0,0.0,0.0
2025-07-21,2025,7,2025-W30,Ihorombe,-22.55,46.95,faible,494097,0,0,0,0,0,0,0,0,0.0,0.0,0.0
2025-07-28,2025,7,2025-W31,Ihorombe,-22.55,46.95,faible,494097,0,0,0,0,0,0,0,0,0.0,0.0,0.0
2025-08-04,2025,8,2025-W32,Ihorombe,-22.55,46.95,faible,494097,0,0,0,0,0,0,0,0,0.0,0.0,0.0
2025-08-11,2025,8,2025-W33,Ihorombe,-22.55,46.95,faible,494097,0,0,0,0,0,0,0,0,0.0,0.0,0.0
2025-08-18,2025,8,2025-W34,Ihorombe,-22.55,46.95,faible,494097,0,0,0,0,0,0,0,0,0.0,0.0,0.0
2025-08-25,2025,8,2025-W35,Ihorombe,-22.55,46.95,faible,494097,0,0,0,0,0,0,0,0,0.0,0.0,0.0
2025-09-01,2025,9,2025-W36,Ihorombe,-22.55,46.95,faible,494097,0,0,0,0,0,0,0,0,0.0,0.0,0.0
2025-09-08,2025,9,2025-W37,Ihorombe,-22.55,46.95,faible,494097,0,0,0,0,0,0,0,0,0.0,0.0,0.0
2025-09-15,2025,9,2025-W38,Ihorombe,-22.55,46.95,faible,494097,0,0,0,0,0,0,0,0,0.0,0.0,0.0
2025-09-22,2025,9,2025-W39,Ihorombe,-22.55,46.95,faible,494097,0,0,0,0,0,0,0,0,0.0,0.0,0.0
2025-09-29,2025,9,2025-W40,Ihorombe,-22.55,46.95,faible,494097,0,0,0,0,0,0,0,0,0.0,0.0,0.0
2025-10-06,2025,10,2025-W41,Ihorombe,-22.55,46.95,faible,494097,0,0,0,0,0,0,0,0,0.0,0.0,0.0
2025-10-13,2025,10,2025-W42,Ihorombe,-22.55,46.95,faible,494097,0,0,0,0,0,0,0,0,0.0,0.0,0.0
2025-10-20,2025,10,2025-W43,Ihorombe,-22.55,46.95,faible,494097,0,0,0,0,0,0,0,0,0.0,0.0,0.0
2025-10-27,2025,10,2025-W44,Ihorombe,-22.55,46.95,faible,494097,0,0,0,0,0,0,0,0,0.0,0.0,0.0
2025-11-03,2025,11,2025-W45,Ihorombe,-22.55,46.95,faible,494097,0,0,0,0,0,0,0,0,0.0,0.0,0.0
2025-11-10,2025,11,2025-W46,Ihorombe,-22.55,46.95,faible,494097,0,0,0,0,0,0,0,0,0.0,0.0,0.0
2025-11-17,2025,11,2025-W47,Ihorombe,-22.55,46.95,faible,494097,0,0,0,0,0,0,0,0,0.0,0.0,0.0
2025-11-24,2025,11,2025-W48,Ihorombe,-22.55,46.95,faible,494097,0,0,0,0,0,0,0,0,0.0,0.0,0.0
2025-12-01,2025,12,2025-W49,Ihorombe,-22.55,46.95,faible,494097,0,0,0,0,0,0,0,0,0.0,0.0,0.0
2025-12-08,2025,12,2025-W50,Ihorombe,-22.55,46.95,faible,494097,0,0,0,0,0,0,0,0,0.0,0.0,0.0
2025-12-15,2025,12,2025-W51,Ihorombe,-22.55,46.95,faible,494097,0,0,0,0,0,0,0,0,0.0,0.0,0.0
2025-12-22,2025,12,2025-W52,Ihorombe,-22.55,46.95,faible,494097,0,0,0,0,0,0,0,0,0.0,0.0,0.0
2025-12-29,2025,12,2026-W01,Ihorombe,-22.55,46.95,faible,494097,0,0,0,0,0,0,0,0,0.0,0.0,0.0
2026-01-05,2026,1,2026-W02,Ihorombe,-22.55,46.95,faible,494097,0,0,0,0,0,0,0,0,0.0,0.0,0.0
2026-01-12,2026,1,2026-W03,Ihorombe,-22.55,46.95,faible,494097,0,0,0,0,0,0,0,0,0.0,0.0,0.0
2026-01-19,2026,1,2026-W04,Ihorombe,-22.55,46.95,faible,494097,0,0,0,0,0,0,0,0,0.0,0.0,0.0
2026-01-26,2026,1,2026-W05,Ihorombe,-22.55,46.95,faible,494097,0,0,0,0,0,0,0,0,0.0,0.0,0.0
2026-02-02,2026,2,2026-W06,Ihorombe,-22.55,46.95,faible,494097,0,0,0,0,0,0,0,0,0.0,0.0,0.0
2026-02-09,2026,2,2026-W07,Ihorombe,-22.55,46.95,faible,494097,0,0,0,0,0,0,0,0,0.0,0.0,0.0
2026-02-16,2026,2,2026-W08,Ihorombe,-22.55,46.95,faible,494097,0,0,0,0,0,0,0,0,0.0,0.0,0.0
2026-02-23,2026,2,2026-W09,Ihorombe,-22.55,46.95,faible,494097,0,0,0,0,0,0,0,0,0.0,0.0,0.0
2026-03-02,2026,3,2026-W10,Ihorombe,-22.55,46.95,faible,494097,0,0,0,0,0,0,0,0,0.0,0.0,0.0
2026-03-09,2026,3,2026-W11,Ihorombe,-22.55,46.95,faible,494097,0,0,0,0,0,0,0,0,0.0,0.0,0.0
2026-03-16,2026,3,2026-W12,Ihorombe,-22.55,46.95,faible,494097,0,0,0,0,0,0,0,0,0.0,0.0,0.0
2026-03-23,2026,3,2026-W13,Ihorombe,-22.55,46.95,faible,494097,0,0,0,0,0,0,0,0,0.0,0.0,0.0
2026-03-30,2026,3,2026-W14,Ihorombe,-22.55,46.95,faible,494097,0,0,0,0,0,0,0,0,0.0,0.0,0.0
2026-04-06,2026,4,2026-W15,Ihorombe,-22.55,46.95,faible,494097,0,0,0,0,0,0,0,0,0.0,0.0,0.0
2026-04-13,2026,4,2026-W16,Ihorombe,-22.55,46.95,faible,494097,0,0,0,0,0,0,0,0,0.0,0.0,0.0
2026-04-20,2026,4,2026-W17,Ihorombe,-22.55,46.95,faible,494097,0,0,0,0,0,0,0,0,0.0,0.0,0.0
2026-04-27,2026,4,2026-W18,Ihorombe,-22.55,46.95,faible,494097,0,0,0,0,0,0,0,0,0.0,0.0,0.0
2026-05-04,2026,5,2026-W19,Ihorombe,-22.55,46.95,faible,494097,0,0,0,0,0,0,0,0,0.0,0.0,0.0
2026-05-11,2026,5,2026-W20,Ihorombe,-22.55,46.95,faible,494097,0,0,0,0,0,0,0,0,0.0,0.0,0.0
2026-05-18,2026,5,2026-W21,Ihorombe,-22.55,46.95,faible,494097,0,0,0,0,0,0,0,0,0.0,0.0,0.0
2026-05-25,2026,5,2026-W22,Ihorombe,-22.55,46.95,faible,494097,0,0,0,0,0,0,0,0,0.0,0.0,0.0
2026-06-01,2026,6,2026-W23,Ihorombe,-22.55,46.95,faible,494097,0,0,0,0,0,0,0,0,0.0,0.0,0.0
2026-06-08,2026,6,2026-W24,Ihorombe,-22.55,46.95,faible,494097,0,0,0,0,0,0,0,0,0.0,0.0,0.0
2026-06-15,2026,6,2026-W25,Ihorombe,-22.55,46.95,faible,494097,0,0,0,0,0,0,0,0,0.0,0.0,0.0
2026-06-22,2026,6,2026-W26,Ihorombe,-22.55,46.95,faible,494097,0,0,0,0,0,0,0,0,0.0,0.0,0.0
2026-06-29,2026,6,2026-W27,Ihorombe,-22.55,46.95,faible,494097,0,0,0,0,0,0,0,0,0.0,0.0,0.0
2026-07-06,2026,7,2026-W28,Ihorombe,-22.55,46.95,faible,494097,0,0,0,0,0,0,0,0,0.0,0.0,0.0
2026-07-13,2026,7,2026-W29,Ihorombe,-22.55,46.95,faible,494097,0,0,0,0,0,0,0,0,0.0,0.0,0.0
2026-07-20,2026,7,2026-W30,Ihorombe,-22.55,46.95,faible,494097,0,0,0,0,0,0,0,0,0.0,0.0,0.0
2026-07-27,2026,7,2026-W31,Ihorombe,-22.55,46.95,faible,494097,0,0,0,0,0,0,0,0,0.0,0.0,0.0
2020-01-06,2020,1,2020-W02,Betsiboka,-16.95,46.8167,faible,465641,0,0,0,0,0,0,0,0,0.0,0.0,0.0
2020-01-13,2020,1,2020-W03,Betsiboka,-16.95,46.8167,faible,465641,0,0,0,0,0,0,0,0,0.0,0.0,0.0
2020-01-20,2020,1,2020-W04,Betsiboka,-16.95,46.8167,faible,465641,0,0,0,0,0,0,0,0,0.0,0.0,0.0
2020-01-27,2020,1,2020-W05,Betsiboka,-16.95,46.8167,faible,465641,0,0,0,0,0,0,0,0,0.0,0.0,0.0
2020-02-03,2020,2,2020-W06,Betsiboka,-16.95,46.8167,faible,465641,0,0,0,0,0,0,0,0,0.0,0.0,0.0
2020-02-10,2020,2,2020-W07,Betsiboka,-16.95,46.8167,faible,465641,0,0,0,0,0,0,0,0,0.0,0.0,0.0
2020-02-17,2020,2,2020-W08,Betsiboka,-16.95,46.8167,faible,465641,0,0,0,0,0,0,0,0,0.0,0.0,0.0
2020-02-24,2020,2,2020-W09,Betsiboka,-16.95,46.8167,faible,465641,0,0,0,0,0,0,0,0,0.0,0.0,0.0
2020-03-02,2020,3,2020-W10,Betsiboka,-16.95,46.8167,faible,465641,0,0,0,0,0,0,0,0,0.0,0.0,0.0
2020-03-09,2020,3,2020-W11,Betsiboka,-16.95,46.8167,faible,465641,0,0,0,0,0,0,0,0,0.0,0.0,0.0
2020-03-16,2020,3,2020-W12,Betsiboka,-16.95,46.8167,faible,465641,0,0,0,0,0,0,0,0,0.0,0.0,0.0
2020-03-23,2020,3,2020-W13,Betsiboka,-16.95,46.8167,faible,465641,0,0,0,0,0,0,0,0,0.0,0.0,0.0
2020-03-30,2020,3,2020-W14,Betsiboka,-16.95,46.8167,faible,465641,0,0,0,0,0,0,0,0,0.0,0.0,0.0
2020-04-06,2020,4,2020-W15,Betsiboka,-16.95,46.8167,faible,465641,0,0,0,0,0,0,0,0,0.0,0.0,0.0
2020-04-13,2020,4,2020-W16,Betsiboka,-16.95,46.8167,faible,465641,0,0,0,0,0,0,0,0,0.0,0.0,0.0
2020-04-20,2020,4,2020-W17,Betsiboka,-16.95,46.8167,faible,465641,0,0,0,0,0,0,0,0,0.0,0.0,0.0
2020-04-27,2020,4,2020-W18,Betsiboka,-16.95,46.8167,faible,465641,0,0,0,0,0,0,0,0,0.0,0.0,0.0
2020-05-04,2020,5,2020-W19,Betsiboka,-16.95,46.8167,faible,465641,0,0,0,0,0,0,0,0,0.0,0.0,0.0
2020-05-11,2020,5,2020-W20,Betsiboka,-16.95,46.8167,faible,465641,0,0,0,0,0,0,0,0,0.0,0.0,0.0
2020-05-18,2020,5,2020-W21,Betsiboka,-16.95,46.8167,faible,465641,0,0,0,0,0,0,0,0,0.0,0.0,0.0
2020-05-25,2020,5,2020-W22,Betsiboka,-16.95,46.8167,faible,465641,0,0,0,0,0,0,0,0,0.0,0.0,0.0
2020-06-01,2020,6,2020-W23,Betsiboka,-16.95,46.8167,faible,465641,0,0,0,0,0,0,0,0,0.0,0.0,0.0
2020-06-08,2020,6,2020-W24,Betsiboka,-16.95,46.8167,faible,465641,0,0,0,0,0,0,0,0,0.0,0.0,0.0
2020-06-15,2020,6,2020-W25,Betsiboka,-16.95,46.8167,faible,465641,0,0,0,0,0,0,0,0,0.0,0.0,0.0
2020-06-22,2020,6,2020-W26,Betsiboka,-16.95,46.8167,faible,465641,0,0,0,0,0,0,0,0,0.0,0.0,0.0
2020-06-29,2020,6,2020-W27,Betsiboka,-16.95,46.8167,faible,465641,0,0,0,0,0,0,0,0,0.0,0.0,0.0
2020-07-06,2020,7,2020-W28,Betsiboka,-16.95,46.8167,faible,465641,0,0,0,0,0,0,0,0,0.0,0.0,0.0
2020-07-13,2020,7,2020-W29,Betsiboka,-16.95,46.8167,faible,465641,0,0,0,0,0,0,0,0,0.0,0.0,0.0
2020-07-20,2020,7,2020-W30,Betsiboka,-16.95,46.8167,faible,465641,0,0,0,0,0,0,0,0,0.0,0.0,0.0
2020-07-27,2020,7,2020-W31,Betsiboka,-16.95,46.8167,faible,465641,0,0,0,0,0,0,0,0,0.0,0.0,0.0
2020-08-03,2020,8,2020-W32,Betsiboka,-16.95,46.8167,faible,465641,0,0,0,0,0,0,0,0,0.0,0.0,0.0
2020-08-10,2020,8,2020-W33,Betsiboka,-16.95,46.8167,faible,465641,0,0,0,0,0,0,0,0,0.0,0.0,0.0
2020-08-17,2020,8,2020-W34,Betsiboka,-16.95,46.8167,faible,465641,0,0,0,0,0,0,0,0,0.0,0.0,0.0
2020-08-24,2020,8,2020-W35,Betsiboka,-16.95,46.8167,faible,465641,0,0,0,0,0,0,0,0,0.0,0.0,0.0
2020-08-31,2020,8,2020-W36,Betsiboka,-16.95,46.8167,faible,465641,0,0,0,0,0,0,0,0,0.0,0.0,0.0
2020-09-07,2020,9,2020-W37,Betsiboka,-16.95,46.8167,faible,465641,0,0,0,0,0,0,0,0,0.0,0.0,0.0
2020-09-14,2020,9,2020-W38,Betsiboka,-16.95,46.8167,faible,465641,0,0,0,0,0,0,0,0,0.0,0.0,0.0
2020-09-21,2020,9,2020-W39,Betsiboka,-16.95,46.8167,faible,465641,0,0,0,0,0,0,0,0,0.0,0.0,0.0
2020-09-28,2020,9,2020-W40,Betsiboka,-16.95,46.8167,faible,465641,0,0,0,0,0,0,0,0,0.0,0.0,0.0
2020-10-05,2020,10,2020-W41,Betsiboka,-16.95,46.8167,faible,465641,0,0,0,0,0,0,0,0,0.0,0.0,0.0
2020-10-12,2020,10,2020-W42,Betsiboka,-16.95,46.8167,faible,465641,0,0,0,0,0,0,0,0,0.0,0.0,0.0
2020-10-19,2020,10,2020-W43,Betsiboka,-16.95,46.8167,faible,465641,0,0,0,0,0,0,0,0,0.0,0.0,0.0
2020-10-26,2020,10,2020-W44,Betsiboka,-16.95,46.8167,faible,465641,0,0,0,0,0,0,0,0,0.0,0.0,0.0
2020-11-02,2020,11,2020-W45,Betsiboka,-16.95,46.8167,faible,465641,0,0,0,0,0,0,0,0,0.0,0.0,0.0
2020-11-09,2020,11,2020-W46,Betsiboka,-16.95,46.8167,faible,465641,0,0,0,0,0,0,0,0,0.0,0.0,0.0
2020-11-16,2020,11,2020-W47,Betsiboka,-16.95,46.8167,faible,465641,0,0,0,0,0,0,0,0,0.0,0.0,0.0
2020-11-23,2020,11,2020-W48,Betsiboka,-16.95,46.8167,faible,465641,0,0,0,0,0,0,0,0,0.0,0.0,0.0
2020-11-30,2020,11,2020-W49,Betsiboka,-16.95,46.8167,faible,465641,0,0,0,0,0,0,0,0,0.0,0.0,0.0
2020-12-07,2020,12,2020-W50,Betsiboka,-16.95,46.8167,faible,465641,0,0,0,0,0,0,0,0,0.0,0.0,0.0
2020-12-14,2020,12,2020-W51,Betsiboka,-16.95,46.8167,faible,465641,0,0,0,0,0,0,0,0,0.0,0.0,0.0
2020-12-21,2020,12,2020-W52,Betsiboka,-16.95,46.8167,faible,465641,0,0,0,0,0,0,0,0,0.0,0.0,0.0
2020-12-28,2020,12,2020-W53,Betsiboka,-16.95,46.8167,faible,465641,0,0,0,0,0,0,0,0,0.0,0.0,0.0
2021-01-04,2021,1,2021-W01,Betsiboka,-16.95,46.8167,faible,465641,0,0,0,0,0,0,0,0,0.0,0.0,0.0
2021-01-11,2021,1,2021-W02,Betsiboka,-16.95,46.8167,faible,465641,0,0,0,0,0,0,0,0,0.0,0.0,0.0
2021-01-18,2021,1,2021-W03,Betsiboka,-16.95,46.8167,faible,465641,0,0,0,0,0,0,0,0,0.0,0.0,0.0
2021-01-25,2021,1,2021-W04,Betsiboka,-16.95,46.8167,faible,465641,0,0,0,0,0,0,0,0,0.0,0.0,0.0
2021-02-01,2021,2,2021-W05,Betsiboka,-16.95,46.8167,faible,465641,0,0,0,0,0,0,0,0,0.0,0.0,0.0
2021-02-08,2021,2,2021-W06,Betsiboka,-16.95,46.8167,faible,465641,0,0,0,0,0,0,0,0,0.0,0.0,0.0
2021-02-15,2021,2,2021-W07,Betsiboka,-16.95,46.8167,faible,465641,0,0,0,0,0,0,0,0,0.0,0.0,0.0
2021-02-22,2021,2,2021-W08,Betsiboka,-16.95,46.8167,faible,465641,0,0,0,0,0,0,0,0,0.0,0.0,0.0
2021-03-01,2021,3,2021-W09,Betsiboka,-16.95,46.8167,faible,465641,0,0,0,0,0,0,0,0,0.0,0.0,0.0
2021-03-08,2021,3,2021-W10,Betsiboka,-16.95,46.8167,faible,465641,0,0,0,0,0,0,0,0,0.0,0.0,0.0
2021-03-15,2021,3,2021-W11,Betsiboka,-16.95,46.8167,faible,465641,0,0,0,0,0,0,0,0,0.0,0.0,0.0
2021-03-22,2021,3,2021-W12,Betsiboka,-16.95,46.8167,faible,465641,0,0,0,0,0,0,0,0,0.0,0.0,0.0
2021-03-29,2021,3,2021-W13,Betsiboka,-16.95,46.8167,faible,465641,0,0,0,0,0,0,0,0,0.0,0.0,0.0
2021-04-05,2021,4,2021-W14,Betsiboka,-16.95,46.8167,faible,465641,0,0,0,0,0,0,0,0,0.0,0.0,0.0
2021-04-12,2021,4,2021-W15,Betsiboka,-16.95,46.8167,faible,465641,0,0,0,0,0,0,0,0,0.0,0.0,0.0
2021-04-19,2021,4,2021-W16,Betsiboka,-16.95,46.8167,faible,465641,0,0,0,0,0,0,0,0,0.0,0.0,0.0
2021-04-26,2021,4,2021-W17,Betsiboka,-16.95,46.8167,faible,465641,0,0,0,0,0,0,0,0,0.0,0.0,0.0
2021-05-03,2021,5,2021-W18,Betsiboka,-16.95,46.8167,faible,465641,0,0,0,0,0,0,0,0,0.0,0.0,0.0
2021-05-10,2021,5,2021-W19,Betsiboka,-16.95,46.8167,faible,465641,0,0,0,0,0,0,0,0,0.0,0.0,0.0
2021-05-17,2021,5,2021-W20,Betsiboka,-16.95,46.8167,faible,465641,0,0,0,0,0,0,0,0,0.0,0.0,0.0
2021-05-24,2021,5,2021-W21,Betsiboka,-16.95,46.8167,faible,465641,0,0,0,0,0,0,0,0,0.0,0.0,0.0
2021-05-31,2021,5,2021-W22,Betsiboka,-16.95,46.8167,faible,465641,0,0,0,0,0,0,0,0,0.0,0.0,0.0
2021-06-07,2021,6,2021-W23,Betsiboka,-16.95,46.8167,faible,465641,0,0,0,0,0,0,0,0,0.0,0.0,0.0
2021-06-14,2021,6,2021-W24,Betsiboka,-16.95,46.8167,faible,465641,0,0,0,0,0,0,0,0,0.0,0.0,0.0
2021-06-21,2021,6,2021-W25,Betsiboka,-16.95,46.8167,faible,465641,0,0,0,0,0,0,0,0,0.0,0.0,0.0
2021-06-28,2021,6,2021-W26,Betsiboka,-16.95,46.8167,faible,465641,0,0,0,0,0,0,0,0,0.0,0.0,0.0
2021-07-05,2021,7,2021-W27,Betsiboka,-16.95,46.8167,faible,465641,0,0,0,0,0,0,0,0,0.0,0.0,0.0
2021-07-12,2021,7,2021-W28,Betsiboka,-16.95,46.8167,faible,465641,0,0,0,0,0,0,0,0,0.0,0.0,0.0
2021-07-19,2021,7,2021-W29,Betsiboka,-16.95,46.8167,faible,465641,0,0,0,0,0,0,0,0,0.0,0.0,0.0
2021-07-26,2021,7,2021-W30,Betsiboka,-16.95,46.8167,faible,465641,0,0,0,0,0,0,0,0,0.0,0.0,0.0
2021-08-02,2021,8,2021-W31,Betsiboka,-16.95,46.8167,faible,465641,0,0,0,0,0,0,0,0,0.0,0.0,0.0
2021-08-09,2021,8,2021-W32,Betsiboka,-16.95,46.8167,faible,465641,0,0,0,0,0,0,0,0,0.0,0.0,0.0
2021-08-16,2021,8,2021-W33,Betsiboka,-16.95,46.8167,faible,465641,0,0,0,0,0,0,0,0,0.0,0.0,0.0
2021-08-23,2021,8,2021-W34,Betsiboka,-16.95,46.8167,faible,465641,0,0,0,0,0,0,0,0,0.0,0.0,0.0
2021-08-30,2021,8,2021-W35,Betsiboka,-16.95,46.8167,faible,465641,0,0,0,0,0,0,0,0,0.0,0.0,0.0
2021-09-06,2021,9,2021-W36,Betsiboka,-16.95,46.8167,faible,465641,0,0,0,0,0,0,0,0,0.0,0.0,0.0
2021-09-13,2021,9,2021-W37,Betsiboka,-16.95,46.8167,faible,465641,0,0,0,0,0,0,0,0,0.0,0.0,0.0
2021-09-20,2021,9,2021-W38,Betsiboka,-16.95,46.8167,faible,465641,0,0,0,0,0,0,0,0,0.0,0.0,0.0
2021-09-27,2021,9,2021-W39,Betsiboka,-16.95,46.8167,faible,465641,0,0,0,0,0,0,0,0,0.0,0.0,0.0
2021-10-04,2021,10,2021-W40,Betsiboka,-16.95,46.8167,faible,465641,0,0,0,0,0,0,0,0,0.0,0.0,0.0
2021-10-11,2021,10,2021-W41,Betsiboka,-16.95,46.8167,faible,465641,0,0,0,0,0,0,0,0,0.0,0.0,0.0
2021-10-18,2021,10,2021-W42,Betsiboka,-16.95,46.8167,faible,465641,0,0,0,0,0,0,0,0,0.0,0.0,0.0
2021-10-25,2021,10,2021-W43,Betsiboka,-16.95,46.8167,faible,465641,0,0,0,0,0,0,0,0,0.0,0.0,0.0
2021-11-01,2021,11,2021-W44,Betsiboka,-16.95,46.8167,faible,465641,0,0,0,0,0,0,0,0,0.0,0.0,0.0
2021-11-08,2021,11,2021-W45,Betsiboka,-16.95,46.8167,faible,465641,0,0,0,0,0,0,0,0,0.0,0.0,0.0
2021-11-15,2021,11,2021-W46,Betsiboka,-16.95,46.8167,faible,465641,0,0,0,0,0,0,0,0,0.0,0.0,0.0
2021-11-22,2021,11,2021-W47,Betsiboka,-16.95,46.8167,faible,465641,0,0,0,0,0,0,0,0,0.0,0.0,0.0
2021-11-29,2021,11,2021-W48,Betsiboka,-16.95,46.8167,faible,465641,0,0,0,0,0,0,0,0,0.0,0.0,0.0
2021-12-06,2021,12,2021-W49,Betsiboka,-16.95,46.8167,faible,465641,0,0,0,0,0,0,0,0,0.0,0.0,0.0
2021-12-13,2021,12,2021-W50,Betsiboka,-16.95,46.8167,faible,465641,0,0,0,0,0,0,0,0,0.0,0.0,0.0
2021-12-20,2021,12,2021-W51,Betsiboka,-16.95,46.8167,faible,465641,0,0,0,0,0,0,0,0,0.0,0.0,0.0
2021-12-27,2021,12,2021-W52,Betsiboka,-16.95,46.8167,faible,465641,0,0,0,0,0,0,0,0,0.0,0.0,0.0
2022-01-03,2022,1,2022-W01,Betsiboka,-16.95,46.8167,faible,465641,0,0,0,0,0,0,0,0,0.0,0.0,0.0
2022-01-10,2022,1,2022-W02,Betsiboka,-16.95,46.8167,faible,465641,0,0,0,0,0,0,0,0,0.0,0.0,0.0
2022-01-17,2022,1,2022-W03,Betsiboka,-16.95,46.8167,faible,465641,0,0,0,0,0,0,0,0,0.0,0.0,0.0
2022-01-24,2022,1,2022-W04,Betsiboka,-16.95,46.8167,faible,465641,0,0,0,0,0,0,0,0,0.0,0.0,0.0
2022-01-31,2022,1,2022-W05,Betsiboka,-16.95,46.8167,faible,465641,0,0,0,0,0,0,0,0,0.0,0.0,0.0
2022-02-07,2022,2,2022-W06,Betsiboka,-16.95,46.8167,faible,465641,0,0,0,0,0,0,0,0,0.0,0.0,0.0
2022-02-14,2022,2,2022-W07,Betsiboka,-16.95,46.8167,faible,465641,0,0,0,0,0,0,0,0,0.0,0.0,0.0
2022-02-21,2022,2,2022-W08,Betsiboka,-16.95,46.8167,faible,465641,0,0,0,0,0,0,0,0,0.0,0.0,0.0
2022-02-28,2022,2,2022-W09,Betsiboka,-16.95,46.8167,faible,465641,0,0,0,0,0,0,0,0,0.0,0.0,0.0
2022-03-07,2022,3,2022-W10,Betsiboka,-16.95,46.8167,faible,465641,0,0,0,0,0,0,0,0,0.0,0.0,0.0
2022-03-14,2022,3,2022-W11,Betsiboka,-16.95,46.8167,faible,465641,0,0,0,0,0,0,0,0,0.0,0.0,0.0
2022-03-21,2022,3,2022-W12,Betsiboka,-16.95,46.8167,faible,465641,0,0,0,0,0,0,0,0,0.0,0.0,0.0
2022-03-28,2022,3,2022-W13,Betsiboka,-16.95,46.8167,faible,465641,0,0,0,0,0,0,0,0,0.0,0.0,0.0
2022-04-04,2022,4,2022-W14,Betsiboka,-16.95,46.8167,faible,465641,0,0,0,0,0,0,0,0,0.0,0.0,0.0
2022-04-11,2022,4,2022-W15,Betsiboka,-16.95,46.8167,faible,465641,0,0,0,0,0,0,0,0,0.0,0.0,0.0
2022-04-18,2022,4,2022-W16,Betsiboka,-16.95,46.8167,faible,465641,0,0,0,0,0,0,0,0,0.0,0.0,0.0
2022-04-25,2022,4,2022-W17,Betsiboka,-16.95,46.8167,faible,465641,0,0,0,0,0,0,0,0,0.0,0.0,0.0
2022-05-02,2022,5,2022-W18,Betsiboka,-16.95,46.8167,faible,465641,0,0,0,0,0,0,0,0,0.0,0.0,0.0
2022-05-09,2022,5,2022-W19,Betsiboka,-16.95,46.8167,faible,465641,0,0,0,0,0,0,0,0,0.0,0.0,0.0
2022-05-16,2022,5,2022-W20,Betsiboka,-16.95,46.8167,faible,465641,0,0,0,0,0,0,0,0,0.0,0.0,0.0
2022-05-23,2022,5,2022-W21,Betsiboka,-16.95,46.8167,faible,465641,0,0,0,0,0,0,0,0,0.0,0.0,0.0
2022-05-30,2022,5,2022-W22,Betsiboka,-16.95,46.8167,faible,465641,0,0,0,0,0,0,0,0,0.0,0.0,0.0
2022-06-06,2022,6,2022-W23,Betsiboka,-16.95,46.8167,faible,465641,0,0,0,0,0,0,0,0,0.0,0.0,0.0
2022-06-13,2022,6,2022-W24,Betsiboka,-16.95,46.8167,faible,465641,0,0,0,0,0,0,0,0,0.0,0.0,0.0
2022-06-20,2022,6,2022-W25,Betsiboka,-16.95,46.8167,faible,465641,0,0,0,0,0,0,0,0,0.0,0.0,0.0
2022-06-27,2022,6,2022-W26,Betsiboka,-16.95,46.8167,faible,465641,0,0,0,0,0,0,0,0,0.0,0.0,0.0
2022-07-04,2022,7,2022-W27,Betsiboka,-16.95,46.8167,faible,465641,0,0,0,0,0,0,0,0,0.0,0.0,0.0
2022-07-11,2022,7,2022-W28,Betsiboka,-16.95,46.8167,faible,465641,0,0,0,0,0,0,0,0,0.0,0.0,0.0
2022-07-18,2022,7,2022-W29,Betsiboka,-16.95,46.8167,faible,465641,0,0,0,0,0,0,0,0,0.0,0.0,0.0
2022-07-25,2022,7,2022-W30,Betsiboka,-16.95,46.8167,faible,465641,0,0,0,0,0,0,0,0,0.0,0.0,0.0
2022-08-01,2022,8,2022-W31,Betsiboka,-16.95,46.8167,faible,465641,0,0,0,0,0,0,0,0,0.0,0.0,0.0
2022-08-08,2022,8,2022-W32,Betsiboka,-16.95,46.8167,faible,465641,0,0,0,0,0,0,0,0,0.0,0.0,0.0
2022-08-15,2022,8,2022-W33,Betsiboka,-16.95,46.8167,faible,465641,0,0,0,0,0,0,0,0,0.0,0.0,0.0
2022-08-22,2022,8,2022-W34,Betsiboka,-16.95,46.8167,faible,465641,0,0,0,0,0,0,0,0,0.0,0.0,0.0
2022-08-29,2022,8,2022-W35,Betsiboka,-16.95,46.8167,faible,465641,0,0,0,0,0,0,0,0,0.0,0.0,0.0
2022-09-05,2022,9,2022-W36,Betsiboka,-16.95,46.8167,faible,465641,0,0,0,0,0,0,0,0,0.0,0.0,0.0
2022-09-12,2022,9,2022-W37,Betsiboka,-16.95,46.8167,faible,465641,0,0,0,0,0,0,0,0,0.0,0.0,0.0
2022-09-19,2022,9,2022-W38,Betsiboka,-16.95,46.8167,faible,465641,0,0,0,0,0,0,0,0,0.0,0.0,0.0
2022-09-26,2022,9,2022-W39,Betsiboka,-16.95,46.8167,faible,465641,0,0,0,0,0,0,0,0,0.0,0.0,0.0
2022-10-03,2022,10,2022-W40,Betsiboka,-16.95,46.8167,faible,465641,0,0,0,0,0,0,0,0,0.0,0.0,0.0
2022-10-10,2022,10,2022-W41,Betsiboka,-16.95,46.8167,faible,465641,0,0,0,0,0,0,0,0,0.0,0.0,0.0
2022-10-17,2022,10,2022-W42,Betsiboka,-16.95,46.8167,faible,465641,0,0,0,0,0,0,0,0,0.0,0.0,0.0
2022-10-24,2022,10,2022-W43,Betsiboka,-16.95,46.8167,faible,465641,0,0,0,0,0,0,0,0,0.0,0.0,0.0
2022-10-31,2022,10,2022-W44,Betsiboka,-16.95,46.8167,faible,465641,0,0,0,0,0,0,0,0,0.0,0.0,0.0
2022-11-07,2022,11,2022-W45,Betsiboka,-16.95,46.8167,faible,465641,0,0,0,0,0,0,0,0,0.0,0.0,0.0
2022-11-14,2022,11,2022-W46,Betsiboka,-16.95,46.8167,faible,465641,0,0,0,0,0,0,0,0,0.0,0.0,0.0
2022-11-21,2022,11,2022-W47,Betsiboka,-16.95,46.8167,faible,465641,0,0,0,0,0,0,0,0,0.0,0.0,0.0
2022-11-28,2022,11,2022-W48,Betsiboka,-16.95,46.8167,faible,465641,0,0,0,0,0,0,0,0,0.0,0.0,0.0
2022-12-05,2022,12,2022-W49,Betsiboka,-16.95,46.8167,faible,465641,0,0,0,0,0,0,0,0,0.0,0.0,0.0
2022-12-12,2022,12,2022-W50,Betsiboka,-16.95,46.8167,faible,465641,0,0,0,0,0,0,0,0,0.0,0.0,0.0
2022-12-19,2022,12,2022-W51,Betsiboka,-16.95,46.8167,faible,465641,0,0,0,0,0,0,0,0,0.0,0.0,0.0
2022-12-26,2022,12,2022-W52,Betsiboka,-16.95,46.8167,faible,465641,0,0,0,0,0,0,0,0,0.0,0.0,0.0
2023-01-02,2023,1,2023-W01,Betsiboka,-16.95,46.8167,faible,465641,0,0,0,0,0,0,0,0,0.0,0.0,0.0
2023-01-09,2023,1,2023-W02,Betsiboka,-16.95,46.8167,faible,465641,0,0,0,0,0,0,0,0,0.0,0.0,0.0
2023-01-16,2023,1,2023-W03,Betsiboka,-16.95,46.8167,faible,465641,0,0,0,0,0,0,0,0,0.0,0.0,0.0
2023-01-23,2023,1,2023-W04,Betsiboka,-16.95,46.8167,faible,465641,0,0,0,0,0,0,0,0,0.0,0.0,0.0
2023-01-30,2023,1,2023-W05,Betsiboka,-16.95,46.8167,faible,465641,0,0,0,0,0,0,0,0,0.0,0.0,0.0
2023-02-06,2023,2,2023-W06,Betsiboka,-16.95,46.8167,faible,465641,0,0,0,0,0,0,0,0,0.0,0.0,0.0
2023-02-13,2023,2,2023-W07,Betsiboka,-16.95,46.8167,faible,465641,0,0,0,0,0,0,0,0,0.0,0.0,0.0
2023-02-20,2023,2,2023-W08,Betsiboka,-16.95,46.8167,faible,465641,0,0,0,0,0,0,0,0,0.0,0.0,0.0
2023-02-27,2023,2,2023-W09,Betsiboka,-16.95,46.8167,faible,465641,0,0,0,0,0,0,0,0,0.0,0.0,0.0
2023-03-06,2023,3,2023-W10,Betsiboka,-16.95,46.8167,faible,465641,0,0,0,0,0,0,0,0,0.0,0.0,0.0
2023-03-13,2023,3,2023-W11,Betsiboka,-16.95,46.8167,faible,465641,0,0,0,0,0,0,0,0,0.0,0.0,0.0
2023-03-20,2023,3,2023-W12,Betsiboka,-16.95,46.8167,faible,465641,0,0,0,0,0,0,0,0,0.0,0.0,0.0
2023-03-27,2023,3,2023-W13,Betsiboka,-16.95,46.8167,faible,465641,0,0,0,0,0,0,0,0,0.0,0.0,0.0
2023-04-03,2023,4,2023-W14,Betsiboka,-16.95,46.8167,faible,465641,0,0,0,0,0,0,0,0,0.0,0.0,0.0
2023-04-10,2023,4,2023-W15,Betsiboka,-16.95,46.8167,faible,465641,0,0,0,0,0,0,0,0,0.0,0.0,0.0
2023-04-17,2023,4,2023-W16,Betsiboka,-16.95,46.8167,faible,465641,0,0,0,0,0,0,0,0,0.0,0.0,0.0
2023-04-24,2023,4,2023-W17,Betsiboka,-16.95,46.8167,faible,465641,0,0,0,0,0,0,0,0,0.0,0.0,0.0
2023-05-01,2023,5,2023-W18,Betsiboka,-16.95,46.8167,faible,465641,0,0,0,0,0,0,0,0,0.0,0.0,0.0
2023-05-08,2023,5,2023-W19,Betsiboka,-16.95,46.8167,faible,465641,0,0,0,0,0,0,0,0,0.0,0.0,0.0
2023-05-15,2023,5,2023-W20,Betsiboka,-16.95,46.8167,faible,465641,0,0,0,0,0,0,0,0,0.0,0.0,0.0
2023-05-22,2023,5,2023-W21,Betsiboka,-16.95,46.8167,faible,465641,0,0,0,0,0,0,0,0,0.0,0.0,0.0
2023-05-29,2023,5,2023-W22,Betsiboka,-16.95,46.8167,faible,465641,0,0,0,0,0,0,0,0,0.0,0.0,0.0
2023-06-05,2023,6,2023-W23,Betsiboka,-16.95,46.8167,faible,465641,0,0,0,0,0,0,0,0,0.0,0.0,0.0
2023-06-12,2023,6,2023-W24,Betsiboka,-16.95,46.8167,faible,465641,0,0,0,0,0,0,0,0,0.0,0.0,0.0
2023-06-19,2023,6,2023-W25,Betsiboka,-16.95,46.8167,faible,465641,0,0,0,0,0,0,0,0,0.0,0.0,0.0
2023-06-26,2023,6,2023-W26,Betsiboka,-16.95,46.8167,faible,465641,0,0,0,0,0,0,0,0,0.0,0.0,0.0
2023-07-03,2023,7,2023-W27,Betsiboka,-16.95,46.8167,faible,465641,0,0,0,0,0,0,0,0,0.0,0.0,0.0
2023-07-10,2023,7,2023-W28,Betsiboka,-16.95,46.8167,faible,465641,0,0,0,0,0,0,0,0,0.0,0.0,0.0
2023-07-17,2023,7,2023-W29,Betsiboka,-16.95,46.8167,faible,465641,0,0,0,0,0,0,0,0,0.0,0.0,0.0
2023-07-24,2023,7,2023-W30,Betsiboka,-16.95,46.8167,faible,465641,0,0,0,0,0,0,0,0,0.0,0.0,0.0
2023-07-31,2023,7,2023-W31,Betsiboka,-16.95,46.8167,faible,465641,0,0,0,0,0,0,0,0,0.0,0.0,0.0
2023-08-07,2023,8,2023-W32,Betsiboka,-16.95,46.8167,faible,465641,0,0,0,0,0,0,0,0,0.0,0.0,0.0
2023-08-14,2023,8,2023-W33,Betsiboka,-16.95,46.8167,faible,465641,0,0,0,0,0,0,0,0,0.0,0.0,0.0
2023-08-21,2023,8,2023-W34,Betsiboka,-16.95,46.8167,faible,465641,0,0,0,0,0,0,0,0,0.0,0.0,0.0
2023-08-28,2023,8,2023-W35,Betsiboka,-16.95,46.8167,faible,465641,0,0,0,0,0,0,0,0,0.0,0.0,0.0
2023-09-04,2023,9,2023-W36,Betsiboka,-16.95,46.8167,faible,465641,0,0,0,0,0,0,0,0,0.0,0.0,0.0
2023-09-11,2023,9,2023-W37,Betsiboka,-16.95,46.8167,faible,465641,0,0,0,0,0,0,0,0,0.0,0.0,0.0
2023-09-18,2023,9,2023-W38,Betsiboka,-16.95,46.8167,faible,465641,0,0,0,0,0,0,0,0,0.0,0.0,0.0
2023-09-25,2023,9,2023-W39,Betsiboka,-16.95,46.8167,faible,465641,0,0,0,0,0,0,0,0,0.0,0.0,0.0
2023-10-02,2023,10,2023-W40,Betsiboka,-16.95,46.8167,faible,465641,0,0,0,0,0,0,0,0,0.0,0.0,0.0
2023-10-09,2023,10,2023-W41,Betsiboka,-16.95,46.8167,faible,465641,0,0,0,0,0,0,0,0,0.0,0.0,0.0
2023-10-16,2023,10,2023-W42,Betsiboka,-16.95,46.8167,faible,465641,0,0,0,0,0,0,0,0,0.0,0.0,0.0
2023-10-23,2023,10,2023-W43,Betsiboka,-16.95,46.8167,faible,465641,0,0,0,0,0,0,0,0,0.0,0.0,0.0
2023-10-30,2023,10,2023-W44,Betsiboka,-16.95,46.8167,faible,465641,0,0,0,0,0,0,0,0,0.0,0.0,0.0
2023-11-06,2023,11,2023-W45,Betsiboka,-16.95,46.8167,faible,465641,0,0,0,0,0,0,0,0,0.0,0.0,0.0
2023-11-13,2023,11,2023-W46,Betsiboka,-16.95,46.8167,faible,465641,0,0,0,0,0,0,0,0,0.0,0.0,0.0
2023-11-20,2023,11,2023-W47,Betsiboka,-16.95,46.8167,faible,465641,0,0,0,0,0,0,0,0,0.0,0.0,0.0
2023-11-27,2023,11,2023-W48,Betsiboka,-16.95,46.8167,faible,465641,0,0,0,0,0,0,0,0,0.0,0.0,0.0
2023-12-04,2023,12,2023-W49,Betsiboka,-16.95,46.8167,faible,465641,0,0,0,0,0,0,0,0,0.0,0.0,0.0
2023-12-11,2023,12,2023-W50,Betsiboka,-16.95,46.8167,faible,465641,0,0,0,0,0,0,0,0,0.0,0.0,0.0
2023-12-18,2023,12,2023-W51,Betsiboka,-16.95,46.8167,faible,465641,0,0,0,0,0,0,0,0,0.0,0.0,0.0
2023-12-25,2023,12,2023-W52,Betsiboka,-16.95,46.8167,faible,465641,0,0,0,0,0,0,0,0,0.0,0.0,0.0
2024-01-01,2024,1,2024-W01,Betsiboka,-16.95,46.8167,faible,465641,0,0,0,0,0,0,0,0,0.0,0.0,0.0
2024-01-08,2024,1,2024-W02,Betsiboka,-16.95,46.8167,faible,465641,0,0,0,0,0,0,0,0,0.0,0.0,0.0
2024-01-15,2024,1,2024-W03,Betsiboka,-16.95,46.8167,faible,465641,0,0,0,0,0,0,0,0,0.0,0.0,0.0
2024-01-22,2024,1,2024-W04,Betsiboka,-16.95,46.8167,faible,465641,0,0,0,0,0,0,0,0,0.0,0.0,0.0
2024-01-29,2024,1,2024-W05,Betsiboka,-16.95,46.8167,faible,465641,0,0,0,0,0,0,0,0,0.0,0.0,0.0
2024-02-05,2024,2,2024-W06,Betsiboka,-16.95,46.8167,faible,465641,0,0,0,0,0,0,0,0,0.0,0.0,0.0
2024-02-12,2024,2,2024-W07,Betsiboka,-16.95,46.8167,faible,465641,0,0,0,0,0,0,0,0,0.0,0.0,0.0
2024-02-19,2024,2,2024-W08,Betsiboka,-16.95,46.8167,faible,465641,0,0,0,0,0,0,0,0,0.0,0.0,0.0
2024-02-26,2024,2,2024-W09,Betsiboka,-16.95,46.8167,faible,465641,0,0,0,0,0,0,0,0,0.0,0.0,0.0
2024-03-04,2024,3,2024-W10,Betsiboka,-16.95,46.8167,faible,465641,0,0,0,0,0,0,0,0,0.0,0.0,0.0
2024-03-11,2024,3,2024-W11,Betsiboka,-16.95,46.8167,faible,465641,0,0,0,0,0,0,0,0,0.0,0.0,0.0
2024-03-18,2024,3,2024-W12,Betsiboka,-16.95,46.8167,faible,465641,0,0,0,0,0,0,0,0,0.0,0.0,0.0
2024-03-25,2024,3,2024-W13,Betsiboka,-16.95,46.8167,faible,465641,0,0,0,0,0,0,0,0,0.0,0.0,0.0
2024-04-01,2024,4,2024-W14,Betsiboka,-16.95,46.8167,faible,465641,0,0,0,0,0,0,0,0,0.0,0.0,0.0
2024-04-08,2024,4,2024-W15,Betsiboka,-16.95,46.8167,faible,465641,0,0,0,0,0,0,0,0,0.0,0.0,0.0
2024-04-15,2024,4,2024-W16,Betsiboka,-16.95,46.8167,faible,465641,0,0,0,0,0,0,0,0,0.0,0.0,0.0
2024-04-22,2024,4,2024-W17,Betsiboka,-16.95,46.8167,faible,465641,0,0,0,0,0,0,0,0,0.0,0.0,0.0
2024-04-29,2024,4,2024-W18,Betsiboka,-16.95,46.8167,faible,465641,0,0,0,0,0,0,0,0,0.0,0.0,0.0
2024-05-06,2024,5,2024-W19,Betsiboka,-16.95,46.8167,faible,465641,0,0,0,0,0,0,0,0,0.0,0.0,0.0
2024-05-13,2024,5,2024-W20,Betsiboka,-16.95,46.8167,faible,465641,0,0,0,0,0,0,0,0,0.0,0.0,0.0
2024-05-20,2024,5,2024-W21,Betsiboka,-16.95,46.8167,faible,465641,0,0,0,0,0,0,0,0,0.0,0.0,0.0
2024-05-27,2024,5,2024-W22,Betsiboka,-16.95,46.8167,faible,465641,0,0,0,0,0,0,0,0,0.0,0.0,0.0
2024-06-03,2024,6,2024-W23,Betsiboka,-16.95,46.8167,faible,465641,0,0,0,0,0,0,0,0,0.0,0.0,0.0
2024-06-10,2024,6,2024-W24,Betsiboka,-16.95,46.8167,faible,465641,0,0,0,0,0,0,0,0,0.0,0.0,0.0
2024-06-17,2024,6,2024-W25,Betsiboka,-16.95,46.8167,faible,465641,0,0,0,0,0,0,0,0,0.0,0.0,0.0
2024-06-24,2024,6,2024-W26,Betsiboka,-16.95,46.8167,faible,465641,0,0,0,0,0,0,0,0,0.0,0.0,0.0
2024-07-01,2024,7,2024-W27,Betsiboka,-16.95,46.8167,faible,465641,0,0,0,0,0,0,0,0,0.0,0.0,0.0
2024-07-08,2024,7,2024-W28,Betsiboka,-16.95,46.8167,faible,465641,0,0,0,0,0,0,0,0,0.0,0.0,0.0
2024-07-15,2024,7,2024-W29,Betsiboka,-16.95,46.8167,faible,465641,0,0,0,0,0,0,0,0,0.0,0.0,0.0
2024-07-22,2024,7,2024-W30,Betsiboka,-16.95,46.8167,faible,465641,0,0,0,0,0,0,0,0,0.0,0.0,0.0
2024-07-29,2024,7,2024-W31,Betsiboka,-16.95,46.8167,faible,465641,0,0,0,0,0,0,0,0,0.0,0.0,0.0
2024-08-05,2024,8,2024-W32,Betsiboka,-16.95,46.8167,faible,465641,0,0,0,0,0,0,0,0,0.0,0.0,0.0
2024-08-12,2024,8,2024-W33,Betsiboka,-16.95,46.8167,faible,465641,0,0,0,0,0,0,0,0,0.0,0.0,0.0
2024-08-19,2024,8,2024-W34,Betsiboka,-16.95,46.8167,faible,465641,0,0,0,0,0,0,0,0,0.0,0.0,0.0
2024-08-26,2024,8,2024-W35,Betsiboka,-16.95,46.8167,faible,465641,0,0,0,0,0,0,0,0,0.0,0.0,0.0
2024-09-02,2024,9,2024-W36,Betsiboka,-16.95,46.8167,faible,465641,0,0,0,0,0,0,0,0,0.0,0.0,0.0
2024-09-09,2024,9,2024-W37,Betsiboka,-16.95,46.8167,faible,465641,0,0,0,0,0,0,0,0,0.0,0.0,0.0
2024-09-16,2024,9,2024-W38,Betsiboka,-16.95,46.8167,faible,465641,0,0,0,0,0,0,0,0,0.0,0.0,0.0
2024-09-23,2024,9,2024-W39,Betsiboka,-16.95,46.8167,faible,465641,0,0,0,0,0,0,0,0,0.0,0.0,0.0
2024-09-30,2024,9,2024-W40,Betsiboka,-16.95,46.8167,faible,465641,0,0,0,0,0,0,0,0,0.0,0.0,0.0
2024-10-07,2024,10,2024-W41,Betsiboka,-16.95,46.8167,faible,465641,0,0,0,0,0,0,0,0,0.0,0.0,0.0
2024-10-14,2024,10,2024-W42,Betsiboka,-16.95,46.8167,faible,465641,0,0,0,0,0,0,0,0,0.0,0.0,0.0
2024-10-21,2024,10,2024-W43,Betsiboka,-16.95,46.8167,faible,465641,0,0,0,0,0,0,0,0,0.0,0.0,0.0
2024-10-28,2024,10,2024-W44,Betsiboka,-16.95,46.8167,faible,465641,0,0,0,0,0,0,0,0,0.0,0.0,0.0
2024-11-04,2024,11,2024-W45,Betsiboka,-16.95,46.8167,faible,465641,0,0,0,0,0,0,0,0,0.0,0.0,0.0
2024-11-11,2024,11,2024-W46,Betsiboka,-16.95,46.8167,faible,465641,0,0,0,0,0,0,0,0,0.0,0.0,0.0
2024-11-18,2024,11,2024-W47,Betsiboka,-16.95,46.8167,faible,465641,0,0,0,0,0,0,0,0,0.0,0.0,0.0
2024-11-25,2024,11,2024-W48,Betsiboka,-16.95,46.8167,faible,465641,0,0,0,0,0,0,0,0,0.0,0.0,0.0
2024-12-02,2024,12,2024-W49,Betsiboka,-16.95,46.8167,faible,465641,0,0,0,0,0,0,0,0,0.0,0.0,0.0
2024-12-09,2024,12,2024-W50,Betsiboka,-16.95,46.8167,faible,465641,0,0,0,0,0,0,0,0,0.0,0.0,0.0
2024-12-16,2024,12,2024-W51,Betsiboka,-16.95,46.8167,faible,465641,0,0,0,0,0,0,0,0,0.0,0.0,0.0
2024-12-23,2024,12,2024-W52,Betsiboka,-16.95,46.8167,faible,465641,0,0,0,0,0,0,0,0,0.0,0.0,0.0
2024-12-30,2024,12,2025-W01,Betsiboka,-16.95,46.8167,faible,465641,0,0,0,0,0,0,0,0,0.0,0.0,0.0
2025-01-06,2025,1,2025-W02,Betsiboka,-16.95,46.8167,faible,465641,0,0,0,0,0,0,0,0,0.0,0.0,0.0
2025-01-13,2025,1,2025-W03,Betsiboka,-16.95,46.8167,faible,465641,0,0,0,0,0,0,0,0,0.0,0.0,0.0
2025-01-20,2025,1,2025-W04,Betsiboka,-16.95,46.8167,faible,465641,0,0,0,0,0,0,0,0,0.0,0.0,0.0
2025-01-27,2025,1,2025-W05,Betsiboka,-16.95,46.8167,faible,465641,0,0,0,0,0,0,0,0,0.0,0.0,0.0
2025-02-03,2025,2,2025-W06,Betsiboka,-16.95,46.8167,faible,465641,0,0,0,0,0,0,0,0,0.0,0.0,0.0
2025-02-10,2025,2,2025-W07,Betsiboka,-16.95,46.8167,faible,465641,0,0,0,0,0,0,0,0,0.0,0.0,0.0
2025-02-17,2025,2,2025-W08,Betsiboka,-16.95,46.8167,faible,465641,0,0,0,0,0,0,0,0,0.0,0.0,0.0
2025-02-24,2025,2,2025-W09,Betsiboka,-16.95,46.8167,faible,465641,0,0,0,0,0,0,0,0,0.0,0.0,0.0
2025-03-03,2025,3,2025-W10,Betsiboka,-16.95,46.8167,faible,465641,0,0,0,0,0,0,0,0,0.0,0.0,0.0
2025-03-10,2025,3,2025-W11,Betsiboka,-16.95,46.8167,faible,465641,0,0,0,0,0,0,0,0,0.0,0.0,0.0
2025-03-17,2025,3,2025-W12,Betsiboka,-16.95,46.8167,faible,465641,0,0,0,0,0,0,0,0,0.0,0.0,0.0
2025-03-24,2025,3,2025-W13,Betsiboka,-16.95,46.8167,faible,465641,0,0,0,0,0,0,0,0,0.0,0.0,0.0
2025-03-31,2025,3,2025-W14,Betsiboka,-16.95,46.8167,faible,465641,0,0,0,0,0,0,0,0,0.0,0.0,0.0
2025-04-07,2025,4,2025-W15,Betsiboka,-16.95,46.8167,faible,465641,0,0,0,0,0,0,0,0,0.0,0.0,0.0
2025-04-14,2025,4,2025-W16,Betsiboka,-16.95,46.8167,faible,465641,0,0,0,0,0,0,0,0,0.0,0.0,0.0
2025-04-21,2025,4,2025-W17,Betsiboka,-16.95,46.8167,faible,465641,0,0,0,0,0,0,0,0,0.0,0.0,0.0
2025-04-28,2025,4,2025-W18,Betsiboka,-16.95,46.8167,faible,465641,0,0,0,0,0,0,0,0,0.0,0.0,0.0
2025-05-05,2025,5,2025-W19,Betsiboka,-16.95,46.8167,faible,465641,0,0,0,0,0,0,0,0,0.0,0.0,0.0
2025-05-12,2025,5,2025-W20,Betsiboka,-16.95,46.8167,faible,465641,0,0,0,0,0,0,0,0,0.0,0.0,0.0
2025-05-19,2025,5,2025-W21,Betsiboka,-16.95,46.8167,faible,465641,0,0,0,0,0,0,0,0,0.0,0.0,0.0
2025-05-26,2025,5,2025-W22,Betsiboka,-16.95,46.8167,faible,465641,0,0,0,0,0,0,0,0,0.0,0.0,0.0
2025-06-02,2025,6,2025-W23,Betsiboka,-16.95,46.8167,faible,465641,0,0,0,0,0,0,0,0,0.0,0.0,0.0
2025-06-09,2025,6,2025-W24,Betsiboka,-16.95,46.8167,faible,465641,0,0,0,0,0,0,0,0,0.0,0.0,0.0
2025-06-16,2025,6,2025-W25,Betsiboka,-16.95,46.8167,faible,465641,0,0,0,0,0,0,0,0,0.0,0.0,0.0
2025-06-23,2025,6,2025-W26,Betsiboka,-16.95,46.8167,faible,465641,0,0,0,0,0,0,0,0,0.0,0.0,0.0
2025-06-30,2025,6,2025-W27,Betsiboka,-16.95,46.8167,faible,465641,0,0,0,0,0,0,0,0,0.0,0.0,0.0
2025-07-07,2025,7,2025-W28,Betsiboka,-16.95,46.8167,faible,465641,0,0,0,0,0,0,0,0,0.0,0.0,0.0
2025-07-14,2025,7,2025-W29,Betsiboka,-16.95,46.8167,faible,465641,0,0,0,0,0,0,0,0,0.0,0.0,0.0
2025-07-21,2025,7,2025-W30,Betsiboka,-16.95,46.8167,faible,465641,0,0,0,0,0,0,0,0,0.0,0.0,0.0
2025-07-28,2025,7,2025-W31,Betsiboka,-16.95,46.8167,faible,465641,0,0,0,0,0,0,0,0,0.0,0.0,0.0
2025-08-04,2025,8,2025-W32,Betsiboka,-16.95,46.8167,faible,465641,0,0,0,0,0,0,0,0,0.0,0.0,0.0
2025-08-11,2025,8,2025-W33,Betsiboka,-16.95,46.8167,faible,465641,0,0,0,0,0,0,0,0,0.0,0.0,0.0
2025-08-18,2025,8,2025-W34,Betsiboka,-16.95,46.8167,faible,465641,0,0,0,0,0,0,0,0,0.0,0.0,0.0
2025-08-25,2025,8,2025-W35,Betsiboka,-16.95,46.8167,faible,465641,0,0,0,0,0,0,0,0,0.0,0.0,0.0
2025-09-01,2025,9,2025-W36,Betsiboka,-16.95,46.8167,faible,465641,0,0,0,0,0,0,0,0,0.0,0.0,0.0
2025-09-08,2025,9,2025-W37,Betsiboka,-16.95,46.8167,faible,465641,0,0,0,0,0,0,0,0,0.0,0.0,0.0
2025-09-15,2025,9,2025-W38,Betsiboka,-16.95,46.8167,faible,465641,0,0,0,0,0,0,0,0,0.0,0.0,0.0
2025-09-22,2025,9,2025-W39,Betsiboka,-16.95,46.8167,faible,465641,0,0,0,0,0,0,0,0,0.0,0.0,0.0
2025-09-29,2025,9,2025-W40,Betsiboka,-16.95,46.8167,faible,465641,0,0,0,0,0,0,0,0,0.0,0.0,0.0
2025-10-06,2025,10,2025-W41,Betsiboka,-16.95,46.8167,faible,465641,0,0,0,0,0,0,0,0,0.0,0.0,0.0
2025-10-13,2025,10,2025-W42,Betsiboka,-16.95,46.8167,faible,465641,0,0,0,0,0,0,0,0,0.0,0.0,0.0
2025-10-20,2025,10,2025-W43,Betsiboka,-16.95,46.8167,faible,465641,0,0,0,0,0,0,0,0,0.0,0.0,0.0
2025-10-27,2025,10,2025-W44,Betsiboka,-16.95,46.8167,faible,465641,0,0,0,0,0,0,0,0,0.0,0.0,0.0
2025-11-03,2025,11,2025-W45,Betsiboka,-16.95,46.8167,faible,465641,0,0,0,0,0,0,0,0,0.0,0.0,0.0
2025-11-10,2025,11,2025-W46,Betsiboka,-16.95,46.8167,faible,465641,0,0,0,0,0,0,0,0,0.0,0.0,0.0
2025-11-17,2025,11,2025-W47,Betsiboka,-16.95,46.8167,faible,465641,0,0,0,0,0,0,0,0,0.0,0.0,0.0
2025-11-24,2025,11,2025-W48,Betsiboka,-16.95,46.8167,faible,465641,0,0,0,0,0,0,0,0,0.0,0.0,0.0
2025-12-01,2025,12,2025-W49,Betsiboka,-16.95,46.8167,faible,465641,0,0,0,0,0,0,0,0,0.0,0.0,0.0
2025-12-08,2025,12,2025-W50,Betsiboka,-16.95,46.8167,faible,465641,0,0,0,0,0,0,0,0,0.0,0.0,0.0
2025-12-15,2025,12,2025-W51,Betsiboka,-16.95,46.8167,faible,465641,0,0,0,0,0,0,0,0,0.0,0.0,0.0
2025-12-22,2025,12,2025-W52,Betsiboka,-16.95,46.8167,faible,465641,0,0,0,0,0,0,0,0,0.0,0.0,0.0
2025-12-29,2025,12,2026-W01,Betsiboka,-16.95,46.8167,faible,465641,0,0,0,0,0,0,0,0,0.0,0.0,0.0
2026-01-05,2026,1,2026-W02,Betsiboka,-16.95,46.8167,faible,465641,0,0,0,0,0,0,0,0,0.0,0.0,0.0
2026-01-12,2026,1,2026-W03,Betsiboka,-16.95,46.8167,faible,465641,0,0,0,0,0,0,0,0,0.0,0.0,0.0
2026-01-19,2026,1,2026-W04,Betsiboka,-16.95,46.8167,faible,465641,0,0,0,0,0,0,0,0,0.0,0.0,0.0
2026-01-26,2026,1,2026-W05,Betsiboka,-16.95,46.8167,faible,465641,0,0,0,0,0,0,0,0,0.0,0.0,0.0
2026-02-02,2026,2,2026-W06,Betsiboka,-16.95,46.8167,faible,465641,0,0,0,0,0,0,0,0,0.0,0.0,0.0
2026-02-09,2026,2,2026-W07,Betsiboka,-16.95,46.8167,faible,465641,0,0,0,0,0,0,0,0,0.0,0.0,0.0
2026-02-16,2026,2,2026-W08,Betsiboka,-16.95,46.8167,faible,465641,0,0,0,0,0,0,0,0,0.0,0.0,0.0
2026-02-23,2026,2,2026-W09,Betsiboka,-16.95,46.8167,faible,465641,0,0,0,0,0,0,0,0,0.0,0.0,0.0
2026-03-02,2026,3,2026-W10,Betsiboka,-16.95,46.8167,faible,465641,0,0,0,0,0,0,0,0,0.0,0.0,0.0
2026-03-09,2026,3,2026-W11,Betsiboka,-16.95,46.8167,faible,465641,0,0,0,0,0,0,0,0,0.0,0.0,0.0
2026-03-16,2026,3,2026-W12,Betsiboka,-16.95,46.8167,faible,465641,0,0,0,0,0,0,0,0,0.0,0.0,0.0
2026-03-23,2026,3,2026-W13,Betsiboka,-16.95,46.8167,faible,465641,0,0,0,0,0,0,0,0,0.0,0.0,0.0
2026-03-30,2026,3,2026-W14,Betsiboka,-16.95,46.8167,faible,465641,0,0,0,0,0,0,0,0,0.0,0.0,0.0
2026-04-06,2026,4,2026-W15,Betsiboka,-16.95,46.8167,faible,465641,0,0,0,0,0,0,0,0,0.0,0.0,0.0
2026-04-13,2026,4,2026-W16,Betsiboka,-16.95,46.8167,faible,465641,0,0,0,0,0,0,0,0,0.0,0.0,0.0
2026-04-20,2026,4,2026-W17,Betsiboka,-16.95,46.8167,faible,465641,0,0,0,0,0,0,0,0,0.0,0.0,0.0
2026-04-27,2026,4,2026-W18,Betsiboka,-16.95,46.8167,faible,465641,0,0,0,0,0,0,0,0,0.0,0.0,0.0
2026-05-04,2026,5,2026-W19,Betsiboka,-16.95,46.8167,faible,465641,0,0,0,0,0,0,0,0,0.0,0.0,0.0
2026-05-11,2026,5,2026-W20,Betsiboka,-16.95,46.8167,faible,465641,0,0,0,0,0,0,0,0,0.0,0.0,0.0
2026-05-18,2026,5,2026-W21,Betsiboka,-16.95,46.8167,faible,465641,0,0,0,0,0,0,0,0,0.0,0.0,0.0
2026-05-25,2026,5,2026-W22,Betsiboka,-16.95,46.8167,faible,465641,0,0,0,0,0,0,0,0,0.0,0.0,0.0
2026-06-01,2026,6,2026-W23,Betsiboka,-16.95,46.8167,faible,465641,0,0,0,0,0,0,0,0,0.0,0.0,0.0
2026-06-08,2026,6,2026-W24,Betsiboka,-16.95,46.8167,faible,465641,0,0,0,0,0,0,0,0,0.0,0.0,0.0
2026-06-15,2026,6,2026-W25,Betsiboka,-16.95,46.8167,faible,465641,0,0,0,0,0,0,0,0,0.0,0.0,0.0
2026-06-22,2026,6,2026-W26,Betsiboka,-16.95,46.8167,faible,465641,0,0,0,0,0,0,0,0,0.0,0.0,0.0
2026-06-29,2026,6,2026-W27,Betsiboka,-16.95,46.8167,faible,465641,0,0,0,0,0,0,0,0,0.0,0.0,0.0
2026-07-06,2026,7,2026-W28,Betsiboka,-16.95,46.8167,faible,465641,0,0,0,0,0,0,0,0,0.0,0.0,0.0
2026-07-13,2026,7,2026-W29,Betsiboka,-16.95,46.8167,faible,465641,0,0,0,0,0,0,0,0,0.0,0.0,0.0
2026-07-20,2026,7,2026-W30,Betsiboka,-16.95,46.8167,faible,465641,0,0,0,0,0,0,0,0,0.0,0.0,0.0
2026-07-27,2026,7,2026-W31,Betsiboka,-16.95,46.8167,faible,465641,0,0,0,0,0,0,0,0,0.0,0.0,0.0
2020-01-06,2020,1,2020-W02,Melaky,-16.1167,44.7667,faible,365790,0,0,0,0,0,0,0,0,0.0,0.0,0.0
2020-01-13,2020,1,2020-W03,Melaky,-16.1167,44.7667,faible,365790,0,0,0,0,0,0,0,0,0.0,0.0,0.0
2020-01-20,2020,1,2020-W04,Melaky,-16.1167,44.7667,faible,365790,0,0,0,0,0,0,0,0,0.0,0.0,0.0
2020-01-27,2020,1,2020-W05,Melaky,-16.1167,44.7667,faible,365790,0,0,0,0,0,0,0,0,0.0,0.0,0.0
2020-02-03,2020,2,2020-W06,Melaky,-16.1167,44.7667,faible,365790,0,0,0,0,0,0,0,0,0.0,0.0,0.0
2020-02-10,2020,2,2020-W07,Melaky,-16.1167,44.7667,faible,365790,0,0,0,0,0,0,0,0,0.0,0.0,0.0
2020-02-17,2020,2,2020-W08,Melaky,-16.1167,44.7667,faible,365790,0,0,0,0,0,0,0,0,0.0,0.0,0.0
2020-02-24,2020,2,2020-W09,Melaky,-16.1167,44.7667,faible,365790,0,0,0,0,0,0,0,0,0.0,0.0,0.0
2020-03-02,2020,3,2020-W10,Melaky,-16.1167,44.7667,faible,365790,0,0,0,0,0,0,0,0,0.0,0.0,0.0
2020-03-09,2020,3,2020-W11,Melaky,-16.1167,44.7667,faible,365790,0,0,0,0,0,0,0,0,0.0,0.0,0.0
2020-03-16,2020,3,2020-W12,Melaky,-16.1167,44.7667,faible,365790,0,0,0,0,0,0,0,0,0.0,0.0,0.0
2020-03-23,2020,3,2020-W13,Melaky,-16.1167,44.7667,faible,365790,0,0,0,0,0,0,0,0,0.0,0.0,0.0
2020-03-30,2020,3,2020-W14,Melaky,-16.1167,44.7667,faible,365790,0,0,0,0,0,0,0,0,0.0,0.0,0.0
2020-04-06,2020,4,2020-W15,Melaky,-16.1167,44.7667,faible,365790,0,0,0,0,0,0,0,0,0.0,0.0,0.0
2020-04-13,2020,4,2020-W16,Melaky,-16.1167,44.7667,faible,365790,0,0,0,0,0,0,0,0,0.0,0.0,0.0
2020-04-20,2020,4,2020-W17,Melaky,-16.1167,44.7667,faible,365790,0,0,0,0,0,0,0,0,0.0,0.0,0.0
2020-04-27,2020,4,2020-W18,Melaky,-16.1167,44.7667,faible,365790,0,0,0,0,0,0,0,0,0.0,0.0,0.0
2020-05-04,2020,5,2020-W19,Melaky,-16.1167,44.7667,faible,365790,0,0,0,0,0,0,0,0,0.0,0.0,0.0
2020-05-11,2020,5,2020-W20,Melaky,-16.1167,44.7667,faible,365790,0,0,0,0,0,0,0,0,0.0,0.0,0.0
2020-05-18,2020,5,2020-W21,Melaky,-16.1167,44.7667,faible,365790,0,0,0,0,0,0,0,0,0.0,0.0,0.0
2020-05-25,2020,5,2020-W22,Melaky,-16.1167,44.7667,faible,365790,0,0,0,0,0,0,0,0,0.0,0.0,0.0
2020-06-01,2020,6,2020-W23,Melaky,-16.1167,44.7667,faible,365790,0,0,0,0,0,0,0,0,0.0,0.0,0.0
2020-06-08,2020,6,2020-W24,Melaky,-16.1167,44.7667,faible,365790,0,0,0,0,0,0,0,0,0.0,0.0,0.0
2020-06-15,2020,6,2020-W25,Melaky,-16.1167,44.7667,faible,365790,0,0,0,0,0,0,0,0,0.0,0.0,0.0
2020-06-22,2020,6,2020-W26,Melaky,-16.1167,44.7667,faible,365790,0,0,0,0,0,0,0,0,0.0,0.0,0.0
2020-06-29,2020,6,2020-W27,Melaky,-16.1167,44.7667,faible,365790,0,0,0,0,0,0,0,0,0.0,0.0,0.0
2020-07-06,2020,7,2020-W28,Melaky,-16.1167,44.7667,faible,365790,0,0,0,0,0,0,0,0,0.0,0.0,0.0
2020-07-13,2020,7,2020-W29,Melaky,-16.1167,44.7667,faible,365790,0,0,0,0,0,0,0,0,0.0,0.0,0.0
2020-07-20,2020,7,2020-W30,Melaky,-16.1167,44.7667,faible,365790,0,0,0,0,0,0,0,0,0.0,0.0,0.0
2020-07-27,2020,7,2020-W31,Melaky,-16.1167,44.7667,faible,365790,0,0,0,0,0,0,0,0,0.0,0.0,0.0
2020-08-03,2020,8,2020-W32,Melaky,-16.1167,44.7667,faible,365790,0,0,0,0,0,0,0,0,0.0,0.0,0.0
2020-08-10,2020,8,2020-W33,Melaky,-16.1167,44.7667,faible,365790,0,0,0,0,0,0,0,0,0.0,0.0,0.0
2020-08-17,2020,8,2020-W34,Melaky,-16.1167,44.7667,faible,365790,0,0,0,0,0,0,0,0,0.0,0.0,0.0
2020-08-24,2020,8,2020-W35,Melaky,-16.1167,44.7667,faible,365790,0,0,0,0,0,0,0,0,0.0,0.0,0.0
2020-08-31,2020,8,2020-W36,Melaky,-16.1167,44.7667,faible,365790,0,0,0,0,0,0,0,0,0.0,0.0,0.0
2020-09-07,2020,9,2020-W37,Melaky,-16.1167,44.7667,faible,365790,0,0,0,0,0,0,0,0,0.0,0.0,0.0
2020-09-14,2020,9,2020-W38,Melaky,-16.1167,44.7667,faible,365790,0,0,0,0,0,0,0,0,0.0,0.0,0.0
2020-09-21,2020,9,2020-W39,Melaky,-16.1167,44.7667,faible,365790,0,0,0,0,0,0,0,0,0.0,0.0,0.0
2020-09-28,2020,9,2020-W40,Melaky,-16.1167,44.7667,faible,365790,0,0,0,0,0,0,0,0,0.0,0.0,0.0
2020-10-05,2020,10,2020-W41,Melaky,-16.1167,44.7667,faible,365790,0,0,0,0,0,0,0,0,0.0,0.0,0.0
2020-10-12,2020,10,2020-W42,Melaky,-16.1167,44.7667,faible,365790,0,0,0,0,0,0,0,0,0.0,0.0,0.0
2020-10-19,2020,10,2020-W43,Melaky,-16.1167,44.7667,faible,365790,0,0,0,0,0,0,0,0,0.0,0.0,0.0
2020-10-26,2020,10,2020-W44,Melaky,-16.1167,44.7667,faible,365790,0,0,0,0,0,0,0,0,0.0,0.0,0.0
2020-11-02,2020,11,2020-W45,Melaky,-16.1167,44.7667,faible,365790,0,0,0,0,0,0,0,0,0.0,0.0,0.0
2020-11-09,2020,11,2020-W46,Melaky,-16.1167,44.7667,faible,365790,0,0,0,0,0,0,0,0,0.0,0.0,0.0
2020-11-16,2020,11,2020-W47,Melaky,-16.1167,44.7667,faible,365790,0,0,0,0,0,0,0,0,0.0,0.0,0.0
2020-11-23,2020,11,2020-W48,Melaky,-16.1167,44.7667,faible,365790,0,0,0,0,0,0,0,0,0.0,0.0,0.0
2020-11-30,2020,11,2020-W49,Melaky,-16.1167,44.7667,faible,365790,0,0,0,0,0,0,0,0,0.0,0.0,0.0
2020-12-07,2020,12,2020-W50,Melaky,-16.1167,44.7667,faible,365790,0,0,0,0,0,0,0,0,0.0,0.0,0.0
2020-12-14,2020,12,2020-W51,Melaky,-16.1167,44.7667,faible,365790,0,0,0,0,0,0,0,0,0.0,0.0,0.0
2020-12-21,2020,12,2020-W52,Melaky,-16.1167,44.7667,faible,365790,0,0,0,0,0,0,0,0,0.0,0.0,0.0
2020-12-28,2020,12,2020-W53,Melaky,-16.1167,44.7667,faible,365790,0,0,0,0,0,0,0,0,0.0,0.0,0.0
2021-01-04,2021,1,2021-W01,Melaky,-16.1167,44.7667,faible,365790,0,0,0,0,0,0,0,0,0.0,0.0,0.0
2021-01-11,2021,1,2021-W02,Melaky,-16.1167,44.7667,faible,365790,0,0,0,0,0,0,0,0,0.0,0.0,0.0
2021-01-18,2021,1,2021-W03,Melaky,-16.1167,44.7667,faible,365790,0,0,0,0,0,0,0,0,0.0,0.0,0.0
2021-01-25,2021,1,2021-W04,Melaky,-16.1167,44.7667,faible,365790,0,0,0,0,0,0,0,0,0.0,0.0,0.0
2021-02-01,2021,2,2021-W05,Melaky,-16.1167,44.7667,faible,365790,0,0,0,0,0,0,0,0,0.0,0.0,0.0
2021-02-08,2021,2,2021-W06,Melaky,-16.1167,44.7667,faible,365790,0,0,0,0,0,0,0,0,0.0,0.0,0.0
2021-02-15,2021,2,2021-W07,Melaky,-16.1167,44.7667,faible,365790,0,0,0,0,0,0,0,0,0.0,0.0,0.0
2021-02-22,2021,2,2021-W08,Melaky,-16.1167,44.7667,faible,365790,0,0,0,0,0,0,0,0,0.0,0.0,0.0
2021-03-01,2021,3,2021-W09,Melaky,-16.1167,44.7667,faible,365790,0,0,0,0,0,0,0,0,0.0,0.0,0.0
2021-03-08,2021,3,2021-W10,Melaky,-16.1167,44.7667,faible,365790,0,0,0,0,0,0,0,0,0.0,0.0,0.0
2021-03-15,2021,3,2021-W11,Melaky,-16.1167,44.7667,faible,365790,0,0,0,0,0,0,0,0,0.0,0.0,0.0
2021-03-22,2021,3,2021-W12,Melaky,-16.1167,44.7667,faible,365790,0,0,0,0,0,0,0,0,0.0,0.0,0.0
2021-03-29,2021,3,2021-W13,Melaky,-16.1167,44.7667,faible,365790,0,0,0,0,0,0,0,0,0.0,0.0,0.0
2021-04-05,2021,4,2021-W14,Melaky,-16.1167,44.7667,faible,365790,0,0,0,0,0,0,0,0,0.0,0.0,0.0
2021-04-12,2021,4,2021-W15,Melaky,-16.1167,44.7667,faible,365790,0,0,0,0,0,0,0,0,0.0,0.0,0.0
2021-04-19,2021,4,2021-W16,Melaky,-16.1167,44.7667,faible,365790,0,0,0,0,0,0,0,0,0.0,0.0,0.0
2021-04-26,2021,4,2021-W17,Melaky,-16.1167,44.7667,faible,365790,0,0,0,0,0,0,0,0,0.0,0.0,0.0
2021-05-03,2021,5,2021-W18,Melaky,-16.1167,44.7667,faible,365790,0,0,0,0,0,0,0,0,0.0,0.0,0.0
2021-05-10,2021,5,2021-W19,Melaky,-16.1167,44.7667,faible,365790,0,0,0,0,0,0,0,0,0.0,0.0,0.0
2021-05-17,2021,5,2021-W20,Melaky,-16.1167,44.7667,faible,365790,0,0,0,0,0,0,0,0,0.0,0.0,0.0
2021-05-24,2021,5,2021-W21,Melaky,-16.1167,44.7667,faible,365790,0,0,0,0,0,0,0,0,0.0,0.0,0.0
2021-05-31,2021,5,2021-W22,Melaky,-16.1167,44.7667,faible,365790,0,0,0,0,0,0,0,0,0.0,0.0,0.0
2021-06-07,2021,6,2021-W23,Melaky,-16.1167,44.7667,faible,365790,0,0,0,0,0,0,0,0,0.0,0.0,0.0
2021-06-14,2021,6,2021-W24,Melaky,-16.1167,44.7667,faible,365790,0,0,0,0,0,0,0,0,0.0,0.0,0.0
2021-06-21,2021,6,2021-W25,Melaky,-16.1167,44.7667,faible,365790,0,0,0,0,0,0,0,0,0.0,0.0,0.0
2021-06-28,2021,6,2021-W26,Melaky,-16.1167,44.7667,faible,365790,0,0,0,0,0,0,0,0,0.0,0.0,0.0
2021-07-05,2021,7,2021-W27,Melaky,-16.1167,44.7667,faible,365790,0,0,0,0,0,0,0,0,0.0,0.0,0.0
2021-07-12,2021,7,2021-W28,Melaky,-16.1167,44.7667,faible,365790,0,0,0,0,0,0,0,0,0.0,0.0,0.0
2021-07-19,2021,7,2021-W29,Melaky,-16.1167,44.7667,faible,365790,0,0,0,0,0,0,0,0,0.0,0.0,0.0
2021-07-26,2021,7,2021-W30,Melaky,-16.1167,44.7667,faible,365790,0,0,0,0,0,0,0,0,0.0,0.0,0.0
2021-08-02,2021,8,2021-W31,Melaky,-16.1167,44.7667,faible,365790,0,0,0,0,0,0,0,0,0.0,0.0,0.0
2021-08-09,2021,8,2021-W32,Melaky,-16.1167,44.7667,faible,365790,0,0,0,0,0,0,0,0,0.0,0.0,0.0
2021-08-16,2021,8,2021-W33,Melaky,-16.1167,44.7667,faible,365790,0,0,0,0,0,0,0,0,0.0,0.0,0.0
2021-08-23,2021,8,2021-W34,Melaky,-16.1167,44.7667,faible,365790,0,0,0,0,0,0,0,0,0.0,0.0,0.0
2021-08-30,2021,8,2021-W35,Melaky,-16.1167,44.7667,faible,365790,0,0,0,0,0,0,0,0,0.0,0.0,0.0
2021-09-06,2021,9,2021-W36,Melaky,-16.1167,44.7667,faible,365790,0,0,0,0,0,0,0,0,0.0,0.0,0.0
2021-09-13,2021,9,2021-W37,Melaky,-16.1167,44.7667,faible,365790,0,0,0,0,0,0,0,0,0.0,0.0,0.0
2021-09-20,2021,9,2021-W38,Melaky,-16.1167,44.7667,faible,365790,0,0,0,0,0,0,0,0,0.0,0.0,0.0
2021-09-27,2021,9,2021-W39,Melaky,-16.1167,44.7667,faible,365790,0,0,0,0,0,0,0,0,0.0,0.0,0.0
2021-10-04,2021,10,2021-W40,Melaky,-16.1167,44.7667,faible,365790,0,0,0,0,0,0,0,0,0.0,0.0,0.0
2021-10-11,2021,10,2021-W41,Melaky,-16.1167,44.7667,faible,365790,0,0,0,0,0,0,0,0,0.0,0.0,0.0
2021-10-18,2021,10,2021-W42,Melaky,-16.1167,44.7667,faible,365790,0,0,0,0,0,0,0,0,0.0,0.0,0.0
2021-10-25,2021,10,2021-W43,Melaky,-16.1167,44.7667,faible,365790,0,0,0,0,0,0,0,0,0.0,0.0,0.0
2021-11-01,2021,11,2021-W44,Melaky,-16.1167,44.7667,faible,365790,0,0,0,0,0,0,0,0,0.0,0.0,0.0
2021-11-08,2021,11,2021-W45,Melaky,-16.1167,44.7667,faible,365790,0,0,0,0,0,0,0,0,0.0,0.0,0.0
2021-11-15,2021,11,2021-W46,Melaky,-16.1167,44.7667,faible,365790,0,0,0,0,0,0,0,0,0.0,0.0,0.0
2021-11-22,2021,11,2021-W47,Melaky,-16.1167,44.7667,faible,365790,0,0,0,0,0,0,0,0,0.0,0.0,0.0
2021-11-29,2021,11,2021-W48,Melaky,-16.1167,44.7667,faible,365790,0,0,0,0,0,0,0,0,0.0,0.0,0.0
2021-12-06,2021,12,2021-W49,Melaky,-16.1167,44.7667,faible,365790,0,0,0,0,0,0,0,0,0.0,0.0,0.0
2021-12-13,2021,12,2021-W50,Melaky,-16.1167,44.7667,faible,365790,0,0,0,0,0,0,0,0,0.0,0.0,0.0
2021-12-20,2021,12,2021-W51,Melaky,-16.1167,44.7667,faible,365790,0,0,0,0,0,0,0,0,0.0,0.0,0.0
2021-12-27,2021,12,2021-W52,Melaky,-16.1167,44.7667,faible,365790,0,0,0,0,0,0,0,0,0.0,0.0,0.0
2022-01-03,2022,1,2022-W01,Melaky,-16.1167,44.7667,faible,365790,0,0,0,0,0,0,0,0,0.0,0.0,0.0
2022-01-10,2022,1,2022-W02,Melaky,-16.1167,44.7667,faible,365790,0,0,0,0,0,0,0,0,0.0,0.0,0.0
2022-01-17,2022,1,2022-W03,Melaky,-16.1167,44.7667,faible,365790,0,0,0,0,0,0,0,0,0.0,0.0,0.0
2022-01-24,2022,1,2022-W04,Melaky,-16.1167,44.7667,faible,365790,0,0,0,0,0,0,0,0,0.0,0.0,0.0
2022-01-31,2022,1,2022-W05,Melaky,-16.1167,44.7667,faible,365790,0,0,0,0,0,0,0,0,0.0,0.0,0.0
2022-02-07,2022,2,2022-W06,Melaky,-16.1167,44.7667,faible,365790,0,0,0,0,0,0,0,0,0.0,0.0,0.0
2022-02-14,2022,2,2022-W07,Melaky,-16.1167,44.7667,faible,365790,0,0,0,0,0,0,0,0,0.0,0.0,0.0
2022-02-21,2022,2,2022-W08,Melaky,-16.1167,44.7667,faible,365790,0,0,0,0,0,0,0,0,0.0,0.0,0.0
2022-02-28,2022,2,2022-W09,Melaky,-16.1167,44.7667,faible,365790,0,0,0,0,0,0,0,0,0.0,0.0,0.0
2022-03-07,2022,3,2022-W10,Melaky,-16.1167,44.7667,faible,365790,0,0,0,0,0,0,0,0,0.0,0.0,0.0
2022-03-14,2022,3,2022-W11,Melaky,-16.1167,44.7667,faible,365790,0,0,0,0,0,0,0,0,0.0,0.0,0.0
2022-03-21,2022,3,2022-W12,Melaky,-16.1167,44.7667,faible,365790,0,0,0,0,0,0,0,0,0.0,0.0,0.0
2022-03-28,2022,3,2022-W13,Melaky,-16.1167,44.7667,faible,365790,0,0,0,0,0,0,0,0,0.0,0.0,0.0
2022-04-04,2022,4,2022-W14,Melaky,-16.1167,44.7667,faible,365790,0,0,0,0,0,0,0,0,0.0,0.0,0.0
2022-04-11,2022,4,2022-W15,Melaky,-16.1167,44.7667,faible,365790,0,0,0,0,0,0,0,0,0.0,0.0,0.0
2022-04-18,2022,4,2022-W16,Melaky,-16.1167,44.7667,faible,365790,0,0,0,0,0,0,0,0,0.0,0.0,0.0
2022-04-25,2022,4,2022-W17,Melaky,-16.1167,44.7667,faible,365790,0,0,0,0,0,0,0,0,0.0,0.0,0.0
2022-05-02,2022,5,2022-W18,Melaky,-16.1167,44.7667,faible,365790,0,0,0,0,0,0,0,0,0.0,0.0,0.0
2022-05-09,2022,5,2022-W19,Melaky,-16.1167,44.7667,faible,365790,0,0,0,0,0,0,0,0,0.0,0.0,0.0
2022-05-16,2022,5,2022-W20,Melaky,-16.1167,44.7667,faible,365790,0,0,0,0,0,0,0,0,0.0,0.0,0.0
2022-05-23,2022,5,2022-W21,Melaky,-16.1167,44.7667,faible,365790,0,0,0,0,0,0,0,0,0.0,0.0,0.0
2022-05-30,2022,5,2022-W22,Melaky,-16.1167,44.7667,faible,365790,0,0,0,0,0,0,0,0,0.0,0.0,0.0
2022-06-06,2022,6,2022-W23,Melaky,-16.1167,44.7667,faible,365790,0,0,0,0,0,0,0,0,0.0,0.0,0.0
2022-06-13,2022,6,2022-W24,Melaky,-16.1167,44.7667,faible,365790,0,0,0,0,0,0,0,0,0.0,0.0,0.0
2022-06-20,2022,6,2022-W25,Melaky,-16.1167,44.7667,faible,365790,0,0,0,0,0,0,0,0,0.0,0.0,0.0
2022-06-27,2022,6,2022-W26,Melaky,-16.1167,44.7667,faible,365790,0,0,0,0,0,0,0,0,0.0,0.0,0.0
2022-07-04,2022,7,2022-W27,Melaky,-16.1167,44.7667,faible,365790,0,0,0,0,0,0,0,0,0.0,0.0,0.0
2022-07-11,2022,7,2022-W28,Melaky,-16.1167,44.7667,faible,365790,0,0,0,0,0,0,0,0,0.0,0.0,0.0
2022-07-18,2022,7,2022-W29,Melaky,-16.1167,44.7667,faible,365790,0,0,0,0,0,0,0,0,0.0,0.0,0.0
2022-07-25,2022,7,2022-W30,Melaky,-16.1167,44.7667,faible,365790,0,0,0,0,0,0,0,0,0.0,0.0,0.0
2022-08-01,2022,8,2022-W31,Melaky,-16.1167,44.7667,faible,365790,0,0,0,0,0,0,0,0,0.0,0.0,0.0
2022-08-08,2022,8,2022-W32,Melaky,-16.1167,44.7667,faible,365790,0,0,0,0,0,0,0,0,0.0,0.0,0.0
2022-08-15,2022,8,2022-W33,Melaky,-16.1167,44.7667,faible,365790,0,0,0,0,0,0,0,0,0.0,0.0,0.0
2022-08-22,2022,8,2022-W34,Melaky,-16.1167,44.7667,faible,365790,0,0,0,0,0,0,0,0,0.0,0.0,0.0
2022-08-29,2022,8,2022-W35,Melaky,-16.1167,44.7667,faible,365790,0,0,0,0,0,0,0,0,0.0,0.0,0.0
2022-09-05,2022,9,2022-W36,Melaky,-16.1167,44.7667,faible,365790,0,0,0,0,0,0,0,0,0.0,0.0,0.0
2022-09-12,2022,9,2022-W37,Melaky,-16.1167,44.7667,faible,365790,0,0,0,0,0,0,0,0,0.0,0.0,0.0
2022-09-19,2022,9,2022-W38,Melaky,-16.1167,44.7667,faible,365790,0,0,0,0,0,0,0,0,0.0,0.0,0.0
2022-09-26,2022,9,2022-W39,Melaky,-16.1167,44.7667,faible,365790,0,0,0,0,0,0,0,0,0.0,0.0,0.0
2022-10-03,2022,10,2022-W40,Melaky,-16.1167,44.7667,faible,365790,0,0,0,0,0,0,0,0,0.0,0.0,0.0
2022-10-10,2022,10,2022-W41,Melaky,-16.1167,44.7667,faible,365790,0,0,0,0,0,0,0,0,0.0,0.0,0.0
2022-10-17,2022,10,2022-W42,Melaky,-16.1167,44.7667,faible,365790,0,0,0,0,0,0,0,0,0.0,0.0,0.0
2022-10-24,2022,10,2022-W43,Melaky,-16.1167,44.7667,faible,365790,0,0,0,0,0,0,0,0,0.0,0.0,0.0
2022-10-31,2022,10,2022-W44,Melaky,-16.1167,44.7667,faible,365790,0,0,0,0,0,0,0,0,0.0,0.0,0.0
2022-11-07,2022,11,2022-W45,Melaky,-16.1167,44.7667,faible,365790,0,0,0,0,0,0,0,0,0.0,0.0,0.0
2022-11-14,2022,11,2022-W46,Melaky,-16.1167,44.7667,faible,365790,0,0,0,0,0,0,0,0,0.0,0.0,0.0
2022-11-21,2022,11,2022-W47,Melaky,-16.1167,44.7667,faible,365790,0,0,0,0,0,0,0,0,0.0,0.0,0.0
2022-11-28,2022,11,2022-W48,Melaky,-16.1167,44.7667,faible,365790,0,0,0,0,0,0,0,0,0.0,0.0,0.0
2022-12-05,2022,12,2022-W49,Melaky,-16.1167,44.7667,faible,365790,0,0,0,0,0,0,0,0,0.0,0.0,0.0
2022-12-12,2022,12,2022-W50,Melaky,-16.1167,44.7667,faible,365790,0,0,0,0,0,0,0,0,0.0,0.0,0.0
2022-12-19,2022,12,2022-W51,Melaky,-16.1167,44.7667,faible,365790,0,0,0,0,0,0,0,0,0.0,0.0,0.0
2022-12-26,2022,12,2022-W52,Melaky,-16.1167,44.7667,faible,365790,0,0,0,0,0,0,0,0,0.0,0.0,0.0
2023-01-02,2023,1,2023-W01,Melaky,-16.1167,44.7667,faible,365790,0,0,0,0,0,0,0,0,0.0,0.0,0.0
2023-01-09,2023,1,2023-W02,Melaky,-16.1167,44.7667,faible,365790,0,0,0,0,0,0,0,0,0.0,0.0,0.0
2023-01-16,2023,1,2023-W03,Melaky,-16.1167,44.7667,faible,365790,0,0,0,0,0,0,0,0,0.0,0.0,0.0
2023-01-23,2023,1,2023-W04,Melaky,-16.1167,44.7667,faible,365790,0,0,0,0,0,0,0,0,0.0,0.0,0.0
2023-01-30,2023,1,2023-W05,Melaky,-16.1167,44.7667,faible,365790,0,0,0,0,0,0,0,0,0.0,0.0,0.0
2023-02-06,2023,2,2023-W06,Melaky,-16.1167,44.7667,faible,365790,0,0,0,0,0,0,0,0,0.0,0.0,0.0
2023-02-13,2023,2,2023-W07,Melaky,-16.1167,44.7667,faible,365790,0,0,0,0,0,0,0,0,0.0,0.0,0.0
2023-02-20,2023,2,2023-W08,Melaky,-16.1167,44.7667,faible,365790,0,0,0,0,0,0,0,0,0.0,0.0,0.0
2023-02-27,2023,2,2023-W09,Melaky,-16.1167,44.7667,faible,365790,0,0,0,0,0,0,0,0,0.0,0.0,0.0
2023-03-06,2023,3,2023-W10,Melaky,-16.1167,44.7667,faible,365790,0,0,0,0,0,0,0,0,0.0,0.0,0.0
2023-03-13,2023,3,2023-W11,Melaky,-16.1167,44.7667,faible,365790,0,0,0,0,0,0,0,0,0.0,0.0,0.0
2023-03-20,2023,3,2023-W12,Melaky,-16.1167,44.7667,faible,365790,0,0,0,0,0,0,0,0,0.0,0.0,0.0
2023-03-27,2023,3,2023-W13,Melaky,-16.1167,44.7667,faible,365790,0,0,0,0,0,0,0,0,0.0,0.0,0.0
2023-04-03,2023,4,2023-W14,Melaky,-16.1167,44.7667,faible,365790,0,0,0,0,0,0,0,0,0.0,0.0,0.0
2023-04-10,2023,4,2023-W15,Melaky,-16.1167,44.7667,faible,365790,0,0,0,0,0,0,0,0,0.0,0.0,0.0
2023-04-17,2023,4,2023-W16,Melaky,-16.1167,44.7667,faible,365790,0,0,0,0,0,0,0,0,0.0,0.0,0.0
2023-04-24,2023,4,2023-W17,Melaky,-16.1167,44.7667,faible,365790,0,0,0,0,0,0,0,0,0.0,0.0,0.0
2023-05-01,2023,5,2023-W18,Melaky,-16.1167,44.7667,faible,365790,0,0,0,0,0,0,0,0,0.0,0.0,0.0
2023-05-08,2023,5,2023-W19,Melaky,-16.1167,44.7667,faible,365790,0,0,0,0,0,0,0,0,0.0,0.0,0.0
2023-05-15,2023,5,2023-W20,Melaky,-16.1167,44.7667,faible,365790,0,0,0,0,0,0,0,0,0.0,0.0,0.0
2023-05-22,2023,5,2023-W21,Melaky,-16.1167,44.7667,faible,365790,0,0,0,0,0,0,0,0,0.0,0.0,0.0
2023-05-29,2023,5,2023-W22,Melaky,-16.1167,44.7667,faible,365790,0,0,0,0,0,0,0,0,0.0,0.0,0.0
2023-06-05,2023,6,2023-W23,Melaky,-16.1167,44.7667,faible,365790,0,0,0,0,0,0,0,0,0.0,0.0,0.0
2023-06-12,2023,6,2023-W24,Melaky,-16.1167,44.7667,faible,365790,0,0,0,0,0,0,0,0,0.0,0.0,0.0
2023-06-19,2023,6,2023-W25,Melaky,-16.1167,44.7667,faible,365790,0,0,0,0,0,0,0,0,0.0,0.0,0.0
2023-06-26,2023,6,2023-W26,Melaky,-16.1167,44.7667,faible,365790,0,0,0,0,0,0,0,0,0.0,0.0,0.0
2023-07-03,2023,7,2023-W27,Melaky,-16.1167,44.7667,faible,365790,0,0,0,0,0,0,0,0,0.0,0.0,0.0
2023-07-10,2023,7,2023-W28,Melaky,-16.1167,44.7667,faible,365790,0,0,0,0,0,0,0,0,0.0,0.0,0.0
2023-07-17,2023,7,2023-W29,Melaky,-16.1167,44.7667,faible,365790,0,0,0,0,0,0,0,0,0.0,0.0,0.0
2023-07-24,2023,7,2023-W30,Melaky,-16.1167,44.7667,faible,365790,0,0,0,0,0,0,0,0,0.0,0.0,0.0
2023-07-31,2023,7,2023-W31,Melaky,-16.1167,44.7667,faible,365790,0,0,0,0,0,0,0,0,0.0,0.0,0.0
2023-08-07,2023,8,2023-W32,Melaky,-16.1167,44.7667,faible,365790,0,0,0,0,0,0,0,0,0.0,0.0,0.0
2023-08-14,2023,8,2023-W33,Melaky,-16.1167,44.7667,faible,365790,0,0,0,0,0,0,0,0,0.0,0.0,0.0
2023-08-21,2023,8,2023-W34,Melaky,-16.1167,44.7667,faible,365790,0,0,0,0,0,0,0,0,0.0,0.0,0.0
2023-08-28,2023,8,2023-W35,Melaky,-16.1167,44.7667,faible,365790,0,0,0,0,0,0,0,0,0.0,0.0,0.0
2023-09-04,2023,9,2023-W36,Melaky,-16.1167,44.7667,faible,365790,0,0,0,0,0,0,0,0,0.0,0.0,0.0
2023-09-11,2023,9,2023-W37,Melaky,-16.1167,44.7667,faible,365790,0,0,0,0,0,0,0,0,0.0,0.0,0.0
2023-09-18,2023,9,2023-W38,Melaky,-16.1167,44.7667,faible,365790,0,0,0,0,0,0,0,0,0.0,0.0,0.0
2023-09-25,2023,9,2023-W39,Melaky,-16.1167,44.7667,faible,365790,0,0,0,0,0,0,0,0,0.0,0.0,0.0
2023-10-02,2023,10,2023-W40,Melaky,-16.1167,44.7667,faible,365790,0,0,0,0,0,0,0,0,0.0,0.0,0.0
2023-10-09,2023,10,2023-W41,Melaky,-16.1167,44.7667,faible,365790,0,0,0,0,0,0,0,0,0.0,0.0,0.0
2023-10-16,2023,10,2023-W42,Melaky,-16.1167,44.7667,faible,365790,0,0,0,0,0,0,0,0,0.0,0.0,0.0
2023-10-23,2023,10,2023-W43,Melaky,-16.1167,44.7667,faible,365790,0,0,0,0,0,0,0,0,0.0,0.0,0.0
2023-10-30,2023,10,2023-W44,Melaky,-16.1167,44.7667,faible,365790,0,0,0,0,0,0,0,0,0.0,0.0,0.0
2023-11-06,2023,11,2023-W45,Melaky,-16.1167,44.7667,faible,365790,0,0,0,0,0,0,0,0,0.0,0.0,0.0
2023-11-13,2023,11,2023-W46,Melaky,-16.1167,44.7667,faible,365790,0,0,0,0,0,0,0,0,0.0,0.0,0.0
2023-11-20,2023,11,2023-W47,Melaky,-16.1167,44.7667,faible,365790,0,0,0,0,0,0,0,0,0.0,0.0,0.0
2023-11-27,2023,11,2023-W48,Melaky,-16.1167,44.7667,faible,365790,0,0,0,0,0,0,0,0,0.0,0.0,0.0
2023-12-04,2023,12,2023-W49,Melaky,-16.1167,44.7667,faible,365790,0,0,0,0,0,0,0,0,0.0,0.0,0.0
2023-12-11,2023,12,2023-W50,Melaky,-16.1167,44.7667,faible,365790,0,0,0,0,0,0,0,0,0.0,0.0,0.0
2023-12-18,2023,12,2023-W51,Melaky,-16.1167,44.7667,faible,365790,0,0,0,0,0,0,0,0,0.0,0.0,0.0
2023-12-25,2023,12,2023-W52,Melaky,-16.1167,44.7667,faible,365790,0,0,0,0,0,0,0,0,0.0,0.0,0.0
2024-01-01,2024,1,2024-W01,Melaky,-16.1167,44.7667,faible,365790,0,0,0,0,0,0,0,0,0.0,0.0,0.0
2024-01-08,2024,1,2024-W02,Melaky,-16.1167,44.7667,faible,365790,0,0,0,0,0,0,0,0,0.0,0.0,0.0
2024-01-15,2024,1,2024-W03,Melaky,-16.1167,44.7667,faible,365790,0,0,0,0,0,0,0,0,0.0,0.0,0.0
2024-01-22,2024,1,2024-W04,Melaky,-16.1167,44.7667,faible,365790,0,0,0,0,0,0,0,0,0.0,0.0,0.0
2024-01-29,2024,1,2024-W05,Melaky,-16.1167,44.7667,faible,365790,0,0,0,0,0,0,0,0,0.0,0.0,0.0
2024-02-05,2024,2,2024-W06,Melaky,-16.1167,44.7667,faible,365790,0,0,0,0,0,0,0,0,0.0,0.0,0.0
2024-02-12,2024,2,2024-W07,Melaky,-16.1167,44.7667,faible,365790,0,0,0,0,0,0,0,0,0.0,0.0,0.0
2024-02-19,2024,2,2024-W08,Melaky,-16.1167,44.7667,faible,365790,0,0,0,0,0,0,0,0,0.0,0.0,0.0
2024-02-26,2024,2,2024-W09,Melaky,-16.1167,44.7667,faible,365790,0,0,0,0,0,0,0,0,0.0,0.0,0.0
2024-03-04,2024,3,2024-W10,Melaky,-16.1167,44.7667,faible,365790,0,0,0,0,0,0,0,0,0.0,0.0,0.0
2024-03-11,2024,3,2024-W11,Melaky,-16.1167,44.7667,faible,365790,0,0,0,0,0,0,0,0,0.0,0.0,0.0
2024-03-18,2024,3,2024-W12,Melaky,-16.1167,44.7667,faible,365790,0,0,0,0,0,0,0,0,0.0,0.0,0.0
2024-03-25,2024,3,2024-W13,Melaky,-16.1167,44.7667,faible,365790,0,0,0,0,0,0,0,0,0.0,0.0,0.0
2024-04-01,2024,4,2024-W14,Melaky,-16.1167,44.7667,faible,365790,0,0,0,0,0,0,0,0,0.0,0.0,0.0
2024-04-08,2024,4,2024-W15,Melaky,-16.1167,44.7667,faible,365790,0,0,0,0,0,0,0,0,0.0,0.0,0.0
2024-04-15,2024,4,2024-W16,Melaky,-16.1167,44.7667,faible,365790,0,0,0,0,0,0,0,0,0.0,0.0,0.0
2024-04-22,2024,4,2024-W17,Melaky,-16.1167,44.7667,faible,365790,0,0,0,0,0,0,0,0,0.0,0.0,0.0
2024-04-29,2024,4,2024-W18,Melaky,-16.1167,44.7667,faible,365790,0,0,0,0,0,0,0,0,0.0,0.0,0.0
2024-05-06,2024,5,2024-W19,Melaky,-16.1167,44.7667,faible,365790,0,0,0,0,0,0,0,0,0.0,0.0,0.0
2024-05-13,2024,5,2024-W20,Melaky,-16.1167,44.7667,faible,365790,0,0,0,0,0,0,0,0,0.0,0.0,0.0
2024-05-20,2024,5,2024-W21,Melaky,-16.1167,44.7667,faible,365790,0,0,0,0,0,0,0,0,0.0,0.0,0.0
2024-05-27,2024,5,2024-W22,Melaky,-16.1167,44.7667,faible,365790,0,0,0,0,0,0,0,0,0.0,0.0,0.0
2024-06-03,2024,6,2024-W23,Melaky,-16.1167,44.7667,faible,365790,0,0,0,0,0,0,0,0,0.0,0.0,0.0
2024-06-10,2024,6,2024-W24,Melaky,-16.1167,44.7667,faible,365790,0,0,0,0,0,0,0,0,0.0,0.0,0.0
2024-06-17,2024,6,2024-W25,Melaky,-16.1167,44.7667,faible,365790,0,0,0,0,0,0,0,0,0.0,0.0,0.0
2024-06-24,2024,6,2024-W26,Melaky,-16.1167,44.7667,faible,365790,0,0,0,0,0,0,0,0,0.0,0.0,0.0
2024-07-01,2024,7,2024-W27,Melaky,-16.1167,44.7667,faible,365790,0,0,0,0,0,0,0,0,0.0,0.0,0.0
2024-07-08,2024,7,2024-W28,Melaky,-16.1167,44.7667,faible,365790,0,0,0,0,0,0,0,0,0.0,0.0,0.0
2024-07-15,2024,7,2024-W29,Melaky,-16.1167,44.7667,faible,365790,0,0,0,0,0,0,0,0,0.0,0.0,0.0
2024-07-22,2024,7,2024-W30,Melaky,-16.1167,44.7667,faible,365790,0,0,0,0,0,0,0,0,0.0,0.0,0.0
2024-07-29,2024,7,2024-W31,Melaky,-16.1167,44.7667,faible,365790,0,0,0,0,0,0,0,0,0.0,0.0,0.0
2024-08-05,2024,8,2024-W32,Melaky,-16.1167,44.7667,faible,365790,0,0,0,0,0,0,0,0,0.0,0.0,0.0
2024-08-12,2024,8,2024-W33,Melaky,-16.1167,44.7667,faible,365790,0,0,0,0,0,0,0,0,0.0,0.0,0.0
2024-08-19,2024,8,2024-W34,Melaky,-16.1167,44.7667,faible,365790,0,0,0,0,0,0,0,0,0.0,0.0,0.0
2024-08-26,2024,8,2024-W35,Melaky,-16.1167,44.7667,faible,365790,0,0,0,0,0,0,0,0,0.0,0.0,0.0
2024-09-02,2024,9,2024-W36,Melaky,-16.1167,44.7667,faible,365790,0,0,0,0,0,0,0,0,0.0,0.0,0.0
2024-09-09,2024,9,2024-W37,Melaky,-16.1167,44.7667,faible,365790,0,0,0,0,0,0,0,0,0.0,0.0,0.0
2024-09-16,2024,9,2024-W38,Melaky,-16.1167,44.7667,faible,365790,0,0,0,0,0,0,0,0,0.0,0.0,0.0
2024-09-23,2024,9,2024-W39,Melaky,-16.1167,44.7667,faible,365790,0,0,0,0,0,0,0,0,0.0,0.0,0.0
2024-09-30,2024,9,2024-W40,Melaky,-16.1167,44.7667,faible,365790,0,0,0,0,0,0,0,0,0.0,0.0,0.0
2024-10-07,2024,10,2024-W41,Melaky,-16.1167,44.7667,faible,365790,0,0,0,0,0,0,0,0,0.0,0.0,0.0
2024-10-14,2024,10,2024-W42,Melaky,-16.1167,44.7667,faible,365790,0,0,0,0,0,0,0,0,0.0,0.0,0.0
2024-10-21,2024,10,2024-W43,Melaky,-16.1167,44.7667,faible,365790,0,0,0,0,0,0,0,0,0.0,0.0,0.0
2024-10-28,2024,10,2024-W44,Melaky,-16.1167,44.7667,faible,365790,0,0,0,0,0,0,0,0,0.0,0.0,0.0
2024-11-04,2024,11,2024-W45,Melaky,-16.1167,44.7667,faible,365790,0,0,0,0,0,0,0,0,0.0,0.0,0.0
2024-11-11,2024,11,2024-W46,Melaky,-16.1167,44.7667,faible,365790,0,0,0,0,0,0,0,0,0.0,0.0,0.0
2024-11-18,2024,11,2024-W47,Melaky,-16.1167,44.7667,faible,365790,0,0,0,0,0,0,0,0,0.0,0.0,0.0
2024-11-25,2024,11,2024-W48,Melaky,-16.1167,44.7667,faible,365790,0,0,0,0,0,0,0,0,0.0,0.0,0.0
2024-12-02,2024,12,2024-W49,Melaky,-16.1167,44.7667,faible,365790,0,0,0,0,0,0,0,0,0.0,0.0,0.0
2024-12-09,2024,12,2024-W50,Melaky,-16.1167,44.7667,faible,365790,0,0,0,0,0,0,0,0,0.0,0.0,0.0
2024-12-16,2024,12,2024-W51,Melaky,-16.1167,44.7667,faible,365790,0,0,0,0,0,0,0,0,0.0,0.0,0.0
2024-12-23,2024,12,2024-W52,Melaky,-16.1167,44.7667,faible,365790,0,0,0,0,0,0,0,0,0.0,0.0,0.0
2024-12-30,2024,12,2025-W01,Melaky,-16.1167,44.7667,faible,365790,0,0,0,0,0,0,0,0,0.0,0.0,0.0
2025-01-06,2025,1,2025-W02,Melaky,-16.1167,44.7667,faible,365790,0,0,0,0,0,0,0,0,0.0,0.0,0.0
2025-01-13,2025,1,2025-W03,Melaky,-16.1167,44.7667,faible,365790,0,0,0,0,0,0,0,0,0.0,0.0,0.0
2025-01-20,2025,1,2025-W04,Melaky,-16.1167,44.7667,faible,365790,0,0,0,0,0,0,0,0,0.0,0.0,0.0
2025-01-27,2025,1,2025-W05,Melaky,-16.1167,44.7667,faible,365790,0,0,0,0,0,0,0,0,0.0,0.0,0.0
2025-02-03,2025,2,2025-W06,Melaky,-16.1167,44.7667,faible,365790,0,0,0,0,0,0,0,0,0.0,0.0,0.0
2025-02-10,2025,2,2025-W07,Melaky,-16.1167,44.7667,faible,365790,0,0,0,0,0,0,0,0,0.0,0.0,0.0
2025-02-17,2025,2,2025-W08,Melaky,-16.1167,44.7667,faible,365790,0,0,0,0,0,0,0,0,0.0,0.0,0.0
2025-02-24,2025,2,2025-W09,Melaky,-16.1167,44.7667,faible,365790,0,0,0,0,0,0,0,0,0.0,0.0,0.0
2025-03-03,2025,3,2025-W10,Melaky,-16.1167,44.7667,faible,365790,0,0,0,0,0,0,0,0,0.0,0.0,0.0
2025-03-10,2025,3,2025-W11,Melaky,-16.1167,44.7667,faible,365790,0,0,0,0,0,0,0,0,0.0,0.0,0.0
2025-03-17,2025,3,2025-W12,Melaky,-16.1167,44.7667,faible,365790,0,0,0,0,0,0,0,0,0.0,0.0,0.0
2025-03-24,2025,3,2025-W13,Melaky,-16.1167,44.7667,faible,365790,0,0,0,0,0,0,0,0,0.0,0.0,0.0
2025-03-31,2025,3,2025-W14,Melaky,-16.1167,44.7667,faible,365790,0,0,0,0,0,0,0,0,0.0,0.0,0.0
2025-04-07,2025,4,2025-W15,Melaky,-16.1167,44.7667,faible,365790,0,0,0,0,0,0,0,0,0.0,0.0,0.0
2025-04-14,2025,4,2025-W16,Melaky,-16.1167,44.7667,faible,365790,0,0,0,0,0,0,0,0,0.0,0.0,0.0
2025-04-21,2025,4,2025-W17,Melaky,-16.1167,44.7667,faible,365790,0,0,0,0,0,0,0,0,0.0,0.0,0.0
2025-04-28,2025,4,2025-W18,Melaky,-16.1167,44.7667,faible,365790,0,0,0,0,0,0,0,0,0.0,0.0,0.0
2025-05-05,2025,5,2025-W19,Melaky,-16.1167,44.7667,faible,365790,0,0,0,0,0,0,0,0,0.0,0.0,0.0
2025-05-12,2025,5,2025-W20,Melaky,-16.1167,44.7667,faible,365790,0,0,0,0,0,0,0,0,0.0,0.0,0.0
2025-05-19,2025,5,2025-W21,Melaky,-16.1167,44.7667,faible,365790,0,0,0,0,0,0,0,0,0.0,0.0,0.0
2025-05-26,2025,5,2025-W22,Melaky,-16.1167,44.7667,faible,365790,0,0,0,0,0,0,0,0,0.0,0.0,0.0
2025-06-02,2025,6,2025-W23,Melaky,-16.1167,44.7667,faible,365790,0,0,0,0,0,0,0,0,0.0,0.0,0.0
2025-06-09,2025,6,2025-W24,Melaky,-16.1167,44.7667,faible,365790,0,0,0,0,0,0,0,0,0.0,0.0,0.0
2025-06-16,2025,6,2025-W25,Melaky,-16.1167,44.7667,faible,365790,0,0,0,0,0,0,0,0,0.0,0.0,0.0
2025-06-23,2025,6,2025-W26,Melaky,-16.1167,44.7667,faible,365790,0,0,0,0,0,0,0,0,0.0,0.0,0.0
2025-06-30,2025,6,2025-W27,Melaky,-16.1167,44.7667,faible,365790,0,0,0,0,0,0,0,0,0.0,0.0,0.0
2025-07-07,2025,7,2025-W28,Melaky,-16.1167,44.7667,faible,365790,0,0,0,0,0,0,0,0,0.0,0.0,0.0
2025-07-14,2025,7,2025-W29,Melaky,-16.1167,44.7667,faible,365790,0,0,0,0,0,0,0,0,0.0,0.0,0.0
2025-07-21,2025,7,2025-W30,Melaky,-16.1167,44.7667,faible,365790,0,0,0,0,0,0,0,0,0.0,0.0,0.0
2025-07-28,2025,7,2025-W31,Melaky,-16.1167,44.7667,faible,365790,0,0,0,0,0,0,0,0,0.0,0.0,0.0
2025-08-04,2025,8,2025-W32,Melaky,-16.1167,44.7667,faible,365790,0,0,0,0,0,0,0,0,0.0,0.0,0.0
2025-08-11,2025,8,2025-W33,Melaky,-16.1167,44.7667,faible,365790,0,0,0,0,0,0,0,0,0.0,0.0,0.0
2025-08-18,2025,8,2025-W34,Melaky,-16.1167,44.7667,faible,365790,0,0,0,0,0,0,0,0,0.0,0.0,0.0
2025-08-25,2025,8,2025-W35,Melaky,-16.1167,44.7667,faible,365790,0,0,0,0,0,0,0,0,0.0,0.0,0.0
2025-09-01,2025,9,2025-W36,Melaky,-16.1167,44.7667,faible,365790,0,0,0,0,0,0,0,0,0.0,0.0,0.0
2025-09-08,2025,9,2025-W37,Melaky,-16.1167,44.7667,faible,365790,0,0,0,0,0,0,0,0,0.0,0.0,0.0
2025-09-15,2025,9,2025-W38,Melaky,-16.1167,44.7667,faible,365790,0,0,0,0,0,0,0,0,0.0,0.0,0.0
2025-09-22,2025,9,2025-W39,Melaky,-16.1167,44.7667,faible,365790,0,0,0,0,0,0,0,0,0.0,0.0,0.0
2025-09-29,2025,9,2025-W40,Melaky,-16.1167,44.7667,faible,365790,0,0,0,0,0,0,0,0,0.0,0.0,0.0
2025-10-06,2025,10,2025-W41,Melaky,-16.1167,44.7667,faible,365790,0,0,0,0,0,0,0,0,0.0,0.0,0.0
2025-10-13,2025,10,2025-W42,Melaky,-16.1167,44.7667,faible,365790,0,0,0,0,0,0,0,0,0.0,0.0,0.0
2025-10-20,2025,10,2025-W43,Melaky,-16.1167,44.7667,faible,365790,0,0,0,0,0,0,0,0,0.0,0.0,0.0
2025-10-27,2025,10,2025-W44,Melaky,-16.1167,44.7667,faible,365790,0,0,0,0,0,0,0,0,0.0,0.0,0.0
2025-11-03,2025,11,2025-W45,Melaky,-16.1167,44.7667,faible,365790,0,0,0,0,0,0,0,0,0.0,0.0,0.0
2025-11-10,2025,11,2025-W46,Melaky,-16.1167,44.7667,faible,365790,0,0,0,0,0,0,0,0,0.0,0.0,0.0
2025-11-17,2025,11,2025-W47,Melaky,-16.1167,44.7667,faible,365790,0,0,0,0,0,0,0,0,0.0,0.0,0.0
2025-11-24,2025,11,2025-W48,Melaky,-16.1167,44.7667,faible,365790,0,0,0,0,0,0,0,0,0.0,0.0,0.0
2025-12-01,2025,12,2025-W49,Melaky,-16.1167,44.7667,faible,365790,0,0,0,0,0,0,0,0,0.0,0.0,0.0
2025-12-08,2025,12,2025-W50,Melaky,-16.1167,44.7667,faible,365790,0,0,0,0,0,0,0,0,0.0,0.0,0.0
2025-12-15,2025,12,2025-W51,Melaky,-16.1167,44.7667,faible,365790,0,0,0,0,0,0,0,0,0.0,0.0,0.0
2025-12-22,2025,12,2025-W52,Melaky,-16.1167,44.7667,faible,365790,0,0,0,0,0,0,0,0,0.0,0.0,0.0
2025-12-29,2025,12,2026-W01,Melaky,-16.1167,44.7667,faible,365790,0,0,0,0,0,0,0,0,0.0,0.0,0.0
2026-01-05,2026,1,2026-W02,Melaky,-16.1167,44.7667,faible,365790,0,0,0,0,0,0,0,0,0.0,0.0,0.0
2026-01-12,2026,1,2026-W03,Melaky,-16.1167,44.7667,faible,365790,0,0,0,0,0,0,0,0,0.0,0.0,0.0
2026-01-19,2026,1,2026-W04,Melaky,-16.1167,44.7667,faible,365790,0,0,0,0,0,0,0,0,0.0,0.0,0.0
2026-01-26,2026,1,2026-W05,Melaky,-16.1167,44.7667,faible,365790,0,0,0,0,0,0,0,0,0.0,0.0,0.0
2026-02-02,2026,2,2026-W06,Melaky,-16.1167,44.7667,faible,365790,0,0,0,0,0,0,0,0,0.0,0.0,0.0
2026-02-09,2026,2,2026-W07,Melaky,-16.1167,44.7667,faible,365790,0,0,0,0,0,0,0,0,0.0,0.0,0.0
2026-02-16,2026,2,2026-W08,Melaky,-16.1167,44.7667,faible,365790,0,0,0,0,0,0,0,0,0.0,0.0,0.0
2026-02-23,2026,2,2026-W09,Melaky,-16.1167,44.7667,faible,365790,0,0,0,0,0,0,0,0,0.0,0.0,0.0
2026-03-02,2026,3,2026-W10,Melaky,-16.1167,44.7667,faible,365790,0,0,0,0,0,0,0,0,0.0,0.0,0.0
2026-03-09,2026,3,2026-W11,Melaky,-16.1167,44.7667,faible,365790,0,0,0,0,0,0,0,0,0.0,0.0,0.0
2026-03-16,2026,3,2026-W12,Melaky,-16.1167,44.7667,faible,365790,0,0,0,0,0,0,0,0,0.0,0.0,0.0
2026-03-23,2026,3,2026-W13,Melaky,-16.1167,44.7667,faible,365790,0,0,0,0,0,0,0,0,0.0,0.0,0.0
2026-03-30,2026,3,2026-W14,Melaky,-16.1167,44.7667,faible,365790,0,0,0,0,0,0,0,0,0.0,0.0,0.0
2026-04-06,2026,4,2026-W15,Melaky,-16.1167,44.7667,faible,365790,0,0,0,0,0,0,0,0,0.0,0.0,0.0
2026-04-13,2026,4,2026-W16,Melaky,-16.1167,44.7667,faible,365790,0,0,0,0,0,0,0,0,0.0,0.0,0.0
2026-04-20,2026,4,2026-W17,Melaky,-16.1167,44.7667,faible,365790,0,0,0,0,0,0,0,0,0.0,0.0,0.0
2026-04-27,2026,4,2026-W18,Melaky,-16.1167,44.7667,faible,365790,0,0,0,0,0,0,0,0,0.0,0.0,0.0
2026-05-04,2026,5,2026-W19,Melaky,-16.1167,44.7667,faible,365790,0,0,0,0,0,0,0,0,0.0,0.0,0.0
2026-05-11,2026,5,2026-W20,Melaky,-16.1167,44.7667,faible,365790,0,0,0,0,0,0,0,0,0.0,0.0,0.0
2026-05-18,2026,5,2026-W21,Melaky,-16.1167,44.7667,faible,365790,0,0,0,0,0,0,0,0,0.0,0.0,0.0
2026-05-25,2026,5,2026-W22,Melaky,-16.1167,44.7667,faible,365790,0,0,0,0,0,0,0,0,0.0,0.0,0.0
2026-06-01,2026,6,2026-W23,Melaky,-16.1167,44.7667,faible,365790,0,0,0,0,0,0,0,0,0.0,0.0,0.0
2026-06-08,2026,6,2026-W24,Melaky,-16.1167,44.7667,faible,365790,0,0,0,0,0,0,0,0,0.0,0.0,0.0
2026-06-15,2026,6,2026-W25,Melaky,-16.1167,44.7667,faible,365790,0,0,0,0,0,0,0,0,0.0,0.0,0.0
2026-06-22,2026,6,2026-W26,Melaky,-16.1167,44.7667,faible,365790,0,0,0,0,0,0,0,0,0.0,0.0,0.0
2026-06-29,2026,6,2026-W27,Melaky,-16.1167,44.7667,faible,365790,0,0,0,0,0,0,0,0,0.0,0.0,0.0
2026-07-06,2026,7,2026-W28,Melaky,-16.1167,44.7667,faible,365790,0,0,0,0,0,0,0,0,0.0,0.0,0.0
2026-07-13,2026,7,2026-W29,Melaky,-16.1167,44.7667,faible,365790,0,0,0,0,0,0,0,0,0.0,0.0,0.0
2026-07-20,2026,7,2026-W30,Melaky,-16.1167,44.7667,faible,365790,0,0,0,0,0,0,0,0,0.0,0.0,0.0
2026-07-27,2026,7,2026-W31,Melaky,-16.1167,44.7667,faible,365790,0,0,0,0,0,0,0,0,0.0,0.0,0.0
2020-01-06,2020,1,2020-W02,Ambatosoa,-21.0333,47.6333,faible,652462,0,0,0,0,0,0,0,0,0.0,0.0,0.0
2020-01-13,2020,1,2020-W03,Ambatosoa,-21.0333,47.6333,faible,652462,0,0,0,0,0,0,0,0,0.0,0.0,0.0
2020-01-20,2020,1,2020-W04,Ambatosoa,-21.0333,47.6333,faible,652462,0,0,0,0,0,0,0,0,0.0,0.0,0.0
2020-01-27,2020,1,2020-W05,Ambatosoa,-21.0333,47.6333,faible,652462,0,0,0,0,0,0,0,0,0.0,0.0,0.0
2020-02-03,2020,2,2020-W06,Ambatosoa,-21.0333,47.6333,faible,652462,0,0,0,0,0,0,0,0,0.0,0.0,0.0
2020-02-10,2020,2,2020-W07,Ambatosoa,-21.0333,47.6333,faible,652462,0,0,0,0,0,0,0,0,0.0,0.0,0.0
2020-02-17,2020,2,2020-W08,Ambatosoa,-21.0333,47.6333,faible,652462,0,0,0,0,0,0,0,0,0.0,0.0,0.0
2020-02-24,2020,2,2020-W09,Ambatosoa,-21.0333,47.6333,faible,652462,0,0,0,0,0,0,0,0,0.0,0.0,0.0
2020-03-02,2020,3,2020-W10,Ambatosoa,-21.0333,47.6333,faible,652462,0,0,0,0,0,0,0,0,0.0,0.0,0.0
2020-03-09,2020,3,2020-W11,Ambatosoa,-21.0333,47.6333,faible,652462,0,0,0,0,0,0,0,0,0.0,0.0,0.0
2020-03-16,2020,3,2020-W12,Ambatosoa,-21.0333,47.6333,faible,652462,0,0,0,0,0,0,0,0,0.0,0.0,0.0
2020-03-23,2020,3,2020-W13,Ambatosoa,-21.0333,47.6333,faible,652462,0,0,0,0,0,0,0,0,0.0,0.0,0.0
2020-03-30,2020,3,2020-W14,Ambatosoa,-21.0333,47.6333,faible,652462,0,0,0,0,0,0,0,0,0.0,0.0,0.0
2020-04-06,2020,4,2020-W15,Ambatosoa,-21.0333,47.6333,faible,652462,0,0,0,0,0,0,0,0,0.0,0.0,0.0
2020-04-13,2020,4,2020-W16,Ambatosoa,-21.0333,47.6333,faible,652462,0,0,0,0,0,0,0,0,0.0,0.0,0.0
2020-04-20,2020,4,2020-W17,Ambatosoa,-21.0333,47.6333,faible,652462,0,0,0,0,0,0,0,0,0.0,0.0,0.0
2020-04-27,2020,4,2020-W18,Ambatosoa,-21.0333,47.6333,faible,652462,0,0,0,0,0,0,0,0,0.0,0.0,0.0
2020-05-04,2020,5,2020-W19,Ambatosoa,-21.0333,47.6333,faible,652462,0,0,0,0,0,0,0,0,0.0,0.0,0.0
2020-05-11,2020,5,2020-W20,Ambatosoa,-21.0333,47.6333,faible,652462,0,0,0,0,0,0,0,0,0.0,0.0,0.0
2020-05-18,2020,5,2020-W21,Ambatosoa,-21.0333,47.6333,faible,652462,0,0,0,0,0,0,0,0,0.0,0.0,0.0
2020-05-25,2020,5,2020-W22,Ambatosoa,-21.0333,47.6333,faible,652462,0,0,0,0,0,0,0,0,0.0,0.0,0.0
2020-06-01,2020,6,2020-W23,Ambatosoa,-21.0333,47.6333,faible,652462,0,0,0,0,0,0,0,0,0.0,0.0,0.0
2020-06-08,2020,6,2020-W24,Ambatosoa,-21.0333,47.6333,faible,652462,0,0,0,0,0,0,0,0,0.0,0.0,0.0
2020-06-15,2020,6,2020-W25,Ambatosoa,-21.0333,47.6333,faible,652462,0,0,0,0,0,0,0,0,0.0,0.0,0.0
2020-06-22,2020,6,2020-W26,Ambatosoa,-21.0333,47.6333,faible,652462,0,0,0,0,0,0,0,0,0.0,0.0,0.0
2020-06-29,2020,6,2020-W27,Ambatosoa,-21.0333,47.6333,faible,652462,0,0,0,0,0,0,0,0,0.0,0.0,0.0
2020-07-06,2020,7,2020-W28,Ambatosoa,-21.0333,47.6333,faible,652462,0,0,0,0,0,0,0,0,0.0,0.0,0.0
2020-07-13,2020,7,2020-W29,Ambatosoa,-21.0333,47.6333,faible,652462,0,0,0,0,0,0,0,0,0.0,0.0,0.0
2020-07-20,2020,7,2020-W30,Ambatosoa,-21.0333,47.6333,faible,652462,0,0,0,0,0,0,0,0,0.0,0.0,0.0
2020-07-27,2020,7,2020-W31,Ambatosoa,-21.0333,47.6333,faible,652462,0,0,0,0,0,0,0,0,0.0,0.0,0.0
2020-08-03,2020,8,2020-W32,Ambatosoa,-21.0333,47.6333,faible,652462,0,0,0,0,0,0,0,0,0.0,0.0,0.0
2020-08-10,2020,8,2020-W33,Ambatosoa,-21.0333,47.6333,faible,652462,0,0,0,0,0,0,0,0,0.0,0.0,0.0
2020-08-17,2020,8,2020-W34,Ambatosoa,-21.0333,47.6333,faible,652462,0,0,0,0,0,0,0,0,0.0,0.0,0.0
2020-08-24,2020,8,2020-W35,Ambatosoa,-21.0333,47.6333,faible,652462,0,0,0,0,0,0,0,0,0.0,0.0,0.0
2020-08-31,2020,8,2020-W36,Ambatosoa,-21.0333,47.6333,faible,652462,0,0,0,0,0,0,0,0,0.0,0.0,0.0
2020-09-07,2020,9,2020-W37,Ambatosoa,-21.0333,47.6333,faible,652462,0,0,0,0,0,0,0,0,0.0,0.0,0.0
2020-09-14,2020,9,2020-W38,Ambatosoa,-21.0333,47.6333,faible,652462,0,0,0,0,0,0,0,0,0.0,0.0,0.0
2020-09-21,2020,9,2020-W39,Ambatosoa,-21.0333,47.6333,faible,652462,0,0,0,0,0,0,0,0,0.0,0.0,0.0
2020-09-28,2020,9,2020-W40,Ambatosoa,-21.0333,47.6333,faible,652462,0,0,0,0,0,0,0,0,0.0,0.0,0.0
2020-10-05,2020,10,2020-W41,Ambatosoa,-21.0333,47.6333,faible,652462,0,0,0,0,0,0,0,0,0.0,0.0,0.0
2020-10-12,2020,10,2020-W42,Ambatosoa,-21.0333,47.6333,faible,652462,0,0,0,0,0,0,0,0,0.0,0.0,0.0
2020-10-19,2020,10,2020-W43,Ambatosoa,-21.0333,47.6333,faible,652462,0,0,0,0,0,0,0,0,0.0,0.0,0.0
2020-10-26,2020,10,2020-W44,Ambatosoa,-21.0333,47.6333,faible,652462,0,0,0,0,0,0,0,0,0.0,0.0,0.0
2020-11-02,2020,11,2020-W45,Ambatosoa,-21.0333,47.6333,faible,652462,0,0,0,0,0,0,0,0,0.0,0.0,0.0
2020-11-09,2020,11,2020-W46,Ambatosoa,-21.0333,47.6333,faible,652462,0,0,0,0,0,0,0,0,0.0,0.0,0.0
2020-11-16,2020,11,2020-W47,Ambatosoa,-21.0333,47.6333,faible,652462,0,0,0,0,0,0,0,0,0.0,0.0,0.0
2020-11-23,2020,11,2020-W48,Ambatosoa,-21.0333,47.6333,faible,652462,0,0,0,0,0,0,0,0,0.0,0.0,0.0
2020-11-30,2020,11,2020-W49,Ambatosoa,-21.0333,47.6333,faible,652462,0,0,0,0,0,0,0,0,0.0,0.0,0.0
2020-12-07,2020,12,2020-W50,Ambatosoa,-21.0333,47.6333,faible,652462,0,0,0,0,0,0,0,0,0.0,0.0,0.0
2020-12-14,2020,12,2020-W51,Ambatosoa,-21.0333,47.6333,faible,652462,0,0,0,0,0,0,0,0,0.0,0.0,0.0
2020-12-21,2020,12,2020-W52,Ambatosoa,-21.0333,47.6333,faible,652462,0,0,0,0,0,0,0,0,0.0,0.0,0.0
2020-12-28,2020,12,2020-W53,Ambatosoa,-21.0333,47.6333,faible,652462,0,0,0,0,0,0,0,0,0.0,0.0,0.0
2021-01-04,2021,1,2021-W01,Ambatosoa,-21.0333,47.6333,faible,652462,0,0,0,0,0,0,0,0,0.0,0.0,0.0
2021-01-11,2021,1,2021-W02,Ambatosoa,-21.0333,47.6333,faible,652462,0,0,0,0,0,0,0,0,0.0,0.0,0.0
2021-01-18,2021,1,2021-W03,Ambatosoa,-21.0333,47.6333,faible,652462,0,0,0,0,0,0,0,0,0.0,0.0,0.0
2021-01-25,2021,1,2021-W04,Ambatosoa,-21.0333,47.6333,faible,652462,0,0,0,0,0,0,0,0,0.0,0.0,0.0
2021-02-01,2021,2,2021-W05,Ambatosoa,-21.0333,47.6333,faible,652462,0,0,0,0,0,0,0,0,0.0,0.0,0.0
2021-02-08,2021,2,2021-W06,Ambatosoa,-21.0333,47.6333,faible,652462,0,0,0,0,0,0,0,0,0.0,0.0,0.0
2021-02-15,2021,2,2021-W07,Ambatosoa,-21.0333,47.6333,faible,652462,0,0,0,0,0,0,0,0,0.0,0.0,0.0
2021-02-22,2021,2,2021-W08,Ambatosoa,-21.0333,47.6333,faible,652462,0,0,0,0,0,0,0,0,0.0,0.0,0.0
2021-03-01,2021,3,2021-W09,Ambatosoa,-21.0333,47.6333,faible,652462,0,0,0,0,0,0,0,0,0.0,0.0,0.0
2021-03-08,2021,3,2021-W10,Ambatosoa,-21.0333,47.6333,faible,652462,0,0,0,0,0,0,0,0,0.0,0.0,0.0
2021-03-15,2021,3,2021-W11,Ambatosoa,-21.0333,47.6333,faible,652462,0,0,0,0,0,0,0,0,0.0,0.0,0.0
2021-03-22,2021,3,2021-W12,Ambatosoa,-21.0333,47.6333,faible,652462,0,0,0,0,0,0,0,0,0.0,0.0,0.0
2021-03-29,2021,3,2021-W13,Ambatosoa,-21.0333,47.6333,faible,652462,0,0,0,0,0,0,0,0,0.0,0.0,0.0
2021-04-05,2021,4,2021-W14,Ambatosoa,-21.0333,47.6333,faible,652462,0,0,0,0,0,0,0,0,0.0,0.0,0.0
2021-04-12,2021,4,2021-W15,Ambatosoa,-21.0333,47.6333,faible,652462,0,0,0,0,0,0,0,0,0.0,0.0,0.0
2021-04-19,2021,4,2021-W16,Ambatosoa,-21.0333,47.6333,faible,652462,0,0,0,0,0,0,0,0,0.0,0.0,0.0
2021-04-26,2021,4,2021-W17,Ambatosoa,-21.0333,47.6333,faible,652462,0,0,0,0,0,0,0,0,0.0,0.0,0.0
2021-05-03,2021,5,2021-W18,Ambatosoa,-21.0333,47.6333,faible,652462,0,0,0,0,0,0,0,0,0.0,0.0,0.0
2021-05-10,2021,5,2021-W19,Ambatosoa,-21.0333,47.6333,faible,652462,0,0,0,0,0,0,0,0,0.0,0.0,0.0
2021-05-17,2021,5,2021-W20,Ambatosoa,-21.0333,47.6333,faible,652462,0,0,0,0,0,0,0,0,0.0,0.0,0.0
2021-05-24,2021,5,2021-W21,Ambatosoa,-21.0333,47.6333,faible,652462,0,0,0,0,0,0,0,0,0.0,0.0,0.0
2021-05-31,2021,5,2021-W22,Ambatosoa,-21.0333,47.6333,faible,652462,0,0,0,0,0,0,0,0,0.0,0.0,0.0
2021-06-07,2021,6,2021-W23,Ambatosoa,-21.0333,47.6333,faible,652462,0,0,0,0,0,0,0,0,0.0,0.0,0.0
2021-06-14,2021,6,2021-W24,Ambatosoa,-21.0333,47.6333,faible,652462,0,0,0,0,0,0,0,0,0.0,0.0,0.0
2021-06-21,2021,6,2021-W25,Ambatosoa,-21.0333,47.6333,faible,652462,0,0,0,0,0,0,0,0,0.0,0.0,0.0
2021-06-28,2021,6,2021-W26,Ambatosoa,-21.0333,47.6333,faible,652462,0,0,0,0,0,0,0,0,0.0,0.0,0.0
2021-07-05,2021,7,2021-W27,Ambatosoa,-21.0333,47.6333,faible,652462,0,0,0,0,0,0,0,0,0.0,0.0,0.0
2021-07-12,2021,7,2021-W28,Ambatosoa,-21.0333,47.6333,faible,652462,0,0,0,0,0,0,0,0,0.0,0.0,0.0
2021-07-19,2021,7,2021-W29,Ambatosoa,-21.0333,47.6333,faible,652462,0,0,0,0,0,0,0,0,0.0,0.0,0.0
2021-07-26,2021,7,2021-W30,Ambatosoa,-21.0333,47.6333,faible,652462,0,0,0,0,0,0,0,0,0.0,0.0,0.0
2021-08-02,2021,8,2021-W31,Ambatosoa,-21.0333,47.6333,faible,652462,0,0,0,0,0,0,0,0,0.0,0.0,0.0
2021-08-09,2021,8,2021-W32,Ambatosoa,-21.0333,47.6333,faible,652462,0,0,0,0,0,0,0,0,0.0,0.0,0.0
2021-08-16,2021,8,2021-W33,Ambatosoa,-21.0333,47.6333,faible,652462,0,0,0,0,0,0,0,0,0.0,0.0,0.0
2021-08-23,2021,8,2021-W34,Ambatosoa,-21.0333,47.6333,faible,652462,0,0,0,0,0,0,0,0,0.0,0.0,0.0
2021-08-30,2021,8,2021-W35,Ambatosoa,-21.0333,47.6333,faible,652462,0,0,0,0,0,0,0,0,0.0,0.0,0.0
2021-09-06,2021,9,2021-W36,Ambatosoa,-21.0333,47.6333,faible,652462,0,0,0,0,0,0,0,0,0.0,0.0,0.0
2021-09-13,2021,9,2021-W37,Ambatosoa,-21.0333,47.6333,faible,652462,0,0,0,0,0,0,0,0,0.0,0.0,0.0
2021-09-20,2021,9,2021-W38,Ambatosoa,-21.0333,47.6333,faible,652462,0,0,0,0,0,0,0,0,0.0,0.0,0.0
2021-09-27,2021,9,2021-W39,Ambatosoa,-21.0333,47.6333,faible,652462,0,0,0,0,0,0,0,0,0.0,0.0,0.0
2021-10-04,2021,10,2021-W40,Ambatosoa,-21.0333,47.6333,faible,652462,0,0,0,0,0,0,0,0,0.0,0.0,0.0
2021-10-11,2021,10,2021-W41,Ambatosoa,-21.0333,47.6333,faible,652462,0,0,0,0,0,0,0,0,0.0,0.0,0.0
2021-10-18,2021,10,2021-W42,Ambatosoa,-21.0333,47.6333,faible,652462,0,0,0,0,0,0,0,0,0.0,0.0,0.0
2021-10-25,2021,10,2021-W43,Ambatosoa,-21.0333,47.6333,faible,652462,0,0,0,0,0,0,0,0,0.0,0.0,0.0
2021-11-01,2021,11,2021-W44,Ambatosoa,-21.0333,47.6333,faible,652462,0,0,0,0,0,0,0,0,0.0,0.0,0.0
2021-11-08,2021,11,2021-W45,Ambatosoa,-21.0333,47.6333,faible,652462,0,0,0,0,0,0,0,0,0.0,0.0,0.0
2021-11-15,2021,11,2021-W46,Ambatosoa,-21.0333,47.6333,faible,652462,0,0,0,0,0,0,0,0,0.0,0.0,0.0
2021-11-22,2021,11,2021-W47,Ambatosoa,-21.0333,47.6333,faible,652462,0,0,0,0,0,0,0,0,0.0,0.0,0.0
2021-11-29,2021,11,2021-W48,Ambatosoa,-21.0333,47.6333,faible,652462,0,0,0,0,0,0,0,0,0.0,0.0,0.0
2021-12-06,2021,12,2021-W49,Ambatosoa,-21.0333,47.6333,faible,652462,0,0,0,0,0,0,0,0,0.0,0.0,0.0
2021-12-13,2021,12,2021-W50,Ambatosoa,-21.0333,47.6333,faible,652462,0,0,0,0,0,0,0,0,0.0,0.0,0.0
2021-12-20,2021,12,2021-W51,Ambatosoa,-21.0333,47.6333,faible,652462,0,0,0,0,0,0,0,0,0.0,0.0,0.0
2021-12-27,2021,12,2021-W52,Ambatosoa,-21.0333,47.6333,faible,652462,0,0,0,0,0,0,0,0,0.0,0.0,0.0
2022-01-03,2022,1,2022-W01,Ambatosoa,-21.0333,47.6333,faible,652462,0,0,0,0,0,0,0,0,0.0,0.0,0.0
2022-01-10,2022,1,2022-W02,Ambatosoa,-21.0333,47.6333,faible,652462,0,0,0,0,0,0,0,0,0.0,0.0,0.0
2022-01-17,2022,1,2022-W03,Ambatosoa,-21.0333,47.6333,faible,652462,0,0,0,0,0,0,0,0,0.0,0.0,0.0
2022-01-24,2022,1,2022-W04,Ambatosoa,-21.0333,47.6333,faible,652462,0,0,0,0,0,0,0,0,0.0,0.0,0.0
2022-01-31,2022,1,2022-W05,Ambatosoa,-21.0333,47.6333,faible,652462,0,0,0,0,0,0,0,0,0.0,0.0,0.0
2022-02-07,2022,2,2022-W06,Ambatosoa,-21.0333,47.6333,faible,652462,0,0,0,0,0,0,0,0,0.0,0.0,0.0
2022-02-14,2022,2,2022-W07,Ambatosoa,-21.0333,47.6333,faible,652462,0,0,0,0,0,0,0,0,0.0,0.0,0.0
2022-02-21,2022,2,2022-W08,Ambatosoa,-21.0333,47.6333,faible,652462,0,0,0,0,0,0,0,0,0.0,0.0,0.0
2022-02-28,2022,2,2022-W09,Ambatosoa,-21.0333,47.6333,faible,652462,0,0,0,0,0,0,0,0,0.0,0.0,0.0
2022-03-07,2022,3,2022-W10,Ambatosoa,-21.0333,47.6333,faible,652462,0,0,0,0,0,0,0,0,0.0,0.0,0.0
2022-03-14,2022,3,2022-W11,Ambatosoa,-21.0333,47.6333,faible,652462,0,0,0,0,0,0,0,0,0.0,0.0,0.0
2022-03-21,2022,3,2022-W12,Ambatosoa,-21.0333,47.6333,faible,652462,0,0,0,0,0,0,0,0,0.0,0.0,0.0
2022-03-28,2022,3,2022-W13,Ambatosoa,-21.0333,47.6333,faible,652462,0,0,0,0,0,0,0,0,0.0,0.0,0.0
2022-04-04,2022,4,2022-W14,Ambatosoa,-21.0333,47.6333,faible,652462,0,0,0,0,0,0,0,0,0.0,0.0,0.0
2022-04-11,2022,4,2022-W15,Ambatosoa,-21.0333,47.6333,faible,652462,0,0,0,0,0,0,0,0,0.0,0.0,0.0
2022-04-18,2022,4,2022-W16,Ambatosoa,-21.0333,47.6333,faible,652462,0,0,0,0,0,0,0,0,0.0,0.0,0.0
2022-04-25,2022,4,2022-W17,Ambatosoa,-21.0333,47.6333,faible,652462,0,0,0,0,0,0,0,0,0.0,0.0,0.0
2022-05-02,2022,5,2022-W18,Ambatosoa,-21.0333,47.6333,faible,652462,0,0,0,0,0,0,0,0,0.0,0.0,0.0
2022-05-09,2022,5,2022-W19,Ambatosoa,-21.0333,47.6333,faible,652462,0,0,0,0,0,0,0,0,0.0,0.0,0.0
2022-05-16,2022,5,2022-W20,Ambatosoa,-21.0333,47.6333,faible,652462,0,0,0,0,0,0,0,0,0.0,0.0,0.0
2022-05-23,2022,5,2022-W21,Ambatosoa,-21.0333,47.6333,faible,652462,0,0,0,0,0,0,0,0,0.0,0.0,0.0
2022-05-30,2022,5,2022-W22,Ambatosoa,-21.0333,47.6333,faible,652462,0,0,0,0,0,0,0,0,0.0,0.0,0.0
2022-06-06,2022,6,2022-W23,Ambatosoa,-21.0333,47.6333,faible,652462,0,0,0,0,0,0,0,0,0.0,0.0,0.0
2022-06-13,2022,6,2022-W24,Ambatosoa,-21.0333,47.6333,faible,652462,0,0,0,0,0,0,0,0,0.0,0.0,0.0
2022-06-20,2022,6,2022-W25,Ambatosoa,-21.0333,47.6333,faible,652462,0,0,0,0,0,0,0,0,0.0,0.0,0.0
2022-06-27,2022,6,2022-W26,Ambatosoa,-21.0333,47.6333,faible,652462,0,0,0,0,0,0,0,0,0.0,0.0,0.0
2022-07-04,2022,7,2022-W27,Ambatosoa,-21.0333,47.6333,faible,652462,0,0,0,0,0,0,0,0,0.0,0.0,0.0
2022-07-11,2022,7,2022-W28,Ambatosoa,-21.0333,47.6333,faible,652462,0,0,0,0,0,0,0,0,0.0,0.0,0.0
2022-07-18,2022,7,2022-W29,Ambatosoa,-21.0333,47.6333,faible,652462,0,0,0,0,0,0,0,0,0.0,0.0,0.0
2022-07-25,2022,7,2022-W30,Ambatosoa,-21.0333,47.6333,faible,652462,0,0,0,0,0,0,0,0,0.0,0.0,0.0
2022-08-01,2022,8,2022-W31,Ambatosoa,-21.0333,47.6333,faible,652462,0,0,0,0,0,0,0,0,0.0,0.0,0.0
2022-08-08,2022,8,2022-W32,Ambatosoa,-21.0333,47.6333,faible,652462,0,0,0,0,0,0,0,0,0.0,0.0,0.0
2022-08-15,2022,8,2022-W33,Ambatosoa,-21.0333,47.6333,faible,652462,0,0,0,0,0,0,0,0,0.0,0.0,0.0
2022-08-22,2022,8,2022-W34,Ambatosoa,-21.0333,47.6333,faible,652462,0,0,0,0,0,0,0,0,0.0,0.0,0.0
2022-08-29,2022,8,2022-W35,Ambatosoa,-21.0333,47.6333,faible,652462,0,0,0,0,0,0,0,0,0.0,0.0,0.0
2022-09-05,2022,9,2022-W36,Ambatosoa,-21.0333,47.6333,faible,652462,0,0,0,0,0,0,0,0,0.0,0.0,0.0
2022-09-12,2022,9,2022-W37,Ambatosoa,-21.0333,47.6333,faible,652462,0,0,0,0,0,0,0,0,0.0,0.0,0.0
2022-09-19,2022,9,2022-W38,Ambatosoa,-21.0333,47.6333,faible,652462,0,0,0,0,0,0,0,0,0.0,0.0,0.0
2022-09-26,2022,9,2022-W39,Ambatosoa,-21.0333,47.6333,faible,652462,0,0,0,0,0,0,0,0,0.0,0.0,0.0
2022-10-03,2022,10,2022-W40,Ambatosoa,-21.0333,47.6333,faible,652462,0,0,0,0,0,0,0,0,0.0,0.0,0.0
2022-10-10,2022,10,2022-W41,Ambatosoa,-21.0333,47.6333,faible,652462,0,0,0,0,0,0,0,0,0.0,0.0,0.0
2022-10-17,2022,10,2022-W42,Ambatosoa,-21.0333,47.6333,faible,652462,0,0,0,0,0,0,0,0,0.0,0.0,0.0
2022-10-24,2022,10,2022-W43,Ambatosoa,-21.0333,47.6333,faible,652462,0,0,0,0,0,0,0,0,0.0,0.0,0.0
2022-10-31,2022,10,2022-W44,Ambatosoa,-21.0333,47.6333,faible,652462,0,0,0,0,0,0,0,0,0.0,0.0,0.0
2022-11-07,2022,11,2022-W45,Ambatosoa,-21.0333,47.6333,faible,652462,0,0,0,0,0,0,0,0,0.0,0.0,0.0
2022-11-14,2022,11,2022-W46,Ambatosoa,-21.0333,47.6333,faible,652462,0,0,0,0,0,0,0,0,0.0,0.0,0.0
2022-11-21,2022,11,2022-W47,Ambatosoa,-21.0333,47.6333,faible,652462,0,0,0,0,0,0,0,0,0.0,0.0,0.0
2022-11-28,2022,11,2022-W48,Ambatosoa,-21.0333,47.6333,faible,652462,0,0,0,0,0,0,0,0,0.0,0.0,0.0
2022-12-05,2022,12,2022-W49,Ambatosoa,-21.0333,47.6333,faible,652462,0,0,0,0,0,0,0,0,0.0,0.0,0.0
2022-12-12,2022,12,2022-W50,Ambatosoa,-21.0333,47.6333,faible,652462,0,0,0,0,0,0,0,0,0.0,0.0,0.0
2022-12-19,2022,12,2022-W51,Ambatosoa,-21.0333,47.6333,faible,652462,0,0,0,0,0,0,0,0,0.0,0.0,0.0
2022-12-26,2022,12,2022-W52,Ambatosoa,-21.0333,47.6333,faible,652462,0,0,0,0,0,0,0,0,0.0,0.0,0.0
2023-01-02,2023,1,2023-W01,Ambatosoa,-21.0333,47.6333,faible,652462,0,0,0,0,0,0,0,0,0.0,0.0,0.0
2023-01-09,2023,1,2023-W02,Ambatosoa,-21.0333,47.6333,faible,652462,0,0,0,0,0,0,0,0,0.0,0.0,0.0
2023-01-16,2023,1,2023-W03,Ambatosoa,-21.0333,47.6333,faible,652462,0,0,0,0,0,0,0,0,0.0,0.0,0.0
2023-01-23,2023,1,2023-W04,Ambatosoa,-21.0333,47.6333,faible,652462,0,0,0,0,0,0,0,0,0.0,0.0,0.0
2023-01-30,2023,1,2023-W05,Ambatosoa,-21.0333,47.6333,faible,652462,0,0,0,0,0,0,0,0,0.0,0.0,0.0
2023-02-06,2023,2,2023-W06,Ambatosoa,-21.0333,47.6333,faible,652462,0,0,0,0,0,0,0,0,0.0,0.0,0.0
2023-02-13,2023,2,2023-W07,Ambatosoa,-21.0333,47.6333,faible,652462,0,0,0,0,0,0,0,0,0.0,0.0,0.0
2023-02-20,2023,2,2023-W08,Ambatosoa,-21.0333,47.6333,faible,652462,0,0,0,0,0,0,0,0,0.0,0.0,0.0
2023-02-27,2023,2,2023-W09,Ambatosoa,-21.0333,47.6333,faible,652462,0,0,0,0,0,0,0,0,0.0,0.0,0.0
2023-03-06,2023,3,2023-W10,Ambatosoa,-21.0333,47.6333,faible,652462,0,0,0,0,0,0,0,0,0.0,0.0,0.0
2023-03-13,2023,3,2023-W11,Ambatosoa,-21.0333,47.6333,faible,652462,0,0,0,0,0,0,0,0,0.0,0.0,0.0
2023-03-20,2023,3,2023-W12,Ambatosoa,-21.0333,47.6333,faible,652462,0,0,0,0,0,0,0,0,0.0,0.0,0.0
2023-03-27,2023,3,2023-W13,Ambatosoa,-21.0333,47.6333,faible,652462,0,0,0,0,0,0,0,0,0.0,0.0,0.0
2023-04-03,2023,4,2023-W14,Ambatosoa,-21.0333,47.6333,faible,652462,0,0,0,0,0,0,0,0,0.0,0.0,0.0
2023-04-10,2023,4,2023-W15,Ambatosoa,-21.0333,47.6333,faible,652462,0,0,0,0,0,0,0,0,0.0,0.0,0.0
2023-04-17,2023,4,2023-W16,Ambatosoa,-21.0333,47.6333,faible,652462,0,0,0,0,0,0,0,0,0.0,0.0,0.0
2023-04-24,2023,4,2023-W17,Ambatosoa,-21.0333,47.6333,faible,652462,0,0,0,0,0,0,0,0,0.0,0.0,0.0
2023-05-01,2023,5,2023-W18,Ambatosoa,-21.0333,47.6333,faible,652462,0,0,0,0,0,0,0,0,0.0,0.0,0.0
2023-05-08,2023,5,2023-W19,Ambatosoa,-21.0333,47.6333,faible,652462,0,0,0,0,0,0,0,0,0.0,0.0,0.0
2023-05-15,2023,5,2023-W20,Ambatosoa,-21.0333,47.6333,faible,652462,0,0,0,0,0,0,0,0,0.0,0.0,0.0
2023-05-22,2023,5,2023-W21,Ambatosoa,-21.0333,47.6333,faible,652462,0,0,0,0,0,0,0,0,0.0,0.0,0.0
2023-05-29,2023,5,2023-W22,Ambatosoa,-21.0333,47.6333,faible,652462,0,0,0,0,0,0,0,0,0.0,0.0,0.0
2023-06-05,2023,6,2023-W23,Ambatosoa,-21.0333,47.6333,faible,652462,0,0,0,0,0,0,0,0,0.0,0.0,0.0
2023-06-12,2023,6,2023-W24,Ambatosoa,-21.0333,47.6333,faible,652462,0,0,0,0,0,0,0,0,0.0,0.0,0.0
2023-06-19,2023,6,2023-W25,Ambatosoa,-21.0333,47.6333,faible,652462,0,0,0,0,0,0,0,0,0.0,0.0,0.0
2023-06-26,2023,6,2023-W26,Ambatosoa,-21.0333,47.6333,faible,652462,0,0,0,0,0,0,0,0,0.0,0.0,0.0
2023-07-03,2023,7,2023-W27,Ambatosoa,-21.0333,47.6333,faible,652462,0,0,0,0,0,0,0,0,0.0,0.0,0.0
2023-07-10,2023,7,2023-W28,Ambatosoa,-21.0333,47.6333,faible,652462,0,0,0,0,0,0,0,0,0.0,0.0,0.0
2023-07-17,2023,7,2023-W29,Ambatosoa,-21.0333,47.6333,faible,652462,0,0,0,0,0,0,0,0,0.0,0.0,0.0
2023-07-24,2023,7,2023-W30,Ambatosoa,-21.0333,47.6333,faible,652462,0,0,0,0,0,0,0,0,0.0,0.0,0.0
2023-07-31,2023,7,2023-W31,Ambatosoa,-21.0333,47.6333,faible,652462,0,0,0,0,0,0,0,0,0.0,0.0,0.0
2023-08-07,2023,8,2023-W32,Ambatosoa,-21.0333,47.6333,faible,652462,0,0,0,0,0,0,0,0,0.0,0.0,0.0
2023-08-14,2023,8,2023-W33,Ambatosoa,-21.0333,47.6333,faible,652462,0,0,0,0,0,0,0,0,0.0,0.0,0.0
2023-08-21,2023,8,2023-W34,Ambatosoa,-21.0333,47.6333,faible,652462,0,0,0,0,0,0,0,0,0.0,0.0,0.0
2023-08-28,2023,8,2023-W35,Ambatosoa,-21.0333,47.6333,faible,652462,0,0,0,0,0,0,0,0,0.0,0.0,0.0
2023-09-04,2023,9,2023-W36,Ambatosoa,-21.0333,47.6333,faible,652462,0,0,0,0,0,0,0,0,0.0,0.0,0.0
2023-09-11,2023,9,2023-W37,Ambatosoa,-21.0333,47.6333,faible,652462,0,0,0,0,0,0,0,0,0.0,0.0,0.0
2023-09-18,2023,9,2023-W38,Ambatosoa,-21.0333,47.6333,faible,652462,0,0,0,0,0,0,0,0,0.0,0.0,0.0
2023-09-25,2023,9,2023-W39,Ambatosoa,-21.0333,47.6333,faible,652462,0,0,0,0,0,0,0,0,0.0,0.0,0.0
2023-10-02,2023,10,2023-W40,Ambatosoa,-21.0333,47.6333,faible,652462,0,0,0,0,0,0,0,0,0.0,0.0,0.0
2023-10-09,2023,10,2023-W41,Ambatosoa,-21.0333,47.6333,faible,652462,0,0,0,0,0,0,0,0,0.0,0.0,0.0
2023-10-16,2023,10,2023-W42,Ambatosoa,-21.0333,47.6333,faible,652462,0,0,0,0,0,0,0,0,0.0,0.0,0.0
2023-10-23,2023,10,2023-W43,Ambatosoa,-21.0333,47.6333,faible,652462,0,0,0,0,0,0,0,0,0.0,0.0,0.0
2023-10-30,2023,10,2023-W44,Ambatosoa,-21.0333,47.6333,faible,652462,0,0,0,0,0,0,0,0,0.0,0.0,0.0
2023-11-06,2023,11,2023-W45,Ambatosoa,-21.0333,47.6333,faible,652462,0,0,0,0,0,0,0,0,0.0,0.0,0.0
2023-11-13,2023,11,2023-W46,Ambatosoa,-21.0333,47.6333,faible,652462,0,0,0,0,0,0,0,0,0.0,0.0,0.0
2023-11-20,2023,11,2023-W47,Ambatosoa,-21.0333,47.6333,faible,652462,0,0,0,0,0,0,0,0,0.0,0.0,0.0
2023-11-27,2023,11,2023-W48,Ambatosoa,-21.0333,47.6333,faible,652462,0,0,0,0,0,0,0,0,0.0,0.0,0.0
2023-12-04,2023,12,2023-W49,Ambatosoa,-21.0333,47.6333,faible,652462,0,0,0,0,0,0,0,0,0.0,0.0,0.0
2023-12-11,2023,12,2023-W50,Ambatosoa,-21.0333,47.6333,faible,652462,0,0,0,0,0,0,0,0,0.0,0.0,0.0
2023-12-18,2023,12,2023-W51,Ambatosoa,-21.0333,47.6333,faible,652462,0,0,0,0,0,0,0,0,0.0,0.0,0.0
2023-12-25,2023,12,2023-W52,Ambatosoa,-21.0333,47.6333,faible,652462,0,0,0,0,0,0,0,0,0.0,0.0,0.0
2024-01-01,2024,1,2024-W01,Ambatosoa,-21.0333,47.6333,faible,652462,0,0,0,0,0,0,0,0,0.0,0.0,0.0
2024-01-08,2024,1,2024-W02,Ambatosoa,-21.0333,47.6333,faible,652462,0,0,0,0,0,0,0,0,0.0,0.0,0.0
2024-01-15,2024,1,2024-W03,Ambatosoa,-21.0333,47.6333,faible,652462,0,0,0,0,0,0,0,0,0.0,0.0,0.0
2024-01-22,2024,1,2024-W04,Ambatosoa,-21.0333,47.6333,faible,652462,0,0,0,0,0,0,0,0,0.0,0.0,0.0
2024-01-29,2024,1,2024-W05,Ambatosoa,-21.0333,47.6333,faible,652462,0,0,0,0,0,0,0,0,0.0,0.0,0.0
2024-02-05,2024,2,2024-W06,Ambatosoa,-21.0333,47.6333,faible,652462,0,0,0,0,0,0,0,0,0.0,0.0,0.0
2024-02-12,2024,2,2024-W07,Ambatosoa,-21.0333,47.6333,faible,652462,0,0,0,0,0,0,0,0,0.0,0.0,0.0
2024-02-19,2024,2,2024-W08,Ambatosoa,-21.0333,47.6333,faible,652462,0,0,0,0,0,0,0,0,0.0,0.0,0.0
2024-02-26,2024,2,2024-W09,Ambatosoa,-21.0333,47.6333,faible,652462,0,0,0,0,0,0,0,0,0.0,0.0,0.0
2024-03-04,2024,3,2024-W10,Ambatosoa,-21.0333,47.6333,faible,652462,0,0,0,0,0,0,0,0,0.0,0.0,0.0
2024-03-11,2024,3,2024-W11,Ambatosoa,-21.0333,47.6333,faible,652462,0,0,0,0,0,0,0,0,0.0,0.0,0.0
2024-03-18,2024,3,2024-W12,Ambatosoa,-21.0333,47.6333,faible,652462,0,0,0,0,0,0,0,0,0.0,0.0,0.0
2024-03-25,2024,3,2024-W13,Ambatosoa,-21.0333,47.6333,faible,652462,0,0,0,0,0,0,0,0,0.0,0.0,0.0
2024-04-01,2024,4,2024-W14,Ambatosoa,-21.0333,47.6333,faible,652462,0,0,0,0,0,0,0,0,0.0,0.0,0.0
2024-04-08,2024,4,2024-W15,Ambatosoa,-21.0333,47.6333,faible,652462,0,0,0,0,0,0,0,0,0.0,0.0,0.0
2024-04-15,2024,4,2024-W16,Ambatosoa,-21.0333,47.6333,faible,652462,0,0,0,0,0,0,0,0,0.0,0.0,0.0
2024-04-22,2024,4,2024-W17,Ambatosoa,-21.0333,47.6333,faible,652462,0,0,0,0,0,0,0,0,0.0,0.0,0.0
2024-04-29,2024,4,2024-W18,Ambatosoa,-21.0333,47.6333,faible,652462,0,0,0,0,0,0,0,0,0.0,0.0,0.0
2024-05-06,2024,5,2024-W19,Ambatosoa,-21.0333,47.6333,faible,652462,0,0,0,0,0,0,0,0,0.0,0.0,0.0
2024-05-13,2024,5,2024-W20,Ambatosoa,-21.0333,47.6333,faible,652462,0,0,0,0,0,0,0,0,0.0,0.0,0.0
2024-05-20,2024,5,2024-W21,Ambatosoa,-21.0333,47.6333,faible,652462,0,0,0,0,0,0,0,0,0.0,0.0,0.0
2024-05-27,2024,5,2024-W22,Ambatosoa,-21.0333,47.6333,faible,652462,0,0,0,0,0,0,0,0,0.0,0.0,0.0
2024-06-03,2024,6,2024-W23,Ambatosoa,-21.0333,47.6333,faible,652462,0,0,0,0,0,0,0,0,0.0,0.0,0.0
2024-06-10,2024,6,2024-W24,Ambatosoa,-21.0333,47.6333,faible,652462,0,0,0,0,0,0,0,0,0.0,0.0,0.0
2024-06-17,2024,6,2024-W25,Ambatosoa,-21.0333,47.6333,faible,652462,0,0,0,0,0,0,0,0,0.0,0.0,0.0
2024-06-24,2024,6,2024-W26,Ambatosoa,-21.0333,47.6333,faible,652462,0,0,0,0,0,0,0,0,0.0,0.0,0.0
2024-07-01,2024,7,2024-W27,Ambatosoa,-21.0333,47.6333,faible,652462,0,0,0,0,0,0,0,0,0.0,0.0,0.0
2024-07-08,2024,7,2024-W28,Ambatosoa,-21.0333,47.6333,faible,652462,0,0,0,0,0,0,0,0,0.0,0.0,0.0
2024-07-15,2024,7,2024-W29,Ambatosoa,-21.0333,47.6333,faible,652462,0,0,0,0,0,0,0,0,0.0,0.0,0.0
2024-07-22,2024,7,2024-W30,Ambatosoa,-21.0333,47.6333,faible,652462,0,0,0,0,0,0,0,0,0.0,0.0,0.0
2024-07-29,2024,7,2024-W31,Ambatosoa,-21.0333,47.6333,faible,652462,0,0,0,0,0,0,0,0,0.0,0.0,0.0
2024-08-05,2024,8,2024-W32,Ambatosoa,-21.0333,47.6333,faible,652462,0,0,0,0,0,0,0,0,0.0,0.0,0.0
2024-08-12,2024,8,2024-W33,Ambatosoa,-21.0333,47.6333,faible,652462,0,0,0,0,0,0,0,0,0.0,0.0,0.0
2024-08-19,2024,8,2024-W34,Ambatosoa,-21.0333,47.6333,faible,652462,0,0,0,0,0,0,0,0,0.0,0.0,0.0
2024-08-26,2024,8,2024-W35,Ambatosoa,-21.0333,47.6333,faible,652462,0,0,0,0,0,0,0,0,0.0,0.0,0.0
2024-09-02,2024,9,2024-W36,Ambatosoa,-21.0333,47.6333,faible,652462,0,0,0,0,0,0,0,0,0.0,0.0,0.0
2024-09-09,2024,9,2024-W37,Ambatosoa,-21.0333,47.6333,faible,652462,0,0,0,0,0,0,0,0,0.0,0.0,0.0
2024-09-16,2024,9,2024-W38,Ambatosoa,-21.0333,47.6333,faible,652462,0,0,0,0,0,0,0,0,0.0,0.0,0.0
2024-09-23,2024,9,2024-W39,Ambatosoa,-21.0333,47.6333,faible,652462,0,0,0,0,0,0,0,0,0.0,0.0,0.0
2024-09-30,2024,9,2024-W40,Ambatosoa,-21.0333,47.6333,faible,652462,0,0,0,0,0,0,0,0,0.0,0.0,0.0
2024-10-07,2024,10,2024-W41,Ambatosoa,-21.0333,47.6333,faible,652462,0,0,0,0,0,0,0,0,0.0,0.0,0.0
2024-10-14,2024,10,2024-W42,Ambatosoa,-21.0333,47.6333,faible,652462,0,0,0,0,0,0,0,0,0.0,0.0,0.0
2024-10-21,2024,10,2024-W43,Ambatosoa,-21.0333,47.6333,faible,652462,0,0,0,0,0,0,0,0,0.0,0.0,0.0
2024-10-28,2024,10,2024-W44,Ambatosoa,-21.0333,47.6333,faible,652462,0,0,0,0,0,0,0,0,0.0,0.0,0.0
2024-11-04,2024,11,2024-W45,Ambatosoa,-21.0333,47.6333,faible,652462,0,0,0,0,0,0,0,0,0.0,0.0,0.0
2024-11-11,2024,11,2024-W46,Ambatosoa,-21.0333,47.6333,faible,652462,0,0,0,0,0,0,0,0,0.0,0.0,0.0
2024-11-18,2024,11,2024-W47,Ambatosoa,-21.0333,47.6333,faible,652462,0,0,0,0,0,0,0,0,0.0,0.0,0.0
2024-11-25,2024,11,2024-W48,Ambatosoa,-21.0333,47.6333,faible,652462,0,0,0,0,0,0,0,0,0.0,0.0,0.0
2024-12-02,2024,12,2024-W49,Ambatosoa,-21.0333,47.6333,faible,652462,0,0,0,0,0,0,0,0,0.0,0.0,0.0
2024-12-09,2024,12,2024-W50,Ambatosoa,-21.0333,47.6333,faible,652462,0,0,0,0,0,0,0,0,0.0,0.0,0.0
2024-12-16,2024,12,2024-W51,Ambatosoa,-21.0333,47.6333,faible,652462,0,0,0,0,0,0,0,0,0.0,0.0,0.0
2024-12-23,2024,12,2024-W52,Ambatosoa,-21.0333,47.6333,faible,652462,0,0,0,0,0,0,0,0,0.0,0.0,0.0
2024-12-30,2024,12,2025-W01,Ambatosoa,-21.0333,47.6333,faible,652462,0,0,0,0,0,0,0,0,0.0,0.0,0.0
2025-01-06,2025,1,2025-W02,Ambatosoa,-21.0333,47.6333,faible,652462,0,0,0,0,0,0,0,0,0.0,0.0,0.0
2025-01-13,2025,1,2025-W03,Ambatosoa,-21.0333,47.6333,faible,652462,0,0,0,0,0,0,0,0,0.0,0.0,0.0
2025-01-20,2025,1,2025-W04,Ambatosoa,-21.0333,47.6333,faible,652462,0,0,0,0,0,0,0,0,0.0,0.0,0.0
2025-01-27,2025,1,2025-W05,Ambatosoa,-21.0333,47.6333,faible,652462,0,0,0,0,0,0,0,0,0.0,0.0,0.0
2025-02-03,2025,2,2025-W06,Ambatosoa,-21.0333,47.6333,faible,652462,0,0,0,0,0,0,0,0,0.0,0.0,0.0
2025-02-10,2025,2,2025-W07,Ambatosoa,-21.0333,47.6333,faible,652462,0,0,0,0,0,0,0,0,0.0,0.0,0.0
2025-02-17,2025,2,2025-W08,Ambatosoa,-21.0333,47.6333,faible,652462,0,0,0,0,0,0,0,0,0.0,0.0,0.0
2025-02-24,2025,2,2025-W09,Ambatosoa,-21.0333,47.6333,faible,652462,0,0,0,0,0,0,0,0,0.0,0.0,0.0
2025-03-03,2025,3,2025-W10,Ambatosoa,-21.0333,47.6333,faible,652462,0,0,0,0,0,0,0,0,0.0,0.0,0.0
2025-03-10,2025,3,2025-W11,Ambatosoa,-21.0333,47.6333,faible,652462,0,0,0,0,0,0,0,0,0.0,0.0,0.0
2025-03-17,2025,3,2025-W12,Ambatosoa,-21.0333,47.6333,faible,652462,0,0,0,0,0,0,0,0,0.0,0.0,0.0
2025-03-24,2025,3,2025-W13,Ambatosoa,-21.0333,47.6333,faible,652462,0,0,0,0,0,0,0,0,0.0,0.0,0.0
2025-03-31,2025,3,2025-W14,Ambatosoa,-21.0333,47.6333,faible,652462,0,0,0,0,0,0,0,0,0.0,0.0,0.0
2025-04-07,2025,4,2025-W15,Ambatosoa,-21.0333,47.6333,faible,652462,0,0,0,0,0,0,0,0,0.0,0.0,0.0
2025-04-14,2025,4,2025-W16,Ambatosoa,-21.0333,47.6333,faible,652462,0,0,0,0,0,0,0,0,0.0,0.0,0.0
2025-04-21,2025,4,2025-W17,Ambatosoa,-21.0333,47.6333,faible,652462,0,0,0,0,0,0,0,0,0.0,0.0,0.0
2025-04-28,2025,4,2025-W18,Ambatosoa,-21.0333,47.6333,faible,652462,0,0,0,0,0,0,0,0,0.0,0.0,0.0
2025-05-05,2025,5,2025-W19,Ambatosoa,-21.0333,47.6333,faible,652462,0,0,0,0,0,0,0,0,0.0,0.0,0.0
2025-05-12,2025,5,2025-W20,Ambatosoa,-21.0333,47.6333,faible,652462,0,0,0,0,0,0,0,0,0.0,0.0,0.0
2025-05-19,2025,5,2025-W21,Ambatosoa,-21.0333,47.6333,faible,652462,0,0,0,0,0,0,0,0,0.0,0.0,0.0
2025-05-26,2025,5,2025-W22,Ambatosoa,-21.0333,47.6333,faible,652462,0,0,0,0,0,0,0,0,0.0,0.0,0.0
2025-06-02,2025,6,2025-W23,Ambatosoa,-21.0333,47.6333,faible,652462,0,0,0,0,0,0,0,0,0.0,0.0,0.0
2025-06-09,2025,6,2025-W24,Ambatosoa,-21.0333,47.6333,faible,652462,0,0,0,0,0,0,0,0,0.0,0.0,0.0
2025-06-16,2025,6,2025-W25,Ambatosoa,-21.0333,47.6333,faible,652462,0,0,0,0,0,0,0,0,0.0,0.0,0.0
2025-06-23,2025,6,2025-W26,Ambatosoa,-21.0333,47.6333,faible,652462,0,0,0,0,0,0,0,0,0.0,0.0,0.0
2025-06-30,2025,6,2025-W27,Ambatosoa,-21.0333,47.6333,faible,652462,0,0,0,0,0,0,0,0,0.0,0.0,0.0
2025-07-07,2025,7,2025-W28,Ambatosoa,-21.0333,47.6333,faible,652462,0,0,0,0,0,0,0,0,0.0,0.0,0.0
2025-07-14,2025,7,2025-W29,Ambatosoa,-21.0333,47.6333,faible,652462,0,0,0,0,0,0,0,0,0.0,0.0,0.0
2025-07-21,2025,7,2025-W30,Ambatosoa,-21.0333,47.6333,faible,652462,0,0,0,0,0,0,0,0,0.0,0.0,0.0
2025-07-28,2025,7,2025-W31,Ambatosoa,-21.0333,47.6333,faible,652462,0,0,0,0,0,0,0,0,0.0,0.0,0.0
2025-08-04,2025,8,2025-W32,Ambatosoa,-21.0333,47.6333,faible,652462,0,0,0,0,0,0,0,0,0.0,0.0,0.0
2025-08-11,2025,8,2025-W33,Ambatosoa,-21.0333,47.6333,faible,652462,0,0,0,0,0,0,0,0,0.0,0.0,0.0
2025-08-18,2025,8,2025-W34,Ambatosoa,-21.0333,47.6333,faible,652462,0,0,0,0,0,0,0,0,0.0,0.0,0.0
2025-08-25,2025,8,2025-W35,Ambatosoa,-21.0333,47.6333,faible,652462,0,0,0,0,0,0,0,0,0.0,0.0,0.0
2025-09-01,2025,9,2025-W36,Ambatosoa,-21.0333,47.6333,faible,652462,0,0,0,0,0,0,0,0,0.0,0.0,0.0
2025-09-08,2025,9,2025-W37,Ambatosoa,-21.0333,47.6333,faible,652462,0,0,0,0,0,0,0,0,0.0,0.0,0.0
2025-09-15,2025,9,2025-W38,Ambatosoa,-21.0333,47.6333,faible,652462,0,0,0,0,0,0,0,0,0.0,0.0,0.0
2025-09-22,2025,9,2025-W39,Ambatosoa,-21.0333,47.6333,faible,652462,0,0,0,0,0,0,0,0,0.0,0.0,0.0
2025-09-29,2025,9,2025-W40,Ambatosoa,-21.0333,47.6333,faible,652462,0,0,0,0,0,0,0,0,0.0,0.0,0.0
2025-10-06,2025,10,2025-W41,Ambatosoa,-21.0333,47.6333,faible,652462,0,0,0,0,0,0,0,0,0.0,0.0,0.0
2025-10-13,2025,10,2025-W42,Ambatosoa,-21.0333,47.6333,faible,652462,0,0,0,0,0,0,0,0,0.0,0.0,0.0
2025-10-20,2025,10,2025-W43,Ambatosoa,-21.0333,47.6333,faible,652462,0,0,0,0,0,0,0,0,0.0,0.0,0.0
2025-10-27,2025,10,2025-W44,Ambatosoa,-21.0333,47.6333,faible,652462,0,0,0,0,0,0,0,0,0.0,0.0,0.0
2025-11-03,2025,11,2025-W45,Ambatosoa,-21.0333,47.6333,faible,652462,0,0,0,0,0,0,0,0,0.0,0.0,0.0
2025-11-10,2025,11,2025-W46,Ambatosoa,-21.0333,47.6333,faible,652462,0,0,0,0,0,0,0,0,0.0,0.0,0.0
2025-11-17,2025,11,2025-W47,Ambatosoa,-21.0333,47.6333,faible,652462,0,0,0,0,0,0,0,0,0.0,0.0,0.0
2025-11-24,2025,11,2025-W48,Ambatosoa,-21.0333,47.6333,faible,652462,0,0,0,0,0,0,0,0,0.0,0.0,0.0
2025-12-01,2025,12,2025-W49,Ambatosoa,-21.0333,47.6333,faible,652462,0,0,0,0,0,0,0,0,0.0,0.0,0.0
2025-12-08,2025,12,2025-W50,Ambatosoa,-21.0333,47.6333,faible,652462,0,0,0,0,0,0,0,0,0.0,0.0,0.0
2025-12-15,2025,12,2025-W51,Ambatosoa,-21.0333,47.6333,faible,652462,0,0,0,0,0,0,0,0,0.0,0.0,0.0
2025-12-22,2025,12,2025-W52,Ambatosoa,-21.0333,47.6333,faible,652462,0,0,0,0,0,0,0,0,0.0,0.0,0.0
2025-12-29,2025,12,2026-W01,Ambatosoa,-21.0333,47.6333,faible,652462,0,0,0,0,0,0,0,0,0.0,0.0,0.0
2026-01-05,2026,1,2026-W02,Ambatosoa,-21.0333,47.6333,faible,652462,0,0,0,0,0,0,0,0,0.0,0.0,0.0
2026-01-12,2026,1,2026-W03,Ambatosoa,-21.0333,47.6333,faible,652462,0,0,0,0,0,0,0,0,0.0,0.0,0.0
2026-01-19,2026,1,2026-W04,Ambatosoa,-21.0333,47.6333,faible,652462,0,0,0,0,0,0,0,0,0.0,0.0,0.0
2026-01-26,2026,1,2026-W05,Ambatosoa,-21.0333,47.6333,faible,652462,0,0,0,0,0,0,0,0,0.0,0.0,0.0
2026-02-02,2026,2,2026-W06,Ambatosoa,-21.0333,47.6333,faible,652462,0,0,0,0,0,0,0,0,0.0,0.0,0.0
2026-02-09,2026,2,2026-W07,Ambatosoa,-21.0333,47.6333,faible,652462,0,0,0,0,0,0,0,0,0.0,0.0,0.0
2026-02-16,2026,2,2026-W08,Ambatosoa,-21.0333,47.6333,faible,652462,0,0,0,0,0,0,0,0,0.0,0.0,0.0
2026-02-23,2026,2,2026-W09,Ambatosoa,-21.0333,47.6333,faible,652462,0,0,0,0,0,0,0,0,0.0,0.0,0.0
2026-03-02,2026,3,2026-W10,Ambatosoa,-21.0333,47.6333,faible,652462,0,0,0,0,0,0,0,0,0.0,0.0,0.0
2026-03-09,2026,3,2026-W11,Ambatosoa,-21.0333,47.6333,faible,652462,0,0,0,0,0,0,0,0,0.0,0.0,0.0
2026-03-16,2026,3,2026-W12,Ambatosoa,-21.0333,47.6333,faible,652462,0,0,0,0,0,0,0,0,0.0,0.0,0.0
2026-03-23,2026,3,2026-W13,Ambatosoa,-21.0333,47.6333,faible,652462,0,0,0,0,0,0,0,0,0.0,0.0,0.0
2026-03-30,2026,3,2026-W14,Ambatosoa,-21.0333,47.6333,faible,652462,0,0,0,0,0,0,0,0,0.0,0.0,0.0
2026-04-06,2026,4,2026-W15,Ambatosoa,-21.0333,47.6333,faible,652462,0,0,0,0,0,0,0,0,0.0,0.0,0.0
2026-04-13,2026,4,2026-W16,Ambatosoa,-21.0333,47.6333,faible,652462,0,0,0,0,0,0,0,0,0.0,0.0,0.0
2026-04-20,2026,4,2026-W17,Ambatosoa,-21.0333,47.6333,faible,652462,0,0,0,0,0,0,0,0,0.0,0.0,0.0
2026-04-27,2026,4,2026-W18,Ambatosoa,-21.0333,47.6333,faible,652462,0,0,0,0,0,0,0,0,0.0,0.0,0.0
2026-05-04,2026,5,2026-W19,Ambatosoa,-21.0333,47.6333,faible,652462,0,0,0,0,0,0,0,0,0.0,0.0,0.0
2026-05-11,2026,5,2026-W20,Ambatosoa,-21.0333,47.6333,faible,652462,0,0,0,0,0,0,0,0,0.0,0.0,0.0
2026-05-18,2026,5,2026-W21,Ambatosoa,-21.0333,47.6333,faible,652462,0,0,0,0,0,0,0,0,0.0,0.0,0.0
2026-05-25,2026,5,2026-W22,Ambatosoa,-21.0333,47.6333,faible,652462,0,0,0,0,0,0,0,0,0.0,0.0,0.0
2026-06-01,2026,6,2026-W23,Ambatosoa,-21.0333,47.6333,faible,652462,0,0,0,0,0,0,0,0,0.0,0.0,0.0
2026-06-08,2026,6,2026-W24,Ambatosoa,-21.0333,47.6333,faible,652462,0,0,0,0,0,0,0,0,0.0,0.0,0.0
2026-06-15,2026,6,2026-W25,Ambatosoa,-21.0333,47.6333,faible,652462,0,0,0,0,0,0,0,0,0.0,0.0,0.0
2026-06-22,2026,6,2026-W26,Ambatosoa,-21.0333,47.6333,faible,652462,0,0,0,0,0,0,0,0,0.0,0.0,0.0
2026-06-29,2026,6,2026-W27,Ambatosoa,-21.0333,47.6333,faible,652462,0,0,0,0,0,0,0,0,0.0,0.0,0.0
2026-07-06,2026,7,2026-W28,Ambatosoa,-21.0333,47.6333,faible,652462,0,0,0,0,0,0,0,0,0.0,0.0,0.0
2026-07-13,2026,7,2026-W29,Ambatosoa,-21.0333,47.6333,faible,652462,0,0,0,0,0,0,0,0,0.0,0.0,0.0
2026-07-20,2026,7,2026-W30,Ambatosoa,-21.0333,47.6333,faible,652462,0,0,0,0,0,0,0,0,0.0,0.0,0.0
2026-07-27,2026,7,2026-W31,Ambatosoa,-21.0333,47.6333,faible,652462,0,0,0,0,0,0,0,0,0.0,0.0,0.0
2020-01-06,2020,1,2020-W02,Analanjirofo,-17.3333,49.4,faible,864183,0,0,0,0,0,0,0,0,0.0,0.0,0.0
2020-01-13,2020,1,2020-W03,Analanjirofo,-17.3333,49.4,faible,864183,0,0,0,0,0,0,0,0,0.0,0.0,0.0
2020-01-20,2020,1,2020-W04,Analanjirofo,-17.3333,49.4,faible,864183,0,0,0,0,0,0,0,0,0.0,0.0,0.0
2020-01-27,2020,1,2020-W05,Analanjirofo,-17.3333,49.4,faible,864183,0,0,0,0,0,0,0,0,0.0,0.0,0.0
2020-02-03,2020,2,2020-W06,Analanjirofo,-17.3333,49.4,faible,864183,0,0,0,0,0,0,0,0,0.0,0.0,0.0
2020-02-10,2020,2,2020-W07,Analanjirofo,-17.3333,49.4,faible,864183,0,0,0,0,0,0,0,0,0.0,0.0,0.0
2020-02-17,2020,2,2020-W08,Analanjirofo,-17.3333,49.4,faible,864183,0,0,0,0,0,0,0,0,0.0,0.0,0.0
2020-02-24,2020,2,2020-W09,Analanjirofo,-17.3333,49.4,faible,864183,0,0,0,0,0,0,0,0,0.0,0.0,0.0
2020-03-02,2020,3,2020-W10,Analanjirofo,-17.3333,49.4,faible,864183,0,0,0,0,0,0,0,0,0.0,0.0,0.0
2020-03-09,2020,3,2020-W11,Analanjirofo,-17.3333,49.4,faible,864183,0,0,0,0,0,0,0,0,0.0,0.0,0.0
2020-03-16,2020,3,2020-W12,Analanjirofo,-17.3333,49.4,faible,864183,0,0,0,0,0,0,0,0,0.0,0.0,0.0
2020-03-23,2020,3,2020-W13,Analanjirofo,-17.3333,49.4,faible,864183,0,0,0,0,0,0,0,0,0.0,0.0,0.0
2020-03-30,2020,3,2020-W14,Analanjirofo,-17.3333,49.4,faible,864183,0,0,0,0,0,0,0,0,0.0,0.0,0.0
2020-04-06,2020,4,2020-W15,Analanjirofo,-17.3333,49.4,faible,864183,0,0,0,0,0,0,0,0,0.0,0.0,0.0
2020-04-13,2020,4,2020-W16,Analanjirofo,-17.3333,49.4,faible,864183,0,0,0,0,0,0,0,0,0.0,0.0,0.0
2020-04-20,2020,4,2020-W17,Analanjirofo,-17.3333,49.4,faible,864183,0,0,0,0,0,0,0,0,0.0,0.0,0.0
2020-04-27,2020,4,2020-W18,Analanjirofo,-17.3333,49.4,faible,864183,0,0,0,0,0,0,0,0,0.0,0.0,0.0
2020-05-04,2020,5,2020-W19,Analanjirofo,-17.3333,49.4,faible,864183,0,0,0,0,0,0,0,0,0.0,0.0,0.0
2020-05-11,2020,5,2020-W20,Analanjirofo,-17.3333,49.4,faible,864183,0,0,0,0,0,0,0,0,0.0,0.0,0.0
2020-05-18,2020,5,2020-W21,Analanjirofo,-17.3333,49.4,faible,864183,0,0,0,0,0,0,0,0,0.0,0.0,0.0
2020-05-25,2020,5,2020-W22,Analanjirofo,-17.3333,49.4,faible,864183,0,0,0,0,0,0,0,0,0.0,0.0,0.0
2020-06-01,2020,6,2020-W23,Analanjirofo,-17.3333,49.4,faible,864183,0,0,0,0,0,0,0,0,0.0,0.0,0.0
2020-06-08,2020,6,2020-W24,Analanjirofo,-17.3333,49.4,faible,864183,0,0,0,0,0,0,0,0,0.0,0.0,0.0
2020-06-15,2020,6,2020-W25,Analanjirofo,-17.3333,49.4,faible,864183,0,0,0,0,0,0,0,0,0.0,0.0,0.0
2020-06-22,2020,6,2020-W26,Analanjirofo,-17.3333,49.4,faible,864183,0,0,0,0,0,0,0,0,0.0,0.0,0.0
2020-06-29,2020,6,2020-W27,Analanjirofo,-17.3333,49.4,faible,864183,0,0,0,0,0,0,0,0,0.0,0.0,0.0
2020-07-06,2020,7,2020-W28,Analanjirofo,-17.3333,49.4,faible,864183,0,0,0,0,0,0,0,0,0.0,0.0,0.0
2020-07-13,2020,7,2020-W29,Analanjirofo,-17.3333,49.4,faible,864183,0,0,0,0,0,0,0,0,0.0,0.0,0.0
2020-07-20,2020,7,2020-W30,Analanjirofo,-17.3333,49.4,faible,864183,0,0,0,0,0,0,0,0,0.0,0.0,0.0
2020-07-27,2020,7,2020-W31,Analanjirofo,-17.3333,49.4,faible,864183,0,0,0,0,0,0,0,0,0.0,0.0,0.0
2020-08-03,2020,8,2020-W32,Analanjirofo,-17.3333,49.4,faible,864183,0,0,0,0,0,0,0,0,0.0,0.0,0.0
2020-08-10,2020,8,2020-W33,Analanjirofo,-17.3333,49.4,faible,864183,0,0,0,0,0,0,0,0,0.0,0.0,0.0
2020-08-17,2020,8,2020-W34,Analanjirofo,-17.3333,49.4,faible,864183,0,0,0,0,0,0,0,0,0.0,0.0,0.0
2020-08-24,2020,8,2020-W35,Analanjirofo,-17.3333,49.4,faible,864183,0,0,0,0,0,0,0,0,0.0,0.0,0.0
2020-08-31,2020,8,2020-W36,Analanjirofo,-17.3333,49.4,faible,864183,0,0,0,0,0,0,0,0,0.0,0.0,0.0
2020-09-07,2020,9,2020-W37,Analanjirofo,-17.3333,49.4,faible,864183,0,0,0,0,0,0,0,0,0.0,0.0,0.0
2020-09-14,2020,9,2020-W38,Analanjirofo,-17.3333,49.4,faible,864183,0,0,0,0,0,0,0,0,0.0,0.0,0.0
2020-09-21,2020,9,2020-W39,Analanjirofo,-17.3333,49.4,faible,864183,0,0,0,0,0,0,0,0,0.0,0.0,0.0
2020-09-28,2020,9,2020-W40,Analanjirofo,-17.3333,49.4,faible,864183,0,0,0,0,0,0,0,0,0.0,0.0,0.0
2020-10-05,2020,10,2020-W41,Analanjirofo,-17.3333,49.4,faible,864183,0,0,0,0,0,0,0,0,0.0,0.0,0.0
2020-10-12,2020,10,2020-W42,Analanjirofo,-17.3333,49.4,faible,864183,0,0,0,0,0,0,0,0,0.0,0.0,0.0
2020-10-19,2020,10,2020-W43,Analanjirofo,-17.3333,49.4,faible,864183,0,0,0,0,0,0,0,0,0.0,0.0,0.0
2020-10-26,2020,10,2020-W44,Analanjirofo,-17.3333,49.4,faible,864183,0,0,0,0,0,0,0,0,0.0,0.0,0.0
2020-11-02,2020,11,2020-W45,Analanjirofo,-17.3333,49.4,faible,864183,0,0,0,0,0,0,0,0,0.0,0.0,0.0
2020-11-09,2020,11,2020-W46,Analanjirofo,-17.3333,49.4,faible,864183,0,0,0,0,0,0,0,0,0.0,0.0,0.0
2020-11-16,2020,11,2020-W47,Analanjirofo,-17.3333,49.4,faible,864183,0,0,0,0,0,0,0,0,0.0,0.0,0.0
2020-11-23,2020,11,2020-W48,Analanjirofo,-17.3333,49.4,faible,864183,0,0,0,0,0,0,0,0,0.0,0.0,0.0
2020-11-30,2020,11,2020-W49,Analanjirofo,-17.3333,49.4,faible,864183,0,0,0,0,0,0,0,0,0.0,0.0,0.0
2020-12-07,2020,12,2020-W50,Analanjirofo,-17.3333,49.4,faible,864183,0,0,0,0,0,0,0,0,0.0,0.0,0.0
2020-12-14,2020,12,2020-W51,Analanjirofo,-17.3333,49.4,faible,864183,0,0,0,0,0,0,0,0,0.0,0.0,0.0
2020-12-21,2020,12,2020-W52,Analanjirofo,-17.3333,49.4,faible,864183,0,0,0,0,0,0,0,0,0.0,0.0,0.0
2020-12-28,2020,12,2020-W53,Analanjirofo,-17.3333,49.4,faible,864183,0,0,0,0,0,0,0,0,0.0,0.0,0.0
2021-01-04,2021,1,2021-W01,Analanjirofo,-17.3333,49.4,faible,864183,0,0,0,0,0,0,0,0,0.0,0.0,0.0
2021-01-11,2021,1,2021-W02,Analanjirofo,-17.3333,49.4,faible,864183,0,0,0,0,0,0,0,0,0.0,0.0,0.0
2021-01-18,2021,1,2021-W03,Analanjirofo,-17.3333,49.4,faible,864183,0,0,0,0,0,0,0,0,0.0,0.0,0.0
2021-01-25,2021,1,2021-W04,Analanjirofo,-17.3333,49.4,faible,864183,0,0,0,0,0,0,0,0,0.0,0.0,0.0
2021-02-01,2021,2,2021-W05,Analanjirofo,-17.3333,49.4,faible,864183,0,0,0,0,0,0,0,0,0.0,0.0,0.0
2021-02-08,2021,2,2021-W06,Analanjirofo,-17.3333,49.4,faible,864183,0,0,0,0,0,0,0,0,0.0,0.0,0.0
2021-02-15,2021,2,2021-W07,Analanjirofo,-17.3333,49.4,faible,864183,0,0,0,0,0,0,0,0,0.0,0.0,0.0
2021-02-22,2021,2,2021-W08,Analanjirofo,-17.3333,49.4,faible,864183,0,0,0,0,0,0,0,0,0.0,0.0,0.0
2021-03-01,2021,3,2021-W09,Analanjirofo,-17.3333,49.4,faible,864183,0,0,0,0,0,0,0,0,0.0,0.0,0.0
2021-03-08,2021,3,2021-W10,Analanjirofo,-17.3333,49.4,faible,864183,0,0,0,0,0,0,0,0,0.0,0.0,0.0
2021-03-15,2021,3,2021-W11,Analanjirofo,-17.3333,49.4,faible,864183,0,0,0,0,0,0,0,0,0.0,0.0,0.0
2021-03-22,2021,3,2021-W12,Analanjirofo,-17.3333,49.4,faible,864183,0,0,0,0,0,0,0,0,0.0,0.0,0.0
2021-03-29,2021,3,2021-W13,Analanjirofo,-17.3333,49.4,faible,864183,0,0,0,0,0,0,0,0,0.0,0.0,0.0
2021-04-05,2021,4,2021-W14,Analanjirofo,-17.3333,49.4,faible,864183,0,0,0,0,0,0,0,0,0.0,0.0,0.0
2021-04-12,2021,4,2021-W15,Analanjirofo,-17.3333,49.4,faible,864183,0,0,0,0,0,0,0,0,0.0,0.0,0.0
2021-04-19,2021,4,2021-W16,Analanjirofo,-17.3333,49.4,faible,864183,0,0,0,0,0,0,0,0,0.0,0.0,0.0
2021-04-26,2021,4,2021-W17,Analanjirofo,-17.3333,49.4,faible,864183,0,0,0,0,0,0,0,0,0.0,0.0,0.0
2021-05-03,2021,5,2021-W18,Analanjirofo,-17.3333,49.4,faible,864183,0,0,0,0,0,0,0,0,0.0,0.0,0.0
2021-05-10,2021,5,2021-W19,Analanjirofo,-17.3333,49.4,faible,864183,0,0,0,0,0,0,0,0,0.0,0.0,0.0
2021-05-17,2021,5,2021-W20,Analanjirofo,-17.3333,49.4,faible,864183,0,0,0,0,0,0,0,0,0.0,0.0,0.0
2021-05-24,2021,5,2021-W21,Analanjirofo,-17.3333,49.4,faible,864183,0,0,0,0,0,0,0,0,0.0,0.0,0.0
2021-05-31,2021,5,2021-W22,Analanjirofo,-17.3333,49.4,faible,864183,0,0,0,0,0,0,0,0,0.0,0.0,0.0
2021-06-07,2021,6,2021-W23,Analanjirofo,-17.3333,49.4,faible,864183,0,0,0,0,0,0,0,0,0.0,0.0,0.0
2021-06-14,2021,6,2021-W24,Analanjirofo,-17.3333,49.4,faible,864183,0,0,0,0,0,0,0,0,0.0,0.0,0.0
2021-06-21,2021,6,2021-W25,Analanjirofo,-17.3333,49.4,faible,864183,0,0,0,0,0,0,0,0,0.0,0.0,0.0
2021-06-28,2021,6,2021-W26,Analanjirofo,-17.3333,49.4,faible,864183,0,0,0,0,0,0,0,0,0.0,0.0,0.0
2021-07-05,2021,7,2021-W27,Analanjirofo,-17.3333,49.4,faible,864183,0,0,0,0,0,0,0,0,0.0,0.0,0.0
2021-07-12,2021,7,2021-W28,Analanjirofo,-17.3333,49.4,faible,864183,0,0,0,0,0,0,0,0,0.0,0.0,0.0
2021-07-19,2021,7,2021-W29,Analanjirofo,-17.3333,49.4,faible,864183,0,0,0,0,0,0,0,0,0.0,0.0,0.0
2021-07-26,2021,7,2021-W30,Analanjirofo,-17.3333,49.4,faible,864183,0,0,0,0,0,0,0,0,0.0,0.0,0.0
2021-08-02,2021,8,2021-W31,Analanjirofo,-17.3333,49.4,faible,864183,0,0,0,0,0,0,0,0,0.0,0.0,0.0
2021-08-09,2021,8,2021-W32,Analanjirofo,-17.3333,49.4,faible,864183,0,0,0,0,0,0,0,0,0.0,0.0,0.0
2021-08-16,2021,8,2021-W33,Analanjirofo,-17.3333,49.4,faible,864183,0,0,0,0,0,0,0,0,0.0,0.0,0.0
2021-08-23,2021,8,2021-W34,Analanjirofo,-17.3333,49.4,faible,864183,0,0,0,0,0,0,0,0,0.0,0.0,0.0
2021-08-30,2021,8,2021-W35,Analanjirofo,-17.3333,49.4,faible,864183,0,0,0,0,0,0,0,0,0.0,0.0,0.0
2021-09-06,2021,9,2021-W36,Analanjirofo,-17.3333,49.4,faible,864183,0,0,0,0,0,0,0,0,0.0,0.0,0.0
2021-09-13,2021,9,2021-W37,Analanjirofo,-17.3333,49.4,faible,864183,0,0,0,0,0,0,0,0,0.0,0.0,0.0
2021-09-20,2021,9,2021-W38,Analanjirofo,-17.3333,49.4,faible,864183,0,0,0,0,0,0,0,0,0.0,0.0,0.0
2021-09-27,2021,9,2021-W39,Analanjirofo,-17.3333,49.4,faible,864183,0,0,0,0,0,0,0,0,0.0,0.0,0.0
2021-10-04,2021,10,2021-W40,Analanjirofo,-17.3333,49.4,faible,864183,0,0,0,0,0,0,0,0,0.0,0.0,0.0
2021-10-11,2021,10,2021-W41,Analanjirofo,-17.3333,49.4,faible,864183,0,0,0,0,0,0,0,0,0.0,0.0,0.0
2021-10-18,2021,10,2021-W42,Analanjirofo,-17.3333,49.4,faible,864183,0,0,0,0,0,0,0,0,0.0,0.0,0.0
2021-10-25,2021,10,2021-W43,Analanjirofo,-17.3333,49.4,faible,864183,0,0,0,0,0,0,0,0,0.0,0.0,0.0
2021-11-01,2021,11,2021-W44,Analanjirofo,-17.3333,49.4,faible,864183,0,0,0,0,0,0,0,0,0.0,0.0,0.0
2021-11-08,2021,11,2021-W45,Analanjirofo,-17.3333,49.4,faible,864183,0,0,0,0,0,0,0,0,0.0,0.0,0.0
2021-11-15,2021,11,2021-W46,Analanjirofo,-17.3333,49.4,faible,864183,0,0,0,0,0,0,0,0,0.0,0.0,0.0
2021-11-22,2021,11,2021-W47,Analanjirofo,-17.3333,49.4,faible,864183,0,0,0,0,0,0,0,0,0.0,0.0,0.0
2021-11-29,2021,11,2021-W48,Analanjirofo,-17.3333,49.4,faible,864183,0,0,0,0,0,0,0,0,0.0,0.0,0.0
2021-12-06,2021,12,2021-W49,Analanjirofo,-17.3333,49.4,faible,864183,0,0,0,0,0,0,0,0,0.0,0.0,0.0
2021-12-13,2021,12,2021-W50,Analanjirofo,-17.3333,49.4,faible,864183,0,0,0,0,0,0,0,0,0.0,0.0,0.0
2021-12-20,2021,12,2021-W51,Analanjirofo,-17.3333,49.4,faible,864183,0,0,0,0,0,0,0,0,0.0,0.0,0.0
2021-12-27,2021,12,2021-W52,Analanjirofo,-17.3333,49.4,faible,864183,0,0,0,0,0,0,0,0,0.0,0.0,0.0
2022-01-03,2022,1,2022-W01,Analanjirofo,-17.3333,49.4,faible,864183,0,0,0,0,0,0,0,0,0.0,0.0,0.0
2022-01-10,2022,1,2022-W02,Analanjirofo,-17.3333,49.4,faible,864183,0,0,0,0,0,0,0,0,0.0,0.0,0.0
2022-01-17,2022,1,2022-W03,Analanjirofo,-17.3333,49.4,faible,864183,0,0,0,0,0,0,0,0,0.0,0.0,0.0
2022-01-24,2022,1,2022-W04,Analanjirofo,-17.3333,49.4,faible,864183,0,0,0,0,0,0,0,0,0.0,0.0,0.0
2022-01-31,2022,1,2022-W05,Analanjirofo,-17.3333,49.4,faible,864183,0,0,0,0,0,0,0,0,0.0,0.0,0.0
2022-02-07,2022,2,2022-W06,Analanjirofo,-17.3333,49.4,faible,864183,0,0,0,0,0,0,0,0,0.0,0.0,0.0
2022-02-14,2022,2,2022-W07,Analanjirofo,-17.3333,49.4,faible,864183,0,0,0,0,0,0,0,0,0.0,0.0,0.0
2022-02-21,2022,2,2022-W08,Analanjirofo,-17.3333,49.4,faible,864183,0,0,0,0,0,0,0,0,0.0,0.0,0.0
2022-02-28,2022,2,2022-W09,Analanjirofo,-17.3333,49.4,faible,864183,0,0,0,0,0,0,0,0,0.0,0.0,0.0
2022-03-07,2022,3,2022-W10,Analanjirofo,-17.3333,49.4,faible,864183,0,0,0,0,0,0,0,0,0.0,0.0,0.0
2022-03-14,2022,3,2022-W11,Analanjirofo,-17.3333,49.4,faible,864183,0,0,0,0,0,0,0,0,0.0,0.0,0.0
2022-03-21,2022,3,2022-W12,Analanjirofo,-17.3333,49.4,faible,864183,0,0,0,0,0,0,0,0,0.0,0.0,0.0
2022-03-28,2022,3,2022-W13,Analanjirofo,-17.3333,49.4,faible,864183,0,0,0,0,0,0,0,0,0.0,0.0,0.0
2022-04-04,2022,4,2022-W14,Analanjirofo,-17.3333,49.4,faible,864183,0,0,0,0,0,0,0,0,0.0,0.0,0.0
2022-04-11,2022,4,2022-W15,Analanjirofo,-17.3333,49.4,faible,864183,0,0,0,0,0,0,0,0,0.0,0.0,0.0
2022-04-18,2022,4,2022-W16,Analanjirofo,-17.3333,49.4,faible,864183,0,0,0,0,0,0,0,0,0.0,0.0,0.0
2022-04-25,2022,4,2022-W17,Analanjirofo,-17.3333,49.4,faible,864183,0,0,0,0,0,0,0,0,0.0,0.0,0.0
2022-05-02,2022,5,2022-W18,Analanjirofo,-17.3333,49.4,faible,864183,0,0,0,0,0,0,0,0,0.0,0.0,0.0
2022-05-09,2022,5,2022-W19,Analanjirofo,-17.3333,49.4,faible,864183,0,0,0,0,0,0,0,0,0.0,0.0,0.0
2022-05-16,2022,5,2022-W20,Analanjirofo,-17.3333,49.4,faible,864183,0,0,0,0,0,0,0,0,0.0,0.0,0.0
2022-05-23,2022,5,2022-W21,Analanjirofo,-17.3333,49.4,faible,864183,0,0,0,0,0,0,0,0,0.0,0.0,0.0
2022-05-30,2022,5,2022-W22,Analanjirofo,-17.3333,49.4,faible,864183,0,0,0,0,0,0,0,0,0.0,0.0,0.0
2022-06-06,2022,6,2022-W23,Analanjirofo,-17.3333,49.4,faible,864183,0,0,0,0,0,0,0,0,0.0,0.0,0.0
2022-06-13,2022,6,2022-W24,Analanjirofo,-17.3333,49.4,faible,864183,0,0,0,0,0,0,0,0,0.0,0.0,0.0
2022-06-20,2022,6,2022-W25,Analanjirofo,-17.3333,49.4,faible,864183,0,0,0,0,0,0,0,0,0.0,0.0,0.0
2022-06-27,2022,6,2022-W26,Analanjirofo,-17.3333,49.4,faible,864183,0,0,0,0,0,0,0,0,0.0,0.0,0.0
2022-07-04,2022,7,2022-W27,Analanjirofo,-17.3333,49.4,faible,864183,0,0,0,0,0,0,0,0,0.0,0.0,0.0
2022-07-11,2022,7,2022-W28,Analanjirofo,-17.3333,49.4,faible,864183,0,0,0,0,0,0,0,0,0.0,0.0,0.0
2022-07-18,2022,7,2022-W29,Analanjirofo,-17.3333,49.4,faible,864183,0,0,0,0,0,0,0,0,0.0,0.0,0.0
2022-07-25,2022,7,2022-W30,Analanjirofo,-17.3333,49.4,faible,864183,0,0,0,0,0,0,0,0,0.0,0.0,0.0
2022-08-01,2022,8,2022-W31,Analanjirofo,-17.3333,49.4,faible,864183,0,0,0,0,0,0,0,0,0.0,0.0,0.0
2022-08-08,2022,8,2022-W32,Analanjirofo,-17.3333,49.4,faible,864183,0,0,0,0,0,0,0,0,0.0,0.0,0.0
2022-08-15,2022,8,2022-W33,Analanjirofo,-17.3333,49.4,faible,864183,0,0,0,0,0,0,0,0,0.0,0.0,0.0
2022-08-22,2022,8,2022-W34,Analanjirofo,-17.3333,49.4,faible,864183,0,0,0,0,0,0,0,0,0.0,0.0,0.0
2022-08-29,2022,8,2022-W35,Analanjirofo,-17.3333,49.4,faible,864183,0,0,0,0,0,0,0,0,0.0,0.0,0.0
2022-09-05,2022,9,2022-W36,Analanjirofo,-17.3333,49.4,faible,864183,0,0,0,0,0,0,0,0,0.0,0.0,0.0
2022-09-12,2022,9,2022-W37,Analanjirofo,-17.3333,49.4,faible,864183,0,0,0,0,0,0,0,0,0.0,0.0,0.0
2022-09-19,2022,9,2022-W38,Analanjirofo,-17.3333,49.4,faible,864183,0,0,0,0,0,0,0,0,0.0,0.0,0.0
2022-09-26,2022,9,2022-W39,Analanjirofo,-17.3333,49.4,faible,864183,0,0,0,0,0,0,0,0,0.0,0.0,0.0
2022-10-03,2022,10,2022-W40,Analanjirofo,-17.3333,49.4,faible,864183,0,0,0,0,0,0,0,0,0.0,0.0,0.0
2022-10-10,2022,10,2022-W41,Analanjirofo,-17.3333,49.4,faible,864183,0,0,0,0,0,0,0,0,0.0,0.0,0.0
2022-10-17,2022,10,2022-W42,Analanjirofo,-17.3333,49.4,faible,864183,0,0,0,0,0,0,0,0,0.0,0.0,0.0
2022-10-24,2022,10,2022-W43,Analanjirofo,-17.3333,49.4,faible,864183,0,0,0,0,0,0,0,0,0.0,0.0,0.0
2022-10-31,2022,10,2022-W44,Analanjirofo,-17.3333,49.4,faible,864183,0,0,0,0,0,0,0,0,0.0,0.0,0.0
2022-11-07,2022,11,2022-W45,Analanjirofo,-17.3333,49.4,faible,864183,0,0,0,0,0,0,0,0,0.0,0.0,0.0
2022-11-14,2022,11,2022-W46,Analanjirofo,-17.3333,49.4,faible,864183,0,0,0,0,0,0,0,0,0.0,0.0,0.0
2022-11-21,2022,11,2022-W47,Analanjirofo,-17.3333,49.4,faible,864183,0,0,0,0,0,0,0,0,0.0,0.0,0.0
2022-11-28,2022,11,2022-W48,Analanjirofo,-17.3333,49.4,faible,864183,0,0,0,0,0,0,0,0,0.0,0.0,0.0
2022-12-05,2022,12,2022-W49,Analanjirofo,-17.3333,49.4,faible,864183,0,0,0,0,0,0,0,0,0.0,0.0,0.0
2022-12-12,2022,12,2022-W50,Analanjirofo,-17.3333,49.4,faible,864183,0,0,0,0,0,0,0,0,0.0,0.0,0.0
2022-12-19,2022,12,2022-W51,Analanjirofo,-17.3333,49.4,faible,864183,0,0,0,0,0,0,0,0,0.0,0.0,0.0
2022-12-26,2022,12,2022-W52,Analanjirofo,-17.3333,49.4,faible,864183,0,0,0,0,0,0,0,0,0.0,0.0,0.0
2023-01-02,2023,1,2023-W01,Analanjirofo,-17.3333,49.4,faible,864183,0,0,0,0,0,0,0,0,0.0,0.0,0.0
2023-01-09,2023,1,2023-W02,Analanjirofo,-17.3333,49.4,faible,864183,0,0,0,0,0,0,0,0,0.0,0.0,0.0
2023-01-16,2023,1,2023-W03,Analanjirofo,-17.3333,49.4,faible,864183,0,0,0,0,0,0,0,0,0.0,0.0,0.0
2023-01-23,2023,1,2023-W04,Analanjirofo,-17.3333,49.4,faible,864183,0,0,0,0,0,0,0,0,0.0,0.0,0.0
2023-01-30,2023,1,2023-W05,Analanjirofo,-17.3333,49.4,faible,864183,0,0,0,0,0,0,0,0,0.0,0.0,0.0
2023-02-06,2023,2,2023-W06,Analanjirofo,-17.3333,49.4,faible,864183,0,0,0,0,0,0,0,0,0.0,0.0,0.0
2023-02-13,2023,2,2023-W07,Analanjirofo,-17.3333,49.4,faible,864183,0,0,0,0,0,0,0,0,0.0,0.0,0.0
2023-02-20,2023,2,2023-W08,Analanjirofo,-17.3333,49.4,faible,864183,0,0,0,0,0,0,0,0,0.0,0.0,0.0
2023-02-27,2023,2,2023-W09,Analanjirofo,-17.3333,49.4,faible,864183,0,0,0,0,0,0,0,0,0.0,0.0,0.0
2023-03-06,2023,3,2023-W10,Analanjirofo,-17.3333,49.4,faible,864183,0,0,0,0,0,0,0,0,0.0,0.0,0.0
2023-03-13,2023,3,2023-W11,Analanjirofo,-17.3333,49.4,faible,864183,0,0,0,0,0,0,0,0,0.0,0.0,0.0
2023-03-20,2023,3,2023-W12,Analanjirofo,-17.3333,49.4,faible,864183,0,0,0,0,0,0,0,0,0.0,0.0,0.0
2023-03-27,2023,3,2023-W13,Analanjirofo,-17.3333,49.4,faible,864183,0,0,0,0,0,0,0,0,0.0,0.0,0.0
2023-04-03,2023,4,2023-W14,Analanjirofo,-17.3333,49.4,faible,864183,0,0,0,0,0,0,0,0,0.0,0.0,0.0
2023-04-10,2023,4,2023-W15,Analanjirofo,-17.3333,49.4,faible,864183,0,0,0,0,0,0,0,0,0.0,0.0,0.0
2023-04-17,2023,4,2023-W16,Analanjirofo,-17.3333,49.4,faible,864183,0,0,0,0,0,0,0,0,0.0,0.0,0.0
2023-04-24,2023,4,2023-W17,Analanjirofo,-17.3333,49.4,faible,864183,0,0,0,0,0,0,0,0,0.0,0.0,0.0
2023-05-01,2023,5,2023-W18,Analanjirofo,-17.3333,49.4,faible,864183,0,0,0,0,0,0,0,0,0.0,0.0,0.0
2023-05-08,2023,5,2023-W19,Analanjirofo,-17.3333,49.4,faible,864183,0,0,0,0,0,0,0,0,0.0,0.0,0.0
2023-05-15,2023,5,2023-W20,Analanjirofo,-17.3333,49.4,faible,864183,0,0,0,0,0,0,0,0,0.0,0.0,0.0
2023-05-22,2023,5,2023-W21,Analanjirofo,-17.3333,49.4,faible,864183,0,0,0,0,0,0,0,0,0.0,0.0,0.0
2023-05-29,2023,5,2023-W22,Analanjirofo,-17.3333,49.4,faible,864183,0,0,0,0,0,0,0,0,0.0,0.0,0.0
2023-06-05,2023,6,2023-W23,Analanjirofo,-17.3333,49.4,faible,864183,0,0,0,0,0,0,0,0,0.0,0.0,0.0
2023-06-12,2023,6,2023-W24,Analanjirofo,-17.3333,49.4,faible,864183,0,0,0,0,0,0,0,0,0.0,0.0,0.0
2023-06-19,2023,6,2023-W25,Analanjirofo,-17.3333,49.4,faible,864183,0,0,0,0,0,0,0,0,0.0,0.0,0.0
2023-06-26,2023,6,2023-W26,Analanjirofo,-17.3333,49.4,faible,864183,0,0,0,0,0,0,0,0,0.0,0.0,0.0
2023-07-03,2023,7,2023-W27,Analanjirofo,-17.3333,49.4,faible,864183,0,0,0,0,0,0,0,0,0.0,0.0,0.0
2023-07-10,2023,7,2023-W28,Analanjirofo,-17.3333,49.4,faible,864183,0,0,0,0,0,0,0,0,0.0,0.0,0.0
2023-07-17,2023,7,2023-W29,Analanjirofo,-17.3333,49.4,faible,864183,0,0,0,0,0,0,0,0,0.0,0.0,0.0
2023-07-24,2023,7,2023-W30,Analanjirofo,-17.3333,49.4,faible,864183,0,0,0,0,0,0,0,0,0.0,0.0,0.0
2023-07-31,2023,7,2023-W31,Analanjirofo,-17.3333,49.4,faible,864183,0,0,0,0,0,0,0,0,0.0,0.0,0.0
2023-08-07,2023,8,2023-W32,Analanjirofo,-17.3333,49.4,faible,864183,0,0,0,0,0,0,0,0,0.0,0.0,0.0
2023-08-14,2023,8,2023-W33,Analanjirofo,-17.3333,49.4,faible,864183,0,0,0,0,0,0,0,0,0.0,0.0,0.0
2023-08-21,2023,8,2023-W34,Analanjirofo,-17.3333,49.4,faible,864183,0,0,0,0,0,0,0,0,0.0,0.0,0.0
2023-08-28,2023,8,2023-W35,Analanjirofo,-17.3333,49.4,faible,864183,0,0,0,0,0,0,0,0,0.0,0.0,0.0
2023-09-04,2023,9,2023-W36,Analanjirofo,-17.3333,49.4,faible,864183,0,0,0,0,0,0,0,0,0.0,0.0,0.0
2023-09-11,2023,9,2023-W37,Analanjirofo,-17.3333,49.4,faible,864183,0,0,0,0,0,0,0,0,0.0,0.0,0.0
2023-09-18,2023,9,2023-W38,Analanjirofo,-17.3333,49.4,faible,864183,0,0,0,0,0,0,0,0,0.0,0.0,0.0
2023-09-25,2023,9,2023-W39,Analanjirofo,-17.3333,49.4,faible,864183,0,0,0,0,0,0,0,0,0.0,0.0,0.0
2023-10-02,2023,10,2023-W40,Analanjirofo,-17.3333,49.4,faible,864183,0,0,0,0,0,0,0,0,0.0,0.0,0.0
2023-10-09,2023,10,2023-W41,Analanjirofo,-17.3333,49.4,faible,864183,0,0,0,0,0,0,0,0,0.0,0.0,0.0
2023-10-16,2023,10,2023-W42,Analanjirofo,-17.3333,49.4,faible,864183,0,0,0,0,0,0,0,0,0.0,0.0,0.0
2023-10-23,2023,10,2023-W43,Analanjirofo,-17.3333,49.4,faible,864183,0,0,0,0,0,0,0,0,0.0,0.0,0.0
2023-10-30,2023,10,2023-W44,Analanjirofo,-17.3333,49.4,faible,864183,0,0,0,0,0,0,0,0,0.0,0.0,0.0
2023-11-06,2023,11,2023-W45,Analanjirofo,-17.3333,49.4,faible,864183,0,0,0,0,0,0,0,0,0.0,0.0,0.0
2023-11-13,2023,11,2023-W46,Analanjirofo,-17.3333,49.4,faible,864183,0,0,0,0,0,0,0,0,0.0,0.0,0.0
2023-11-20,2023,11,2023-W47,Analanjirofo,-17.3333,49.4,faible,864183,0,0,0,0,0,0,0,0,0.0,0.0,0.0
2023-11-27,2023,11,2023-W48,Analanjirofo,-17.3333,49.4,faible,864183,0,0,0,0,0,0,0,0,0.0,0.0,0.0
2023-12-04,2023,12,2023-W49,Analanjirofo,-17.3333,49.4,faible,864183,0,0,0,0,0,0,0,0,0.0,0.0,0.0
2023-12-11,2023,12,2023-W50,Analanjirofo,-17.3333,49.4,faible,864183,0,0,0,0,0,0,0,0,0.0,0.0,0.0
2023-12-18,2023,12,2023-W51,Analanjirofo,-17.3333,49.4,faible,864183,0,0,0,0,0,0,0,0,0.0,0.0,0.0
2023-12-25,2023,12,2023-W52,Analanjirofo,-17.3333,49.4,faible,864183,0,0,0,0,0,0,0,0,0.0,0.0,0.0
2024-01-01,2024,1,2024-W01,Analanjirofo,-17.3333,49.4,faible,864183,0,0,0,0,0,0,0,0,0.0,0.0,0.0
2024-01-08,2024,1,2024-W02,Analanjirofo,-17.3333,49.4,faible,864183,0,0,0,0,0,0,0,0,0.0,0.0,0.0
2024-01-15,2024,1,2024-W03,Analanjirofo,-17.3333,49.4,faible,864183,0,0,0,0,0,0,0,0,0.0,0.0,0.0
2024-01-22,2024,1,2024-W04,Analanjirofo,-17.3333,49.4,faible,864183,0,0,0,0,0,0,0,0,0.0,0.0,0.0
2024-01-29,2024,1,2024-W05,Analanjirofo,-17.3333,49.4,faible,864183,0,0,0,0,0,0,0,0,0.0,0.0,0.0
2024-02-05,2024,2,2024-W06,Analanjirofo,-17.3333,49.4,faible,864183,0,0,0,0,0,0,0,0,0.0,0.0,0.0
2024-02-12,2024,2,2024-W07,Analanjirofo,-17.3333,49.4,faible,864183,0,0,0,0,0,0,0,0,0.0,0.0,0.0
2024-02-19,2024,2,2024-W08,Analanjirofo,-17.3333,49.4,faible,864183,0,0,0,0,0,0,0,0,0.0,0.0,0.0
2024-02-26,2024,2,2024-W09,Analanjirofo,-17.3333,49.4,faible,864183,0,0,0,0,0,0,0,0,0.0,0.0,0.0
2024-03-04,2024,3,2024-W10,Analanjirofo,-17.3333,49.4,faible,864183,0,0,0,0,0,0,0,0,0.0,0.0,0.0
2024-03-11,2024,3,2024-W11,Analanjirofo,-17.3333,49.4,faible,864183,0,0,0,0,0,0,0,0,0.0,0.0,0.0
2024-03-18,2024,3,2024-W12,Analanjirofo,-17.3333,49.4,faible,864183,0,0,0,0,0,0,0,0,0.0,0.0,0.0
2024-03-25,2024,3,2024-W13,Analanjirofo,-17.3333,49.4,faible,864183,0,0,0,0,0,0,0,0,0.0,0.0,0.0
2024-04-01,2024,4,2024-W14,Analanjirofo,-17.3333,49.4,faible,864183,0,0,0,0,0,0,0,0,0.0,0.0,0.0
2024-04-08,2024,4,2024-W15,Analanjirofo,-17.3333,49.4,faible,864183,0,0,0,0,0,0,0,0,0.0,0.0,0.0
2024-04-15,2024,4,2024-W16,Analanjirofo,-17.3333,49.4,faible,864183,0,0,0,0,0,0,0,0,0.0,0.0,0.0
2024-04-22,2024,4,2024-W17,Analanjirofo,-17.3333,49.4,faible,864183,0,0,0,0,0,0,0,0,0.0,0.0,0.0
2024-04-29,2024,4,2024-W18,Analanjirofo,-17.3333,49.4,faible,864183,0,0,0,0,0,0,0,0,0.0,0.0,0.0
2024-05-06,2024,5,2024-W19,Analanjirofo,-17.3333,49.4,faible,864183,0,0,0,0,0,0,0,0,0.0,0.0,0.0
2024-05-13,2024,5,2024-W20,Analanjirofo,-17.3333,49.4,faible,864183,0,0,0,0,0,0,0,0,0.0,0.0,0.0
2024-05-20,2024,5,2024-W21,Analanjirofo,-17.3333,49.4,faible,864183,0,0,0,0,0,0,0,0,0.0,0.0,0.0
2024-05-27,2024,5,2024-W22,Analanjirofo,-17.3333,49.4,faible,864183,0,0,0,0,0,0,0,0,0.0,0.0,0.0
2024-06-03,2024,6,2024-W23,Analanjirofo,-17.3333,49.4,faible,864183,0,0,0,0,0,0,0,0,0.0,0.0,0.0
2024-06-10,2024,6,2024-W24,Analanjirofo,-17.3333,49.4,faible,864183,0,0,0,0,0,0,0,0,0.0,0.0,0.0
2024-06-17,2024,6,2024-W25,Analanjirofo,-17.3333,49.4,faible,864183,0,0,0,0,0,0,0,0,0.0,0.0,0.0
2024-06-24,2024,6,2024-W26,Analanjirofo,-17.3333,49.4,faible,864183,0,0,0,0,0,0,0,0,0.0,0.0,0.0
2024-07-01,2024,7,2024-W27,Analanjirofo,-17.3333,49.4,faible,864183,0,0,0,0,0,0,0,0,0.0,0.0,0.0
2024-07-08,2024,7,2024-W28,Analanjirofo,-17.3333,49.4,faible,864183,0,0,0,0,0,0,0,0,0.0,0.0,0.0
2024-07-15,2024,7,2024-W29,Analanjirofo,-17.3333,49.4,faible,864183,0,0,0,0,0,0,0,0,0.0,0.0,0.0
2024-07-22,2024,7,2024-W30,Analanjirofo,-17.3333,49.4,faible,864183,0,0,0,0,0,0,0,0,0.0,0.0,0.0
2024-07-29,2024,7,2024-W31,Analanjirofo,-17.3333,49.4,faible,864183,0,0,0,0,0,0,0,0,0.0,0.0,0.0
2024-08-05,2024,8,2024-W32,Analanjirofo,-17.3333,49.4,faible,864183,0,0,0,0,0,0,0,0,0.0,0.0,0.0
2024-08-12,2024,8,2024-W33,Analanjirofo,-17.3333,49.4,faible,864183,0,0,0,0,0,0,0,0,0.0,0.0,0.0
2024-08-19,2024,8,2024-W34,Analanjirofo,-17.3333,49.4,faible,864183,0,0,0,0,0,0,0,0,0.0,0.0,0.0
2024-08-26,2024,8,2024-W35,Analanjirofo,-17.3333,49.4,faible,864183,0,0,0,0,0,0,0,0,0.0,0.0,0.0
2024-09-02,2024,9,2024-W36,Analanjirofo,-17.3333,49.4,faible,864183,0,0,0,0,0,0,0,0,0.0,0.0,0.0
2024-09-09,2024,9,2024-W37,Analanjirofo,-17.3333,49.4,faible,864183,0,0,0,0,0,0,0,0,0.0,0.0,0.0
2024-09-16,2024,9,2024-W38,Analanjirofo,-17.3333,49.4,faible,864183,0,0,0,0,0,0,0,0,0.0,0.0,0.0
2024-09-23,2024,9,2024-W39,Analanjirofo,-17.3333,49.4,faible,864183,0,0,0,0,0,0,0,0,0.0,0.0,0.0
2024-09-30,2024,9,2024-W40,Analanjirofo,-17.3333,49.4,faible,864183,0,0,0,0,0,0,0,0,0.0,0.0,0.0
2024-10-07,2024,10,2024-W41,Analanjirofo,-17.3333,49.4,faible,864183,0,0,0,0,0,0,0,0,0.0,0.0,0.0
2024-10-14,2024,10,2024-W42,Analanjirofo,-17.3333,49.4,faible,864183,0,0,0,0,0,0,0,0,0.0,0.0,0.0
2024-10-21,2024,10,2024-W43,Analanjirofo,-17.3333,49.4,faible,864183,0,0,0,0,0,0,0,0,0.0,0.0,0.0
2024-10-28,2024,10,2024-W44,Analanjirofo,-17.3333,49.4,faible,864183,0,0,0,0,0,0,0,0,0.0,0.0,0.0
2024-11-04,2024,11,2024-W45,Analanjirofo,-17.3333,49.4,faible,864183,0,0,0,0,0,0,0,0,0.0,0.0,0.0
2024-11-11,2024,11,2024-W46,Analanjirofo,-17.3333,49.4,faible,864183,0,0,0,0,0,0,0,0,0.0,0.0,0.0
2024-11-18,2024,11,2024-W47,Analanjirofo,-17.3333,49.4,faible,864183,0,0,0,0,0,0,0,0,0.0,0.0,0.0
2024-11-25,2024,11,2024-W48,Analanjirofo,-17.3333,49.4,faible,864183,0,0,0,0,0,0,0,0,0.0,0.0,0.0
2024-12-02,2024,12,2024-W49,Analanjirofo,-17.3333,49.4,faible,864183,0,0,0,0,0,0,0,0,0.0,0.0,0.0
2024-12-09,2024,12,2024-W50,Analanjirofo,-17.3333,49.4,faible,864183,0,0,0,0,0,0,0,0,0.0,0.0,0.0
2024-12-16,2024,12,2024-W51,Analanjirofo,-17.3333,49.4,faible,864183,0,0,0,0,0,0,0,0,0.0,0.0,0.0
2024-12-23,2024,12,2024-W52,Analanjirofo,-17.3333,49.4,faible,864183,0,0,0,0,0,0,0,0,0.0,0.0,0.0
2024-12-30,2024,12,2025-W01,Analanjirofo,-17.3333,49.4,faible,864183,0,0,0,0,0,0,0,0,0.0,0.0,0.0
2025-01-06,2025,1,2025-W02,Analanjirofo,-17.3333,49.4,faible,864183,0,0,0,0,0,0,0,0,0.0,0.0,0.0
2025-01-13,2025,1,2025-W03,Analanjirofo,-17.3333,49.4,faible,864183,0,0,0,0,0,0,0,0,0.0,0.0,0.0
2025-01-20,2025,1,2025-W04,Analanjirofo,-17.3333,49.4,faible,864183,0,0,0,0,0,0,0,0,0.0,0.0,0.0
2025-01-27,2025,1,2025-W05,Analanjirofo,-17.3333,49.4,faible,864183,0,0,0,0,0,0,0,0,0.0,0.0,0.0
2025-02-03,2025,2,2025-W06,Analanjirofo,-17.3333,49.4,faible,864183,0,0,0,0,0,0,0,0,0.0,0.0,0.0
2025-02-10,2025,2,2025-W07,Analanjirofo,-17.3333,49.4,faible,864183,0,0,0,0,0,0,0,0,0.0,0.0,0.0
2025-02-17,2025,2,2025-W08,Analanjirofo,-17.3333,49.4,faible,864183,0,0,0,0,0,0,0,0,0.0,0.0,0.0
2025-02-24,2025,2,2025-W09,Analanjirofo,-17.3333,49.4,faible,864183,0,0,0,0,0,0,0,0,0.0,0.0,0.0
2025-03-03,2025,3,2025-W10,Analanjirofo,-17.3333,49.4,faible,864183,0,0,0,0,0,0,0,0,0.0,0.0,0.0
2025-03-10,2025,3,2025-W11,Analanjirofo,-17.3333,49.4,faible,864183,0,0,0,0,0,0,0,0,0.0,0.0,0.0
2025-03-17,2025,3,2025-W12,Analanjirofo,-17.3333,49.4,faible,864183,0,0,0,0,0,0,0,0,0.0,0.0,0.0
2025-03-24,2025,3,2025-W13,Analanjirofo,-17.3333,49.4,faible,864183,0,0,0,0,0,0,0,0,0.0,0.0,0.0
2025-03-31,2025,3,2025-W14,Analanjirofo,-17.3333,49.4,faible,864183,0,0,0,0,0,0,0,0,0.0,0.0,0.0
2025-04-07,2025,4,2025-W15,Analanjirofo,-17.3333,49.4,faible,864183,0,0,0,0,0,0,0,0,0.0,0.0,0.0
2025-04-14,2025,4,2025-W16,Analanjirofo,-17.3333,49.4,faible,864183,0,0,0,0,0,0,0,0,0.0,0.0,0.0
2025-04-21,2025,4,2025-W17,Analanjirofo,-17.3333,49.4,faible,864183,0,0,0,0,0,0,0,0,0.0,0.0,0.0
2025-04-28,2025,4,2025-W18,Analanjirofo,-17.3333,49.4,faible,864183,0,0,0,0,0,0,0,0,0.0,0.0,0.0
2025-05-05,2025,5,2025-W19,Analanjirofo,-17.3333,49.4,faible,864183,0,0,0,0,0,0,0,0,0.0,0.0,0.0
2025-05-12,2025,5,2025-W20,Analanjirofo,-17.3333,49.4,faible,864183,0,0,0,0,0,0,0,0,0.0,0.0,0.0
2025-05-19,2025,5,2025-W21,Analanjirofo,-17.3333,49.4,faible,864183,0,0,0,0,0,0,0,0,0.0,0.0,0.0
2025-05-26,2025,5,2025-W22,Analanjirofo,-17.3333,49.4,faible,864183,0,0,0,0,0,0,0,0,0.0,0.0,0.0
2025-06-02,2025,6,2025-W23,Analanjirofo,-17.3333,49.4,faible,864183,0,0,0,0,0,0,0,0,0.0,0.0,0.0
2025-06-09,2025,6,2025-W24,Analanjirofo,-17.3333,49.4,faible,864183,0,0,0,0,0,0,0,0,0.0,0.0,0.0
2025-06-16,2025,6,2025-W25,Analanjirofo,-17.3333,49.4,faible,864183,0,0,0,0,0,0,0,0,0.0,0.0,0.0
2025-06-23,2025,6,2025-W26,Analanjirofo,-17.3333,49.4,faible,864183,0,0,0,0,0,0,0,0,0.0,0.0,0.0
2025-06-30,2025,6,2025-W27,Analanjirofo,-17.3333,49.4,faible,864183,0,0,0,0,0,0,0,0,0.0,0.0,0.0
2025-07-07,2025,7,2025-W28,Analanjirofo,-17.3333,49.4,faible,864183,0,0,0,0,0,0,0,0,0.0,0.0,0.0
2025-07-14,2025,7,2025-W29,Analanjirofo,-17.3333,49.4,faible,864183,0,0,0,0,0,0,0,0,0.0,0.0,0.0
2025-07-21,2025,7,2025-W30,Analanjirofo,-17.3333,49.4,faible,864183,0,0,0,0,0,0,0,0,0.0,0.0,0.0
2025-07-28,2025,7,2025-W31,Analanjirofo,-17.3333,49.4,faible,864183,0,0,0,0,0,0,0,0,0.0,0.0,0.0
2025-08-04,2025,8,2025-W32,Analanjirofo,-17.3333,49.4,faible,864183,0,0,0,0,0,0,0,0,0.0,0.0,0.0
2025-08-11,2025,8,2025-W33,Analanjirofo,-17.3333,49.4,faible,864183,0,0,0,0,0,0,0,0,0.0,0.0,0.0
2025-08-18,2025,8,2025-W34,Analanjirofo,-17.3333,49.4,faible,864183,0,0,0,0,0,0,0,0,0.0,0.0,0.0
2025-08-25,2025,8,2025-W35,Analanjirofo,-17.3333,49.4,faible,864183,0,0,0,0,0,0,0,0,0.0,0.0,0.0
2025-09-01,2025,9,2025-W36,Analanjirofo,-17.3333,49.4,faible,864183,0,0,0,0,0,0,0,0,0.0,0.0,0.0
2025-09-08,2025,9,2025-W37,Analanjirofo,-17.3333,49.4,faible,864183,0,0,0,0,0,0,0,0,0.0,0.0,0.0
2025-09-15,2025,9,2025-W38,Analanjirofo,-17.3333,49.4,faible,864183,0,0,0,0,0,0,0,0,0.0,0.0,0.0
2025-09-22,2025,9,2025-W39,Analanjirofo,-17.3333,49.4,faible,864183,0,0,0,0,0,0,0,0,0.0,0.0,0.0
2025-09-29,2025,9,2025-W40,Analanjirofo,-17.3333,49.4,faible,864183,0,0,0,0,0,0,0,0,0.0,0.0,0.0
2025-10-06,2025,10,2025-W41,Analanjirofo,-17.3333,49.4,faible,864183,0,0,0,0,0,0,0,0,0.0,0.0,0.0
2025-10-13,2025,10,2025-W42,Analanjirofo,-17.3333,49.4,faible,864183,0,0,0,0,0,0,0,0,0.0,0.0,0.0
2025-10-20,2025,10,2025-W43,Analanjirofo,-17.3333,49.4,faible,864183,0,0,0,0,0,0,0,0,0.0,0.0,0.0
2025-10-27,2025,10,2025-W44,Analanjirofo,-17.3333,49.4,faible,864183,0,0,0,0,0,0,0,0,0.0,0.0,0.0
2025-11-03,2025,11,2025-W45,Analanjirofo,-17.3333,49.4,faible,864183,0,0,0,0,0,0,0,0,0.0,0.0,0.0
2025-11-10,2025,11,2025-W46,Analanjirofo,-17.3333,49.4,faible,864183,0,0,0,0,0,0,0,0,0.0,0.0,0.0
2025-11-17,2025,11,2025-W47,Analanjirofo,-17.3333,49.4,faible,864183,0,0,0,0,0,0,0,0,0.0,0.0,0.0
2025-11-24,2025,11,2025-W48,Analanjirofo,-17.3333,49.4,faible,864183,0,0,0,0,0,0,0,0,0.0,0.0,0.0
2025-12-01,2025,12,2025-W49,Analanjirofo,-17.3333,49.4,faible,864183,0,0,0,0,0,0,0,0,0.0,0.0,0.0
2025-12-08,2025,12,2025-W50,Analanjirofo,-17.3333,49.4,faible,864183,0,0,0,0,0,0,0,0,0.0,0.0,0.0
2025-12-15,2025,12,2025-W51,Analanjirofo,-17.3333,49.4,faible,864183,0,0,0,0,0,0,0,0,0.0,0.0,0.0
2025-12-22,2025,12,2025-W52,Analanjirofo,-17.3333,49.4,faible,864183,0,0,0,0,0,0,0,0,0.0,0.0,0.0
2025-12-29,2025,12,2026-W01,Analanjirofo,-17.3333,49.4,faible,864183,0,0,0,0,0,0,0,0,0.0,0.0,0.0
2026-01-05,2026,1,2026-W02,Analanjirofo,-17.3333,49.4,faible,864183,0,0,0,0,0,0,0,0,0.0,0.0,0.0
2026-01-12,2026,1,2026-W03,Analanjirofo,-17.3333,49.4,faible,864183,0,0,0,0,0,0,0,0,0.0,0.0,0.0
2026-01-19,2026,1,2026-W04,Analanjirofo,-17.3333,49.4,faible,864183,0,0,0,0,0,0,0,0,0.0,0.0,0.0
2026-01-26,2026,1,2026-W05,Analanjirofo,-17.3333,49.4,faible,864183,0,0,0,0,0,0,0,0,0.0,0.0,0.0
2026-02-02,2026,2,2026-W06,Analanjirofo,-17.3333,49.4,faible,864183,0,0,0,0,0,0,0,0,0.0,0.0,0.0
2026-02-09,2026,2,2026-W07,Analanjirofo,-17.3333,49.4,faible,864183,0,0,0,0,0,0,0,0,0.0,0.0,0.0
2026-02-16,2026,2,2026-W08,Analanjirofo,-17.3333,49.4,faible,864183,0,0,0,0,0,0,0,0,0.0,0.0,0.0
2026-02-23,2026,2,2026-W09,Analanjirofo,-17.3333,49.4,faible,864183,0,0,0,0,0,0,0,0,0.0,0.0,0.0
2026-03-02,2026,3,2026-W10,Analanjirofo,-17.3333,49.4,faible,864183,0,0,0,0,0,0,0,0,0.0,0.0,0.0
2026-03-09,2026,3,2026-W11,Analanjirofo,-17.3333,49.4,faible,864183,0,0,0,0,0,0,0,0,0.0,0.0,0.0
2026-03-16,2026,3,2026-W12,Analanjirofo,-17.3333,49.4,faible,864183,0,0,0,0,0,0,0,0,0.0,0.0,0.0
2026-03-23,2026,3,2026-W13,Analanjirofo,-17.3333,49.4,faible,864183,0,0,0,0,0,0,0,0,0.0,0.0,0.0
2026-03-30,2026,3,2026-W14,Analanjirofo,-17.3333,49.4,faible,864183,0,0,0,0,0,0,0,0,0.0,0.0,0.0
2026-04-06,2026,4,2026-W15,Analanjirofo,-17.3333,49.4,faible,864183,0,0,0,0,0,0,0,0,0.0,0.0,0.0
2026-04-13,2026,4,2026-W16,Analanjirofo,-17.3333,49.4,faible,864183,0,0,0,0,0,0,0,0,0.0,0.0,0.0
2026-04-20,2026,4,2026-W17,Analanjirofo,-17.3333,49.4,faible,864183,0,0,0,0,0,0,0,0,0.0,0.0,0.0
2026-04-27,2026,4,2026-W18,Analanjirofo,-17.3333,49.4,faible,864183,0,0,0,0,0,0,0,0,0.0,0.0,0.0
2026-05-04,2026,5,2026-W19,Analanjirofo,-17.3333,49.4,faible,864183,0,0,0,0,0,0,0,0,0.0,0.0,0.0
2026-05-11,2026,5,2026-W20,Analanjirofo,-17.3333,49.4,faible,864183,0,0,0,0,0,0,0,0,0.0,0.0,0.0
2026-05-18,2026,5,2026-W21,Analanjirofo,-17.3333,49.4,faible,864183,0,0,0,0,0,0,0,0,0.0,0.0,0.0
2026-05-25,2026,5,2026-W22,Analanjirofo,-17.3333,49.4,faible,864183,0,0,0,0,0,0,0,0,0.0,0.0,0.0
2026-06-01,2026,6,2026-W23,Analanjirofo,-17.3333,49.4,faible,864183,0,0,0,0,0,0,0,0,0.0,0.0,0.0
2026-06-08,2026,6,2026-W24,Analanjirofo,-17.3333,49.4,faible,864183,0,0,0,0,0,0,0,0,0.0,0.0,0.0
2026-06-15,2026,6,2026-W25,Analanjirofo,-17.3333,49.4,faible,864183,0,0,0,0,0,0,0,0,0.0,0.0,0.0
2026-06-22,2026,6,2026-W26,Analanjirofo,-17.3333,49.4,faible,864183,0,0,0,0,0,0,0,0,0.0,0.0,0.0
2026-06-29,2026,6,2026-W27,Analanjirofo,-17.3333,49.4,faible,864183,0,0,0,0,0,0,0,0,0.0,0.0,0.0
2026-07-06,2026,7,2026-W28,Analanjirofo,-17.3333,49.4,faible,864183,0,0,0,0,0,0,0,0,0.0,0.0,0.0
2026-07-13,2026,7,2026-W29,Analanjirofo,-17.3333,49.4,faible,864183,0,0,0,0,0,0,0,0,0.0,0.0,0.0
2026-07-20,2026,7,2026-W30,Analanjirofo,-17.3333,49.4,faible,864183,0,0,0,0,0,0,0,0,0.0,0.0,0.0
2026-07-27,2026,7,2026-W31,Analanjirofo,-17.3333,49.4,faible,864183,0,0,0,0,0,0,0,0,0.0,0.0,0.0
2020-01-06,2020,1,2020-W02,Androy,-25.1667,46.0833,faible,1065878,0,0,0,0,0,0,0,0,0.0,0.0,0.0
2020-01-13,2020,1,2020-W03,Androy,-25.1667,46.0833,faible,1065878,0,0,0,0,0,0,0,0,0.0,0.0,0.0
2020-01-20,2020,1,2020-W04,Androy,-25.1667,46.0833,faible,1065878,0,0,0,0,0,0,0,0,0.0,0.0,0.0
2020-01-27,2020,1,2020-W05,Androy,-25.1667,46.0833,faible,1065878,0,0,0,0,0,0,0,0,0.0,0.0,0.0
2020-02-03,2020,2,2020-W06,Androy,-25.1667,46.0833,faible,1065878,0,0,0,0,0,0,0,0,0.0,0.0,0.0
2020-02-10,2020,2,2020-W07,Androy,-25.1667,46.0833,faible,1065878,0,0,0,0,0,0,0,0,0.0,0.0,0.0
2020-02-17,2020,2,2020-W08,Androy,-25.1667,46.0833,faible,1065878,0,0,0,0,0,0,0,0,0.0,0.0,0.0
2020-02-24,2020,2,2020-W09,Androy,-25.1667,46.0833,faible,1065878,0,0,0,0,0,0,0,0,0.0,0.0,0.0
2020-03-02,2020,3,2020-W10,Androy,-25.1667,46.0833,faible,1065878,0,0,0,0,0,0,0,0,0.0,0.0,0.0
2020-03-09,2020,3,2020-W11,Androy,-25.1667,46.0833,faible,1065878,0,0,0,0,0,0,0,0,0.0,0.0,0.0
2020-03-16,2020,3,2020-W12,Androy,-25.1667,46.0833,faible,1065878,0,0,0,0,0,0,0,0,0.0,0.0,0.0
2020-03-23,2020,3,2020-W13,Androy,-25.1667,46.0833,faible,1065878,0,0,0,0,0,0,0,0,0.0,0.0,0.0
2020-03-30,2020,3,2020-W14,Androy,-25.1667,46.0833,faible,1065878,0,0,0,0,0,0,0,0,0.0,0.0,0.0
2020-04-06,2020,4,2020-W15,Androy,-25.1667,46.0833,faible,1065878,0,0,0,0,0,0,0,0,0.0,0.0,0.0
2020-04-13,2020,4,2020-W16,Androy,-25.1667,46.0833,faible,1065878,0,0,0,0,0,0,0,0,0.0,0.0,0.0
2020-04-20,2020,4,2020-W17,Androy,-25.1667,46.0833,faible,1065878,0,0,0,0,0,0,0,0,0.0,0.0,0.0
2020-04-27,2020,4,2020-W18,Androy,-25.1667,46.0833,faible,1065878,0,0,0,0,0,0,0,0,0.0,0.0,0.0
2020-05-04,2020,5,2020-W19,Androy,-25.1667,46.0833,faible,1065878,0,0,0,0,0,0,0,0,0.0,0.0,0.0
2020-05-11,2020,5,2020-W20,Androy,-25.1667,46.0833,faible,1065878,0,0,0,0,0,0,0,0,0.0,0.0,0.0
2020-05-18,2020,5,2020-W21,Androy,-25.1667,46.0833,faible,1065878,0,0,0,0,0,0,0,0,0.0,0.0,0.0
2020-05-25,2020,5,2020-W22,Androy,-25.1667,46.0833,faible,1065878,0,0,0,0,0,0,0,0,0.0,0.0,0.0
2020-06-01,2020,6,2020-W23,Androy,-25.1667,46.0833,faible,1065878,0,0,0,0,0,0,0,0,0.0,0.0,0.0
2020-06-08,2020,6,2020-W24,Androy,-25.1667,46.0833,faible,1065878,0,0,0,0,0,0,0,0,0.0,0.0,0.0
2020-06-15,2020,6,2020-W25,Androy,-25.1667,46.0833,faible,1065878,0,0,0,0,0,0,0,0,0.0,0.0,0.0
2020-06-22,2020,6,2020-W26,Androy,-25.1667,46.0833,faible,1065878,0,0,0,0,0,0,0,0,0.0,0.0,0.0
2020-06-29,2020,6,2020-W27,Androy,-25.1667,46.0833,faible,1065878,0,0,0,0,0,0,0,0,0.0,0.0,0.0
2020-07-06,2020,7,2020-W28,Androy,-25.1667,46.0833,faible,1065878,0,0,0,0,0,0,0,0,0.0,0.0,0.0
2020-07-13,2020,7,2020-W29,Androy,-25.1667,46.0833,faible,1065878,0,0,0,0,0,0,0,0,0.0,0.0,0.0
2020-07-20,2020,7,2020-W30,Androy,-25.1667,46.0833,faible,1065878,0,0,0,0,0,0,0,0,0.0,0.0,0.0
2020-07-27,2020,7,2020-W31,Androy,-25.1667,46.0833,faible,1065878,0,0,0,0,0,0,0,0,0.0,0.0,0.0
2020-08-03,2020,8,2020-W32,Androy,-25.1667,46.0833,faible,1065878,0,0,0,0,0,0,0,0,0.0,0.0,0.0
2020-08-10,2020,8,2020-W33,Androy,-25.1667,46.0833,faible,1065878,0,0,0,0,0,0,0,0,0.0,0.0,0.0
2020-08-17,2020,8,2020-W34,Androy,-25.1667,46.0833,faible,1065878,0,0,0,0,0,0,0,0,0.0,0.0,0.0
2020-08-24,2020,8,2020-W35,Androy,-25.1667,46.0833,faible,1065878,0,0,0,0,0,0,0,0,0.0,0.0,0.0
2020-08-31,2020,8,2020-W36,Androy,-25.1667,46.0833,faible,1065878,0,0,0,0,0,0,0,0,0.0,0.0,0.0
2020-09-07,2020,9,2020-W37,Androy,-25.1667,46.0833,faible,1065878,0,0,0,0,0,0,0,0,0.0,0.0,0.0
2020-09-14,2020,9,2020-W38,Androy,-25.1667,46.0833,faible,1065878,0,0,0,0,0,0,0,0,0.0,0.0,0.0
2020-09-21,2020,9,2020-W39,Androy,-25.1667,46.0833,faible,1065878,0,0,0,0,0,0,0,0,0.0,0.0,0.0
2020-09-28,2020,9,2020-W40,Androy,-25.1667,46.0833,faible,1065878,0,0,0,0,0,0,0,0,0.0,0.0,0.0
2020-10-05,2020,10,2020-W41,Androy,-25.1667,46.0833,faible,1065878,0,0,0,0,0,0,0,0,0.0,0.0,0.0
2020-10-12,2020,10,2020-W42,Androy,-25.1667,46.0833,faible,1065878,0,0,0,0,0,0,0,0,0.0,0.0,0.0
2020-10-19,2020,10,2020-W43,Androy,-25.1667,46.0833,faible,1065878,0,0,0,0,0,0,0,0,0.0,0.0,0.0
2020-10-26,2020,10,2020-W44,Androy,-25.1667,46.0833,faible,1065878,0,0,0,0,0,0,0,0,0.0,0.0,0.0
2020-11-02,2020,11,2020-W45,Androy,-25.1667,46.0833,faible,1065878,0,0,0,0,0,0,0,0,0.0,0.0,0.0
2020-11-09,2020,11,2020-W46,Androy,-25.1667,46.0833,faible,1065878,0,0,0,0,0,0,0,0,0.0,0.0,0.0
2020-11-16,2020,11,2020-W47,Androy,-25.1667,46.0833,faible,1065878,0,0,0,0,0,0,0,0,0.0,0.0,0.0
2020-11-23,2020,11,2020-W48,Androy,-25.1667,46.0833,faible,1065878,0,0,0,0,0,0,0,0,0.0,0.0,0.0
2020-11-30,2020,11,2020-W49,Androy,-25.1667,46.0833,faible,1065878,0,0,0,0,0,0,0,0,0.0,0.0,0.0
2020-12-07,2020,12,2020-W50,Androy,-25.1667,46.0833,faible,1065878,0,0,0,0,0,0,0,0,0.0,0.0,0.0
2020-12-14,2020,12,2020-W51,Androy,-25.1667,46.0833,faible,1065878,0,0,0,0,0,0,0,0,0.0,0.0,0.0
2020-12-21,2020,12,2020-W52,Androy,-25.1667,46.0833,faible,1065878,0,0,0,0,0,0,0,0,0.0,0.0,0.0
2020-12-28,2020,12,2020-W53,Androy,-25.1667,46.0833,faible,1065878,0,0,0,0,0,0,0,0,0.0,0.0,0.0
2021-01-04,2021,1,2021-W01,Androy,-25.1667,46.0833,faible,1065878,0,0,0,0,0,0,0,0,0.0,0.0,0.0
2021-01-11,2021,1,2021-W02,Androy,-25.1667,46.0833,faible,1065878,0,0,0,0,0,0,0,0,0.0,0.0,0.0
2021-01-18,2021,1,2021-W03,Androy,-25.1667,46.0833,faible,1065878,0,0,0,0,0,0,0,0,0.0,0.0,0.0
2021-01-25,2021,1,2021-W04,Androy,-25.1667,46.0833,faible,1065878,0,0,0,0,0,0,0,0,0.0,0.0,0.0
2021-02-01,2021,2,2021-W05,Androy,-25.1667,46.0833,faible,1065878,0,0,0,0,0,0,0,0,0.0,0.0,0.0
2021-02-08,2021,2,2021-W06,Androy,-25.1667,46.0833,faible,1065878,0,0,0,0,0,0,0,0,0.0,0.0,0.0
2021-02-15,2021,2,2021-W07,Androy,-25.1667,46.0833,faible,1065878,0,0,0,0,0,0,0,0,0.0,0.0,0.0
2021-02-22,2021,2,2021-W08,Androy,-25.1667,46.0833,faible,1065878,0,0,0,0,0,0,0,0,0.0,0.0,0.0
2021-03-01,2021,3,2021-W09,Androy,-25.1667,46.0833,faible,1065878,0,0,0,0,0,0,0,0,0.0,0.0,0.0
2021-03-08,2021,3,2021-W10,Androy,-25.1667,46.0833,faible,1065878,0,0,0,0,0,0,0,0,0.0,0.0,0.0
2021-03-15,2021,3,2021-W11,Androy,-25.1667,46.0833,faible,1065878,0,0,0,0,0,0,0,0,0.0,0.0,0.0
2021-03-22,2021,3,2021-W12,Androy,-25.1667,46.0833,faible,1065878,0,0,0,0,0,0,0,0,0.0,0.0,0.0
2021-03-29,2021,3,2021-W13,Androy,-25.1667,46.0833,faible,1065878,0,0,0,0,0,0,0,0,0.0,0.0,0.0
2021-04-05,2021,4,2021-W14,Androy,-25.1667,46.0833,faible,1065878,0,0,0,0,0,0,0,0,0.0,0.0,0.0
2021-04-12,2021,4,2021-W15,Androy,-25.1667,46.0833,faible,1065878,0,0,0,0,0,0,0,0,0.0,0.0,0.0
2021-04-19,2021,4,2021-W16,Androy,-25.1667,46.0833,faible,1065878,0,0,0,0,0,0,0,0,0.0,0.0,0.0
2021-04-26,2021,4,2021-W17,Androy,-25.1667,46.0833,faible,1065878,0,0,0,0,0,0,0,0,0.0,0.0,0.0
2021-05-03,2021,5,2021-W18,Androy,-25.1667,46.0833,faible,1065878,0,0,0,0,0,0,0,0,0.0,0.0,0.0
2021-05-10,2021,5,2021-W19,Androy,-25.1667,46.0833,faible,1065878,0,0,0,0,0,0,0,0,0.0,0.0,0.0
2021-05-17,2021,5,2021-W20,Androy,-25.1667,46.0833,faible,1065878,0,0,0,0,0,0,0,0,0.0,0.0,0.0
2021-05-24,2021,5,2021-W21,Androy,-25.1667,46.0833,faible,1065878,0,0,0,0,0,0,0,0,0.0,0.0,0.0
2021-05-31,2021,5,2021-W22,Androy,-25.1667,46.0833,faible,1065878,0,0,0,0,0,0,0,0,0.0,0.0,0.0
2021-06-07,2021,6,2021-W23,Androy,-25.1667,46.0833,faible,1065878,0,0,0,0,0,0,0,0,0.0,0.0,0.0
2021-06-14,2021,6,2021-W24,Androy,-25.1667,46.0833,faible,1065878,0,0,0,0,0,0,0,0,0.0,0.0,0.0
2021-06-21,2021,6,2021-W25,Androy,-25.1667,46.0833,faible,1065878,0,0,0,0,0,0,0,0,0.0,0.0,0.0
2021-06-28,2021,6,2021-W26,Androy,-25.1667,46.0833,faible,1065878,0,0,0,0,0,0,0,0,0.0,0.0,0.0
2021-07-05,2021,7,2021-W27,Androy,-25.1667,46.0833,faible,1065878,0,0,0,0,0,0,0,0,0.0,0.0,0.0
2021-07-12,2021,7,2021-W28,Androy,-25.1667,46.0833,faible,1065878,0,0,0,0,0,0,0,0,0.0,0.0,0.0
2021-07-19,2021,7,2021-W29,Androy,-25.1667,46.0833,faible,1065878,0,0,0,0,0,0,0,0,0.0,0.0,0.0
2021-07-26,2021,7,2021-W30,Androy,-25.1667,46.0833,faible,1065878,0,0,0,0,0,0,0,0,0.0,0.0,0.0
2021-08-02,2021,8,2021-W31,Androy,-25.1667,46.0833,faible,1065878,0,0,0,0,0,0,0,0,0.0,0.0,0.0
2021-08-09,2021,8,2021-W32,Androy,-25.1667,46.0833,faible,1065878,0,0,0,0,0,0,0,0,0.0,0.0,0.0
2021-08-16,2021,8,2021-W33,Androy,-25.1667,46.0833,faible,1065878,0,0,0,0,0,0,0,0,0.0,0.0,0.0
2021-08-23,2021,8,2021-W34,Androy,-25.1667,46.0833,faible,1065878,0,0,0,0,0,0,0,0,0.0,0.0,0.0
2021-08-30,2021,8,2021-W35,Androy,-25.1667,46.0833,faible,1065878,0,0,0,0,0,0,0,0,0.0,0.0,0.0
2021-09-06,2021,9,2021-W36,Androy,-25.1667,46.0833,faible,1065878,0,0,0,0,0,0,0,0,0.0,0.0,0.0
2021-09-13,2021,9,2021-W37,Androy,-25.1667,46.0833,faible,1065878,0,0,0,0,0,0,0,0,0.0,0.0,0.0
2021-09-20,2021,9,2021-W38,Androy,-25.1667,46.0833,faible,1065878,0,0,0,0,0,0,0,0,0.0,0.0,0.0
2021-09-27,2021,9,2021-W39,Androy,-25.1667,46.0833,faible,1065878,0,0,0,0,0,0,0,0,0.0,0.0,0.0
2021-10-04,2021,10,2021-W40,Androy,-25.1667,46.0833,faible,1065878,0,0,0,0,0,0,0,0,0.0,0.0,0.0
2021-10-11,2021,10,2021-W41,Androy,-25.1667,46.0833,faible,1065878,0,0,0,0,0,0,0,0,0.0,0.0,0.0
2021-10-18,2021,10,2021-W42,Androy,-25.1667,46.0833,faible,1065878,0,0,0,0,0,0,0,0,0.0,0.0,0.0
2021-10-25,2021,10,2021-W43,Androy,-25.1667,46.0833,faible,1065878,0,0,0,0,0,0,0,0,0.0,0.0,0.0
2021-11-01,2021,11,2021-W44,Androy,-25.1667,46.0833,faible,1065878,0,0,0,0,0,0,0,0,0.0,0.0,0.0
2021-11-08,2021,11,2021-W45,Androy,-25.1667,46.0833,faible,1065878,0,0,0,0,0,0,0,0,0.0,0.0,0.0
2021-11-15,2021,11,2021-W46,Androy,-25.1667,46.0833,faible,1065878,0,0,0,0,0,0,0,0,0.0,0.0,0.0
2021-11-22,2021,11,2021-W47,Androy,-25.1667,46.0833,faible,1065878,0,0,0,0,0,0,0,0,0.0,0.0,0.0
2021-11-29,2021,11,2021-W48,Androy,-25.1667,46.0833,faible,1065878,0,0,0,0,0,0,0,0,0.0,0.0,0.0
2021-12-06,2021,12,2021-W49,Androy,-25.1667,46.0833,faible,1065878,0,0,0,0,0,0,0,0,0.0,0.0,0.0
2021-12-13,2021,12,2021-W50,Androy,-25.1667,46.0833,faible,1065878,0,0,0,0,0,0,0,0,0.0,0.0,0.0
2021-12-20,2021,12,2021-W51,Androy,-25.1667,46.0833,faible,1065878,0,0,0,0,0,0,0,0,0.0,0.0,0.0
2021-12-27,2021,12,2021-W52,Androy,-25.1667,46.0833,faible,1065878,0,0,0,0,0,0,0,0,0.0,0.0,0.0
2022-01-03,2022,1,2022-W01,Androy,-25.1667,46.0833,faible,1065878,0,0,0,0,0,0,0,0,0.0,0.0,0.0
2022-01-10,2022,1,2022-W02,Androy,-25.1667,46.0833,faible,1065878,0,0,0,0,0,0,0,0,0.0,0.0,0.0
2022-01-17,2022,1,2022-W03,Androy,-25.1667,46.0833,faible,1065878,0,0,0,0,0,0,0,0,0.0,0.0,0.0
2022-01-24,2022,1,2022-W04,Androy,-25.1667,46.0833,faible,1065878,0,0,0,0,0,0,0,0,0.0,0.0,0.0
2022-01-31,2022,1,2022-W05,Androy,-25.1667,46.0833,faible,1065878,0,0,0,0,0,0,0,0,0.0,0.0,0.0
2022-02-07,2022,2,2022-W06,Androy,-25.1667,46.0833,faible,1065878,0,0,0,0,0,0,0,0,0.0,0.0,0.0
2022-02-14,2022,2,2022-W07,Androy,-25.1667,46.0833,faible,1065878,0,0,0,0,0,0,0,0,0.0,0.0,0.0
2022-02-21,2022,2,2022-W08,Androy,-25.1667,46.0833,faible,1065878,0,0,0,0,0,0,0,0,0.0,0.0,0.0
2022-02-28,2022,2,2022-W09,Androy,-25.1667,46.0833,faible,1065878,0,0,0,0,0,0,0,0,0.0,0.0,0.0
2022-03-07,2022,3,2022-W10,Androy,-25.1667,46.0833,faible,1065878,0,0,0,0,0,0,0,0,0.0,0.0,0.0
2022-03-14,2022,3,2022-W11,Androy,-25.1667,46.0833,faible,1065878,0,0,0,0,0,0,0,0,0.0,0.0,0.0
2022-03-21,2022,3,2022-W12,Androy,-25.1667,46.0833,faible,1065878,0,0,0,0,0,0,0,0,0.0,0.0,0.0
2022-03-28,2022,3,2022-W13,Androy,-25.1667,46.0833,faible,1065878,0,0,0,0,0,0,0,0,0.0,0.0,0.0
2022-04-04,2022,4,2022-W14,Androy,-25.1667,46.0833,faible,1065878,0,0,0,0,0,0,0,0,0.0,0.0,0.0
2022-04-11,2022,4,2022-W15,Androy,-25.1667,46.0833,faible,1065878,0,0,0,0,0,0,0,0,0.0,0.0,0.0
2022-04-18,2022,4,2022-W16,Androy,-25.1667,46.0833,faible,1065878,0,0,0,0,0,0,0,0,0.0,0.0,0.0
2022-04-25,2022,4,2022-W17,Androy,-25.1667,46.0833,faible,1065878,0,0,0,0,0,0,0,0,0.0,0.0,0.0
2022-05-02,2022,5,2022-W18,Androy,-25.1667,46.0833,faible,1065878,0,0,0,0,0,0,0,0,0.0,0.0,0.0
2022-05-09,2022,5,2022-W19,Androy,-25.1667,46.0833,faible,1065878,0,0,0,0,0,0,0,0,0.0,0.0,0.0
2022-05-16,2022,5,2022-W20,Androy,-25.1667,46.0833,faible,1065878,0,0,0,0,0,0,0,0,0.0,0.0,0.0
2022-05-23,2022,5,2022-W21,Androy,-25.1667,46.0833,faible,1065878,0,0,0,0,0,0,0,0,0.0,0.0,0.0
2022-05-30,2022,5,2022-W22,Androy,-25.1667,46.0833,faible,1065878,0,0,0,0,0,0,0,0,0.0,0.0,0.0
2022-06-06,2022,6,2022-W23,Androy,-25.1667,46.0833,faible,1065878,0,0,0,0,0,0,0,0,0.0,0.0,0.0
2022-06-13,2022,6,2022-W24,Androy,-25.1667,46.0833,faible,1065878,0,0,0,0,0,0,0,0,0.0,0.0,0.0
2022-06-20,2022,6,2022-W25,Androy,-25.1667,46.0833,faible,1065878,0,0,0,0,0,0,0,0,0.0,0.0,0.0
2022-06-27,2022,6,2022-W26,Androy,-25.1667,46.0833,faible,1065878,0,0,0,0,0,0,0,0,0.0,0.0,0.0
2022-07-04,2022,7,2022-W27,Androy,-25.1667,46.0833,faible,1065878,0,0,0,0,0,0,0,0,0.0,0.0,0.0
2022-07-11,2022,7,2022-W28,Androy,-25.1667,46.0833,faible,1065878,0,0,0,0,0,0,0,0,0.0,0.0,0.0
2022-07-18,2022,7,2022-W29,Androy,-25.1667,46.0833,faible,1065878,0,0,0,0,0,0,0,0,0.0,0.0,0.0
2022-07-25,2022,7,2022-W30,Androy,-25.1667,46.0833,faible,1065878,0,0,0,0,0,0,0,0,0.0,0.0,0.0
2022-08-01,2022,8,2022-W31,Androy,-25.1667,46.0833,faible,1065878,0,0,0,0,0,0,0,0,0.0,0.0,0.0
2022-08-08,2022,8,2022-W32,Androy,-25.1667,46.0833,faible,1065878,0,0,0,0,0,0,0,0,0.0,0.0,0.0
2022-08-15,2022,8,2022-W33,Androy,-25.1667,46.0833,faible,1065878,0,0,0,0,0,0,0,0,0.0,0.0,0.0
2022-08-22,2022,8,2022-W34,Androy,-25.1667,46.0833,faible,1065878,0,0,0,0,0,0,0,0,0.0,0.0,0.0
2022-08-29,2022,8,2022-W35,Androy,-25.1667,46.0833,faible,1065878,0,0,0,0,0,0,0,0,0.0,0.0,0.0
2022-09-05,2022,9,2022-W36,Androy,-25.1667,46.0833,faible,1065878,0,0,0,0,0,0,0,0,0.0,0.0,0.0
2022-09-12,2022,9,2022-W37,Androy,-25.1667,46.0833,faible,1065878,0,0,0,0,0,0,0,0,0.0,0.0,0.0
2022-09-19,2022,9,2022-W38,Androy,-25.1667,46.0833,faible,1065878,0,0,0,0,0,0,0,0,0.0,0.0,0.0
2022-09-26,2022,9,2022-W39,Androy,-25.1667,46.0833,faible,1065878,0,0,0,0,0,0,0,0,0.0,0.0,0.0
2022-10-03,2022,10,2022-W40,Androy,-25.1667,46.0833,faible,1065878,0,0,0,0,0,0,0,0,0.0,0.0,0.0
2022-10-10,2022,10,2022-W41,Androy,-25.1667,46.0833,faible,1065878,0,0,0,0,0,0,0,0,0.0,0.0,0.0
2022-10-17,2022,10,2022-W42,Androy,-25.1667,46.0833,faible,1065878,0,0,0,0,0,0,0,0,0.0,0.0,0.0
2022-10-24,2022,10,2022-W43,Androy,-25.1667,46.0833,faible,1065878,0,0,0,0,0,0,0,0,0.0,0.0,0.0
2022-10-31,2022,10,2022-W44,Androy,-25.1667,46.0833,faible,1065878,0,0,0,0,0,0,0,0,0.0,0.0,0.0
2022-11-07,2022,11,2022-W45,Androy,-25.1667,46.0833,faible,1065878,0,0,0,0,0,0,0,0,0.0,0.0,0.0
2022-11-14,2022,11,2022-W46,Androy,-25.1667,46.0833,faible,1065878,0,0,0,0,0,0,0,0,0.0,0.0,0.0
2022-11-21,2022,11,2022-W47,Androy,-25.1667,46.0833,faible,1065878,0,0,0,0,0,0,0,0,0.0,0.0,0.0
2022-11-28,2022,11,2022-W48,Androy,-25.1667,46.0833,faible,1065878,0,0,0,0,0,0,0,0,0.0,0.0,0.0
2022-12-05,2022,12,2022-W49,Androy,-25.1667,46.0833,faible,1065878,0,0,0,0,0,0,0,0,0.0,0.0,0.0
2022-12-12,2022,12,2022-W50,Androy,-25.1667,46.0833,faible,1065878,0,0,0,0,0,0,0,0,0.0,0.0,0.0
2022-12-19,2022,12,2022-W51,Androy,-25.1667,46.0833,faible,1065878,0,0,0,0,0,0,0,0,0.0,0.0,0.0
2022-12-26,2022,12,2022-W52,Androy,-25.1667,46.0833,faible,1065878,0,0,0,0,0,0,0,0,0.0,0.0,0.0
2023-01-02,2023,1,2023-W01,Androy,-25.1667,46.0833,faible,1065878,0,0,0,0,0,0,0,0,0.0,0.0,0.0
2023-01-09,2023,1,2023-W02,Androy,-25.1667,46.0833,faible,1065878,0,0,0,0,0,0,0,0,0.0,0.0,0.0
2023-01-16,2023,1,2023-W03,Androy,-25.1667,46.0833,faible,1065878,0,0,0,0,0,0,0,0,0.0,0.0,0.0
2023-01-23,2023,1,2023-W04,Androy,-25.1667,46.0833,faible,1065878,0,0,0,0,0,0,0,0,0.0,0.0,0.0
2023-01-30,2023,1,2023-W05,Androy,-25.1667,46.0833,faible,1065878,0,0,0,0,0,0,0,0,0.0,0.0,0.0
2023-02-06,2023,2,2023-W06,Androy,-25.1667,46.0833,faible,1065878,0,0,0,0,0,0,0,0,0.0,0.0,0.0
2023-02-13,2023,2,2023-W07,Androy,-25.1667,46.0833,faible,1065878,0,0,0,0,0,0,0,0,0.0,0.0,0.0
2023-02-20,2023,2,2023-W08,Androy,-25.1667,46.0833,faible,1065878,0,0,0,0,0,0,0,0,0.0,0.0,0.0
2023-02-27,2023,2,2023-W09,Androy,-25.1667,46.0833,faible,1065878,0,0,0,0,0,0,0,0,0.0,0.0,0.0
2023-03-06,2023,3,2023-W10,Androy,-25.1667,46.0833,faible,1065878,0,0,0,0,0,0,0,0,0.0,0.0,0.0
2023-03-13,2023,3,2023-W11,Androy,-25.1667,46.0833,faible,1065878,0,0,0,0,0,0,0,0,0.0,0.0,0.0
2023-03-20,2023,3,2023-W12,Androy,-25.1667,46.0833,faible,1065878,0,0,0,0,0,0,0,0,0.0,0.0,0.0
2023-03-27,2023,3,2023-W13,Androy,-25.1667,46.0833,faible,1065878,0,0,0,0,0,0,0,0,0.0,0.0,0.0
2023-04-03,2023,4,2023-W14,Androy,-25.1667,46.0833,faible,1065878,0,0,0,0,0,0,0,0,0.0,0.0,0.0
2023-04-10,2023,4,2023-W15,Androy,-25.1667,46.0833,faible,1065878,0,0,0,0,0,0,0,0,0.0,0.0,0.0
2023-04-17,2023,4,2023-W16,Androy,-25.1667,46.0833,faible,1065878,0,0,0,0,0,0,0,0,0.0,0.0,0.0
2023-04-24,2023,4,2023-W17,Androy,-25.1667,46.0833,faible,1065878,0,0,0,0,0,0,0,0,0.0,0.0,0.0
2023-05-01,2023,5,2023-W18,Androy,-25.1667,46.0833,faible,1065878,0,0,0,0,0,0,0,0,0.0,0.0,0.0
2023-05-08,2023,5,2023-W19,Androy,-25.1667,46.0833,faible,1065878,0,0,0,0,0,0,0,0,0.0,0.0,0.0
2023-05-15,2023,5,2023-W20,Androy,-25.1667,46.0833,faible,1065878,0,0,0,0,0,0,0,0,0.0,0.0,0.0
2023-05-22,2023,5,2023-W21,Androy,-25.1667,46.0833,faible,1065878,0,0,0,0,0,0,0,0,0.0,0.0,0.0
2023-05-29,2023,5,2023-W22,Androy,-25.1667,46.0833,faible,1065878,0,0,0,0,0,0,0,0,0.0,0.0,0.0
2023-06-05,2023,6,2023-W23,Androy,-25.1667,46.0833,faible,1065878,0,0,0,0,0,0,0,0,0.0,0.0,0.0
2023-06-12,2023,6,2023-W24,Androy,-25.1667,46.0833,faible,1065878,0,0,0,0,0,0,0,0,0.0,0.0,0.0
2023-06-19,2023,6,2023-W25,Androy,-25.1667,46.0833,faible,1065878,0,0,0,0,0,0,0,0,0.0,0.0,0.0
2023-06-26,2023,6,2023-W26,Androy,-25.1667,46.0833,faible,1065878,0,0,0,0,0,0,0,0,0.0,0.0,0.0
2023-07-03,2023,7,2023-W27,Androy,-25.1667,46.0833,faible,1065878,0,0,0,0,0,0,0,0,0.0,0.0,0.0
2023-07-10,2023,7,2023-W28,Androy,-25.1667,46.0833,faible,1065878,0,0,0,0,0,0,0,0,0.0,0.0,0.0
2023-07-17,2023,7,2023-W29,Androy,-25.1667,46.0833,faible,1065878,0,0,0,0,0,0,0,0,0.0,0.0,0.0
2023-07-24,2023,7,2023-W30,Androy,-25.1667,46.0833,faible,1065878,0,0,0,0,0,0,0,0,0.0,0.0,0.0
2023-07-31,2023,7,2023-W31,Androy,-25.1667,46.0833,faible,1065878,0,0,0,0,0,0,0,0,0.0,0.0,0.0
2023-08-07,2023,8,2023-W32,Androy,-25.1667,46.0833,faible,1065878,0,0,0,0,0,0,0,0,0.0,0.0,0.0
2023-08-14,2023,8,2023-W33,Androy,-25.1667,46.0833,faible,1065878,0,0,0,0,0,0,0,0,0.0,0.0,0.0
2023-08-21,2023,8,2023-W34,Androy,-25.1667,46.0833,faible,1065878,0,0,0,0,0,0,0,0,0.0,0.0,0.0
2023-08-28,2023,8,2023-W35,Androy,-25.1667,46.0833,faible,1065878,0,0,0,0,0,0,0,0,0.0,0.0,0.0
2023-09-04,2023,9,2023-W36,Androy,-25.1667,46.0833,faible,1065878,0,0,0,0,0,0,0,0,0.0,0.0,0.0
2023-09-11,2023,9,2023-W37,Androy,-25.1667,46.0833,faible,1065878,0,0,0,0,0,0,0,0,0.0,0.0,0.0
2023-09-18,2023,9,2023-W38,Androy,-25.1667,46.0833,faible,1065878,0,0,0,0,0,0,0,0,0.0,0.0,0.0
2023-09-25,2023,9,2023-W39,Androy,-25.1667,46.0833,faible,1065878,0,0,0,0,0,0,0,0,0.0,0.0,0.0
2023-10-02,2023,10,2023-W40,Androy,-25.1667,46.0833,faible,1065878,0,0,0,0,0,0,0,0,0.0,0.0,0.0
2023-10-09,2023,10,2023-W41,Androy,-25.1667,46.0833,faible,1065878,0,0,0,0,0,0,0,0,0.0,0.0,0.0
2023-10-16,2023,10,2023-W42,Androy,-25.1667,46.0833,faible,1065878,0,0,0,0,0,0,0,0,0.0,0.0,0.0
2023-10-23,2023,10,2023-W43,Androy,-25.1667,46.0833,faible,1065878,0,0,0,0,0,0,0,0,0.0,0.0,0.0
2023-10-30,2023,10,2023-W44,Androy,-25.1667,46.0833,faible,1065878,0,0,0,0,0,0,0,0,0.0,0.0,0.0
2023-11-06,2023,11,2023-W45,Androy,-25.1667,46.0833,faible,1065878,0,0,0,0,0,0,0,0,0.0,0.0,0.0
2023-11-13,2023,11,2023-W46,Androy,-25.1667,46.0833,faible,1065878,0,0,0,0,0,0,0,0,0.0,0.0,0.0
2023-11-20,2023,11,2023-W47,Androy,-25.1667,46.0833,faible,1065878,0,0,0,0,0,0,0,0,0.0,0.0,0.0
2023-11-27,2023,11,2023-W48,Androy,-25.1667,46.0833,faible,1065878,0,0,0,0,0,0,0,0,0.0,0.0,0.0
2023-12-04,2023,12,2023-W49,Androy,-25.1667,46.0833,faible,1065878,0,0,0,0,0,0,0,0,0.0,0.0,0.0
2023-12-11,2023,12,2023-W50,Androy,-25.1667,46.0833,faible,1065878,0,0,0,0,0,0,0,0,0.0,0.0,0.0
2023-12-18,2023,12,2023-W51,Androy,-25.1667,46.0833,faible,1065878,0,0,0,0,0,0,0,0,0.0,0.0,0.0
2023-12-25,2023,12,2023-W52,Androy,-25.1667,46.0833,faible,1065878,0,0,0,0,0,0,0,0,0.0,0.0,0.0
2024-01-01,2024,1,2024-W01,Androy,-25.1667,46.0833,faible,1065878,0,0,0,0,0,0,0,0,0.0,0.0,0.0
2024-01-08,2024,1,2024-W02,Androy,-25.1667,46.0833,faible,1065878,0,0,0,0,0,0,0,0,0.0,0.0,0.0
2024-01-15,2024,1,2024-W03,Androy,-25.1667,46.0833,faible,1065878,0,0,0,0,0,0,0,0,0.0,0.0,0.0
2024-01-22,2024,1,2024-W04,Androy,-25.1667,46.0833,faible,1065878,0,0,0,0,0,0,0,0,0.0,0.0,0.0
2024-01-29,2024,1,2024-W05,Androy,-25.1667,46.0833,faible,1065878,0,0,0,0,0,0,0,0,0.0,0.0,0.0
2024-02-05,2024,2,2024-W06,Androy,-25.1667,46.0833,faible,1065878,0,0,0,0,0,0,0,0,0.0,0.0,0.0
2024-02-12,2024,2,2024-W07,Androy,-25.1667,46.0833,faible,1065878,0,0,0,0,0,0,0,0,0.0,0.0,0.0
2024-02-19,2024,2,2024-W08,Androy,-25.1667,46.0833,faible,1065878,0,0,0,0,0,0,0,0,0.0,0.0,0.0
2024-02-26,2024,2,2024-W09,Androy,-25.1667,46.0833,faible,1065878,0,0,0,0,0,0,0,0,0.0,0.0,0.0
2024-03-04,2024,3,2024-W10,Androy,-25.1667,46.0833,faible,1065878,0,0,0,0,0,0,0,0,0.0,0.0,0.0
2024-03-11,2024,3,2024-W11,Androy,-25.1667,46.0833,faible,1065878,0,0,0,0,0,0,0,0,0.0,0.0,0.0
2024-03-18,2024,3,2024-W12,Androy,-25.1667,46.0833,faible,1065878,0,0,0,0,0,0,0,0,0.0,0.0,0.0
2024-03-25,2024,3,2024-W13,Androy,-25.1667,46.0833,faible,1065878,0,0,0,0,0,0,0,0,0.0,0.0,0.0
2024-04-01,2024,4,2024-W14,Androy,-25.1667,46.0833,faible,1065878,0,0,0,0,0,0,0,0,0.0,0.0,0.0
2024-04-08,2024,4,2024-W15,Androy,-25.1667,46.0833,faible,1065878,0,0,0,0,0,0,0,0,0.0,0.0,0.0
2024-04-15,2024,4,2024-W16,Androy,-25.1667,46.0833,faible,1065878,0,0,0,0,0,0,0,0,0.0,0.0,0.0
2024-04-22,2024,4,2024-W17,Androy,-25.1667,46.0833,faible,1065878,0,0,0,0,0,0,0,0,0.0,0.0,0.0
2024-04-29,2024,4,2024-W18,Androy,-25.1667,46.0833,faible,1065878,0,0,0,0,0,0,0,0,0.0,0.0,0.0
2024-05-06,2024,5,2024-W19,Androy,-25.1667,46.0833,faible,1065878,0,0,0,0,0,0,0,0,0.0,0.0,0.0
2024-05-13,2024,5,2024-W20,Androy,-25.1667,46.0833,faible,1065878,0,0,0,0,0,0,0,0,0.0,0.0,0.0
2024-05-20,2024,5,2024-W21,Androy,-25.1667,46.0833,faible,1065878,0,0,0,0,0,0,0,0,0.0,0.0,0.0
2024-05-27,2024,5,2024-W22,Androy,-25.1667,46.0833,faible,1065878,0,0,0,0,0,0,0,0,0.0,0.0,0.0
2024-06-03,2024,6,2024-W23,Androy,-25.1667,46.0833,faible,1065878,0,0,0,0,0,0,0,0,0.0,0.0,0.0
2024-06-10,2024,6,2024-W24,Androy,-25.1667,46.0833,faible,1065878,0,0,0,0,0,0,0,0,0.0,0.0,0.0
2024-06-17,2024,6,2024-W25,Androy,-25.1667,46.0833,faible,1065878,0,0,0,0,0,0,0,0,0.0,0.0,0.0
2024-06-24,2024,6,2024-W26,Androy,-25.1667,46.0833,faible,1065878,0,0,0,0,0,0,0,0,0.0,0.0,0.0
2024-07-01,2024,7,2024-W27,Androy,-25.1667,46.0833,faible,1065878,0,0,0,0,0,0,0,0,0.0,0.0,0.0
2024-07-08,2024,7,2024-W28,Androy,-25.1667,46.0833,faible,1065878,0,0,0,0,0,0,0,0,0.0,0.0,0.0
2024-07-15,2024,7,2024-W29,Androy,-25.1667,46.0833,faible,1065878,0,0,0,0,0,0,0,0,0.0,0.0,0.0
2024-07-22,2024,7,2024-W30,Androy,-25.1667,46.0833,faible,1065878,0,0,0,0,0,0,0,0,0.0,0.0,0.0
2024-07-29,2024,7,2024-W31,Androy,-25.1667,46.0833,faible,1065878,0,0,0,0,0,0,0,0,0.0,0.0,0.0
2024-08-05,2024,8,2024-W32,Androy,-25.1667,46.0833,faible,1065878,0,0,0,0,0,0,0,0,0.0,0.0,0.0
2024-08-12,2024,8,2024-W33,Androy,-25.1667,46.0833,faible,1065878,0,0,0,0,0,0,0,0,0.0,0.0,0.0
2024-08-19,2024,8,2024-W34,Androy,-25.1667,46.0833,faible,1065878,0,0,0,0,0,0,0,0,0.0,0.0,0.0
2024-08-26,2024,8,2024-W35,Androy,-25.1667,46.0833,faible,1065878,0,0,0,0,0,0,0,0,0.0,0.0,0.0
2024-09-02,2024,9,2024-W36,Androy,-25.1667,46.0833,faible,1065878,0,0,0,0,0,0,0,0,0.0,0.0,0.0
2024-09-09,2024,9,2024-W37,Androy,-25.1667,46.0833,faible,1065878,0,0,0,0,0,0,0,0,0.0,0.0,0.0
2024-09-16,2024,9,2024-W38,Androy,-25.1667,46.0833,faible,1065878,0,0,0,0,0,0,0,0,0.0,0.0,0.0
2024-09-23,2024,9,2024-W39,Androy,-25.1667,46.0833,faible,1065878,0,0,0,0,0,0,0,0,0.0,0.0,0.0
2024-09-30,2024,9,2024-W40,Androy,-25.1667,46.0833,faible,1065878,0,0,0,0,0,0,0,0,0.0,0.0,0.0
2024-10-07,2024,10,2024-W41,Androy,-25.1667,46.0833,faible,1065878,0,0,0,0,0,0,0,0,0.0,0.0,0.0
2024-10-14,2024,10,2024-W42,Androy,-25.1667,46.0833,faible,1065878,0,0,0,0,0,0,0,0,0.0,0.0,0.0
2024-10-21,2024,10,2024-W43,Androy,-25.1667,46.0833,faible,1065878,0,0,0,0,0,0,0,0,0.0,0.0,0.0
2024-10-28,2024,10,2024-W44,Androy,-25.1667,46.0833,faible,1065878,0,0,0,0,0,0,0,0,0.0,0.0,0.0
2024-11-04,2024,11,2024-W45,Androy,-25.1667,46.0833,faible,1065878,0,0,0,0,0,0,0,0,0.0,0.0,0.0
2024-11-11,2024,11,2024-W46,Androy,-25.1667,46.0833,faible,1065878,0,0,0,0,0,0,0,0,0.0,0.0,0.0
2024-11-18,2024,11,2024-W47,Androy,-25.1667,46.0833,faible,1065878,0,0,0,0,0,0,0,0,0.0,0.0,0.0
2024-11-25,2024,11,2024-W48,Androy,-25.1667,46.0833,faible,1065878,0,0,0,0,0,0,0,0,0.0,0.0,0.0
2024-12-02,2024,12,2024-W49,Androy,-25.1667,46.0833,faible,1065878,0,0,0,0,0,0,0,0,0.0,0.0,0.0
2024-12-09,2024,12,2024-W50,Androy,-25.1667,46.0833,faible,1065878,0,0,0,0,0,0,0,0,0.0,0.0,0.0
2024-12-16,2024,12,2024-W51,Androy,-25.1667,46.0833,faible,1065878,0,0,0,0,0,0,0,0,0.0,0.0,0.0
2024-12-23,2024,12,2024-W52,Androy,-25.1667,46.0833,faible,1065878,0,0,0,0,0,0,0,0,0.0,0.0,0.0
2024-12-30,2024,12,2025-W01,Androy,-25.1667,46.0833,faible,1065878,0,0,0,0,0,0,0,0,0.0,0.0,0.0
2025-01-06,2025,1,2025-W02,Androy,-25.1667,46.0833,faible,1065878,0,0,0,0,0,0,0,0,0.0,0.0,0.0
2025-01-13,2025,1,2025-W03,Androy,-25.1667,46.0833,faible,1065878,0,0,0,0,0,0,0,0,0.0,0.0,0.0
2025-01-20,2025,1,2025-W04,Androy,-25.1667,46.0833,faible,1065878,0,0,0,0,0,0,0,0,0.0,0.0,0.0
2025-01-27,2025,1,2025-W05,Androy,-25.1667,46.0833,faible,1065878,0,0,0,0,0,0,0,0,0.0,0.0,0.0
2025-02-03,2025,2,2025-W06,Androy,-25.1667,46.0833,faible,1065878,0,0,0,0,0,0,0,0,0.0,0.0,0.0
2025-02-10,2025,2,2025-W07,Androy,-25.1667,46.0833,faible,1065878,0,0,0,0,0,0,0,0,0.0,0.0,0.0
2025-02-17,2025,2,2025-W08,Androy,-25.1667,46.0833,faible,1065878,0,0,0,0,0,0,0,0,0.0,0.0,0.0
2025-02-24,2025,2,2025-W09,Androy,-25.1667,46.0833,faible,1065878,0,0,0,0,0,0,0,0,0.0,0.0,0.0
2025-03-03,2025,3,2025-W10,Androy,-25.1667,46.0833,faible,1065878,0,0,0,0,0,0,0,0,0.0,0.0,0.0
2025-03-10,2025,3,2025-W11,Androy,-25.1667,46.0833,faible,1065878,0,0,0,0,0,0,0,0,0.0,0.0,0.0
2025-03-17,2025,3,2025-W12,Androy,-25.1667,46.0833,faible,1065878,0,0,0,0,0,0,0,0,0.0,0.0,0.0
2025-03-24,2025,3,2025-W13,Androy,-25.1667,46.0833,faible,1065878,0,0,0,0,0,0,0,0,0.0,0.0,0.0
2025-03-31,2025,3,2025-W14,Androy,-25.1667,46.0833,faible,1065878,0,0,0,0,0,0,0,0,0.0,0.0,0.0
2025-04-07,2025,4,2025-W15,Androy,-25.1667,46.0833,faible,1065878,0,0,0,0,0,0,0,0,0.0,0.0,0.0
2025-04-14,2025,4,2025-W16,Androy,-25.1667,46.0833,faible,1065878,0,0,0,0,0,0,0,0,0.0,0.0,0.0
2025-04-21,2025,4,2025-W17,Androy,-25.1667,46.0833,faible,1065878,0,0,0,0,0,0,0,0,0.0,0.0,0.0
2025-04-28,2025,4,2025-W18,Androy,-25.1667,46.0833,faible,1065878,0,0,0,0,0,0,0,0,0.0,0.0,0.0
2025-05-05,2025,5,2025-W19,Androy,-25.1667,46.0833,faible,1065878,0,0,0,0,0,0,0,0,0.0,0.0,0.0
2025-05-12,2025,5,2025-W20,Androy,-25.1667,46.0833,faible,1065878,0,0,0,0,0,0,0,0,0.0,0.0,0.0
2025-05-19,2025,5,2025-W21,Androy,-25.1667,46.0833,faible,1065878,0,0,0,0,0,0,0,0,0.0,0.0,0.0
2025-05-26,2025,5,2025-W22,Androy,-25.1667,46.0833,faible,1065878,0,0,0,0,0,0,0,0,0.0,0.0,0.0
2025-06-02,2025,6,2025-W23,Androy,-25.1667,46.0833,faible,1065878,0,0,0,0,0,0,0,0,0.0,0.0,0.0
2025-06-09,2025,6,2025-W24,Androy,-25.1667,46.0833,faible,1065878,0,0,0,0,0,0,0,0,0.0,0.0,0.0
2025-06-16,2025,6,2025-W25,Androy,-25.1667,46.0833,faible,1065878,0,0,0,0,0,0,0,0,0.0,0.0,0.0
2025-06-23,2025,6,2025-W26,Androy,-25.1667,46.0833,faible,1065878,0,0,0,0,0,0,0,0,0.0,0.0,0.0
2025-06-30,2025,6,2025-W27,Androy,-25.1667,46.0833,faible,1065878,0,0,0,0,0,0,0,0,0.0,0.0,0.0
2025-07-07,2025,7,2025-W28,Androy,-25.1667,46.0833,faible,1065878,0,0,0,0,0,0,0,0,0.0,0.0,0.0
2025-07-14,2025,7,2025-W29,Androy,-25.1667,46.0833,faible,1065878,0,0,0,0,0,0,0,0,0.0,0.0,0.0
2025-07-21,2025,7,2025-W30,Androy,-25.1667,46.0833,faible,1065878,0,0,0,0,0,0,0,0,0.0,0.0,0.0
2025-07-28,2025,7,2025-W31,Androy,-25.1667,46.0833,faible,1065878,0,0,0,0,0,0,0,0,0.0,0.0,0.0
2025-08-04,2025,8,2025-W32,Androy,-25.1667,46.0833,faible,1065878,0,0,0,0,0,0,0,0,0.0,0.0,0.0
2025-08-11,2025,8,2025-W33,Androy,-25.1667,46.0833,faible,1065878,0,0,0,0,0,0,0,0,0.0,0.0,0.0
2025-08-18,2025,8,2025-W34,Androy,-25.1667,46.0833,faible,1065878,0,0,0,0,0,0,0,0,0.0,0.0,0.0
2025-08-25,2025,8,2025-W35,Androy,-25.1667,46.0833,faible,1065878,0,0,0,0,0,0,0,0,0.0,0.0,0.0
2025-09-01,2025,9,2025-W36,Androy,-25.1667,46.0833,faible,1065878,0,0,0,0,0,0,0,0,0.0,0.0,0.0
2025-09-08,2025,9,2025-W37,Androy,-25.1667,46.0833,faible,1065878,0,0,0,0,0,0,0,0,0.0,0.0,0.0
2025-09-15,2025,9,2025-W38,Androy,-25.1667,46.0833,faible,1065878,0,0,0,0,0,0,0,0,0.0,0.0,0.0
2025-09-22,2025,9,2025-W39,Androy,-25.1667,46.0833,faible,1065878,0,0,0,0,0,0,0,0,0.0,0.0,0.0
2025-09-29,2025,9,2025-W40,Androy,-25.1667,46.0833,faible,1065878,0,0,0,0,0,0,0,0,0.0,0.0,0.0
2025-10-06,2025,10,2025-W41,Androy,-25.1667,46.0833,faible,1065878,0,0,0,0,0,0,0,0,0.0,0.0,0.0
2025-10-13,2025,10,2025-W42,Androy,-25.1667,46.0833,faible,1065878,0,0,0,0,0,0,0,0,0.0,0.0,0.0
2025-10-20,2025,10,2025-W43,Androy,-25.1667,46.0833,faible,1065878,0,0,0,0,0,0,0,0,0.0,0.0,0.0
2025-10-27,2025,10,2025-W44,Androy,-25.1667,46.0833,faible,1065878,0,0,0,0,0,0,0,0,0.0,0.0,0.0
2025-11-03,2025,11,2025-W45,Androy,-25.1667,46.0833,faible,1065878,0,0,0,0,0,0,0,0,0.0,0.0,0.0
2025-11-10,2025,11,2025-W46,Androy,-25.1667,46.0833,faible,1065878,0,0,0,0,0,0,0,0,0.0,0.0,0.0
2025-11-17,2025,11,2025-W47,Androy,-25.1667,46.0833,faible,1065878,0,0,0,0,0,0,0,0,0.0,0.0,0.0
2025-11-24,2025,11,2025-W48,Androy,-25.1667,46.0833,faible,1065878,0,0,0,0,0,0,0,0,0.0,0.0,0.0
2025-12-01,2025,12,2025-W49,Androy,-25.1667,46.0833,faible,1065878,0,0,0,0,0,0,0,0,0.0,0.0,0.0
2025-12-08,2025,12,2025-W50,Androy,-25.1667,46.0833,faible,1065878,0,0,0,0,0,0,0,0,0.0,0.0,0.0
2025-12-15,2025,12,2025-W51,Androy,-25.1667,46.0833,faible,1065878,0,0,0,0,0,0,0,0,0.0,0.0,0.0
2025-12-22,2025,12,2025-W52,Androy,-25.1667,46.0833,faible,1065878,0,0,0,0,0,0,0,0,0.0,0.0,0.0
2025-12-29,2025,12,2026-W01,Androy,-25.1667,46.0833,faible,1065878,0,0,0,0,0,0,0,0,0.0,0.0,0.0
2026-01-05,2026,1,2026-W02,Androy,-25.1667,46.0833,faible,1065878,0,0,0,0,0,0,0,0,0.0,0.0,0.0
2026-01-12,2026,1,2026-W03,Androy,-25.1667,46.0833,faible,1065878,0,0,0,0,0,0,0,0,0.0,0.0,0.0
2026-01-19,2026,1,2026-W04,Androy,-25.1667,46.0833,faible,1065878,0,0,0,0,0,0,0,0,0.0,0.0,0.0
2026-01-26,2026,1,2026-W05,Androy,-25.1667,46.0833,faible,1065878,0,0,0,0,0,0,0,0,0.0,0.0,0.0
2026-02-02,2026,2,2026-W06,Androy,-25.1667,46.0833,faible,1065878,0,0,0,0,0,0,0,0,0.0,0.0,0.0
2026-02-09,2026,2,2026-W07,Androy,-25.1667,46.0833,faible,1065878,0,0,0,0,0,0,0,0,0.0,0.0,0.0
2026-02-16,2026,2,2026-W08,Androy,-25.1667,46.0833,faible,1065878,0,0,0,0,0,0,0,0,0.0,0.0,0.0
2026-02-23,2026,2,2026-W09,Androy,-25.1667,46.0833,faible,1065878,0,0,0,0,0,0,0,0,0.0,0.0,0.0
2026-03-02,2026,3,2026-W10,Androy,-25.1667,46.0833,faible,1065878,0,0,0,0,0,0,0,0,0.0,0.0,0.0
2026-03-09,2026,3,2026-W11,Androy,-25.1667,46.0833,faible,1065878,0,0,0,0,0,0,0,0,0.0,0.0,0.0
2026-03-16,2026,3,2026-W12,Androy,-25.1667,46.0833,faible,1065878,0,0,0,0,0,0,0,0,0.0,0.0,0.0
2026-03-23,2026,3,2026-W13,Androy,-25.1667,46.0833,faible,1065878,0,0,0,0,0,0,0,0,0.0,0.0,0.0
2026-03-30,2026,3,2026-W14,Androy,-25.1667,46.0833,faible,1065878,0,0,0,0,0,0,0,0,0.0,0.0,0.0
2026-04-06,2026,4,2026-W15,Androy,-25.1667,46.0833,faible,1065878,0,0,0,0,0,0,0,0,0.0,0.0,0.0
2026-04-13,2026,4,2026-W16,Androy,-25.1667,46.0833,faible,1065878,0,0,0,0,0,0,0,0,0.0,0.0,0.0
2026-04-20,2026,4,2026-W17,Androy,-25.1667,46.0833,faible,1065878,0,0,0,0,0,0,0,0,0.0,0.0,0.0
2026-04-27,2026,4,2026-W18,Androy,-25.1667,46.0833,faible,1065878,0,0,0,0,0,0,0,0,0.0,0.0,0.0
2026-05-04,2026,5,2026-W19,Androy,-25.1667,46.0833,faible,1065878,0,0,0,0,0,0,0,0,0.0,0.0,0.0
2026-05-11,2026,5,2026-W20,Androy,-25.1667,46.0833,faible,1065878,0,0,0,0,0,0,0,0,0.0,0.0,0.0
2026-05-18,2026,5,2026-W21,Androy,-25.1667,46.0833,faible,1065878,0,0,0,0,0,0,0,0,0.0,0.0,0.0
2026-05-25,2026,5,2026-W22,Androy,-25.1667,46.0833,faible,1065878,0,0,0,0,0,0,0,0,0.0,0.0,0.0
2026-06-01,2026,6,2026-W23,Androy,-25.1667,46.0833,faible,1065878,0,0,0,0,0,0,0,0,0.0,0.0,0.0
2026-06-08,2026,6,2026-W24,Androy,-25.1667,46.0833,faible,1065878,0,0,0,0,0,0,0,0,0.0,0.0,0.0
2026-06-15,2026,6,2026-W25,Androy,-25.1667,46.0833,faible,1065878,0,0,0,0,0,0,0,0,0.0,0.0,0.0
2026-06-22,2026,6,2026-W26,Androy,-25.1667,46.0833,faible,1065878,0,0,0,0,0,0,0,0,0.0,0.0,0.0
2026-06-29,2026,6,2026-W27,Androy,-25.1667,46.0833,faible,1065878,0,0,0,0,0,0,0,0,0.0,0.0,0.0
2026-07-06,2026,7,2026-W28,Androy,-25.1667,46.0833,faible,1065878,0,0,0,0,0,0,0,0,0.0,0.0,0.0
2026-07-13,2026,7,2026-W29,Androy,-25.1667,46.0833,faible,1065878,0,0,0,0,0,0,0,0,0.0,0.0,0.0
2026-07-20,2026,7,2026-W30,Androy,-25.1667,46.0833,faible,1065878,0,0,0,0,0,0,0,0,0.0,0.0,0.0
2026-07-27,2026,7,2026-W31,Androy,-25.1667,46.0833,faible,1065878,0,0,0,0,0,0,0,0,0.0,0.0,0.0
2020-01-06,2020,1,2020-W02,Anosy,-25.0333,46.9833,faible,957916,0,0,0,0,0,0,0,0,0.0,0.0,0.0
2020-01-13,2020,1,2020-W03,Anosy,-25.0333,46.9833,faible,957916,0,0,0,0,0,0,0,0,0.0,0.0,0.0
2020-01-20,2020,1,2020-W04,Anosy,-25.0333,46.9833,faible,957916,0,0,0,0,0,0,0,0,0.0,0.0,0.0
2020-01-27,2020,1,2020-W05,Anosy,-25.0333,46.9833,faible,957916,0,0,0,0,0,0,0,0,0.0,0.0,0.0
2020-02-03,2020,2,2020-W06,Anosy,-25.0333,46.9833,faible,957916,0,0,0,0,0,0,0,0,0.0,0.0,0.0
2020-02-10,2020,2,2020-W07,Anosy,-25.0333,46.9833,faible,957916,0,0,0,0,0,0,0,0,0.0,0.0,0.0
2020-02-17,2020,2,2020-W08,Anosy,-25.0333,46.9833,faible,957916,0,0,0,0,0,0,0,0,0.0,0.0,0.0
2020-02-24,2020,2,2020-W09,Anosy,-25.0333,46.9833,faible,957916,0,0,0,0,0,0,0,0,0.0,0.0,0.0
2020-03-02,2020,3,2020-W10,Anosy,-25.0333,46.9833,faible,957916,0,0,0,0,0,0,0,0,0.0,0.0,0.0
2020-03-09,2020,3,2020-W11,Anosy,-25.0333,46.9833,faible,957916,0,0,0,0,0,0,0,0,0.0,0.0,0.0
2020-03-16,2020,3,2020-W12,Anosy,-25.0333,46.9833,faible,957916,0,0,0,0,0,0,0,0,0.0,0.0,0.0
2020-03-23,2020,3,2020-W13,Anosy,-25.0333,46.9833,faible,957916,0,0,0,0,0,0,0,0,0.0,0.0,0.0
2020-03-30,2020,3,2020-W14,Anosy,-25.0333,46.9833,faible,957916,0,0,0,0,0,0,0,0,0.0,0.0,0.0
2020-04-06,2020,4,2020-W15,Anosy,-25.0333,46.9833,faible,957916,0,0,0,0,0,0,0,0,0.0,0.0,0.0
2020-04-13,2020,4,2020-W16,Anosy,-25.0333,46.9833,faible,957916,0,0,0,0,0,0,0,0,0.0,0.0,0.0
2020-04-20,2020,4,2020-W17,Anosy,-25.0333,46.9833,faible,957916,0,0,0,0,0,0,0,0,0.0,0.0,0.0
2020-04-27,2020,4,2020-W18,Anosy,-25.0333,46.9833,faible,957916,0,0,0,0,0,0,0,0,0.0,0.0,0.0
2020-05-04,2020,5,2020-W19,Anosy,-25.0333,46.9833,faible,957916,0,0,0,0,0,0,0,0,0.0,0.0,0.0
2020-05-11,2020,5,2020-W20,Anosy,-25.0333,46.9833,faible,957916,0,0,0,0,0,0,0,0,0.0,0.0,0.0
2020-05-18,2020,5,2020-W21,Anosy,-25.0333,46.9833,faible,957916,0,0,0,0,0,0,0,0,0.0,0.0,0.0
2020-05-25,2020,5,2020-W22,Anosy,-25.0333,46.9833,faible,957916,0,0,0,0,0,0,0,0,0.0,0.0,0.0
2020-06-01,2020,6,2020-W23,Anosy,-25.0333,46.9833,faible,957916,0,0,0,0,0,0,0,0,0.0,0.0,0.0
2020-06-08,2020,6,2020-W24,Anosy,-25.0333,46.9833,faible,957916,0,0,0,0,0,0,0,0,0.0,0.0,0.0
2020-06-15,2020,6,2020-W25,Anosy,-25.0333,46.9833,faible,957916,0,0,0,0,0,0,0,0,0.0,0.0,0.0
2020-06-22,2020,6,2020-W26,Anosy,-25.0333,46.9833,faible,957916,0,0,0,0,0,0,0,0,0.0,0.0,0.0
2020-06-29,2020,6,2020-W27,Anosy,-25.0333,46.9833,faible,957916,0,0,0,0,0,0,0,0,0.0,0.0,0.0
2020-07-06,2020,7,2020-W28,Anosy,-25.0333,46.9833,faible,957916,0,0,0,0,0,0,0,0,0.0,0.0,0.0
2020-07-13,2020,7,2020-W29,Anosy,-25.0333,46.9833,faible,957916,0,0,0,0,0,0,0,0,0.0,0.0,0.0
2020-07-20,2020,7,2020-W30,Anosy,-25.0333,46.9833,faible,957916,0,0,0,0,0,0,0,0,0.0,0.0,0.0
2020-07-27,2020,7,2020-W31,Anosy,-25.0333,46.9833,faible,957916,0,0,0,0,0,0,0,0,0.0,0.0,0.0
2020-08-03,2020,8,2020-W32,Anosy,-25.0333,46.9833,faible,957916,0,0,0,0,0,0,0,0,0.0,0.0,0.0
2020-08-10,2020,8,2020-W33,Anosy,-25.0333,46.9833,faible,957916,0,0,0,0,0,0,0,0,0.0,0.0,0.0
2020-08-17,2020,8,2020-W34,Anosy,-25.0333,46.9833,faible,957916,0,0,0,0,0,0,0,0,0.0,0.0,0.0
2020-08-24,2020,8,2020-W35,Anosy,-25.0333,46.9833,faible,957916,0,0,0,0,0,0,0,0,0.0,0.0,0.0
2020-08-31,2020,8,2020-W36,Anosy,-25.0333,46.9833,faible,957916,0,0,0,0,0,0,0,0,0.0,0.0,0.0
2020-09-07,2020,9,2020-W37,Anosy,-25.0333,46.9833,faible,957916,0,0,0,0,0,0,0,0,0.0,0.0,0.0
2020-09-14,2020,9,2020-W38,Anosy,-25.0333,46.9833,faible,957916,0,0,0,0,0,0,0,0,0.0,0.0,0.0
2020-09-21,2020,9,2020-W39,Anosy,-25.0333,46.9833,faible,957916,0,0,0,0,0,0,0,0,0.0,0.0,0.0
2020-09-28,2020,9,2020-W40,Anosy,-25.0333,46.9833,faible,957916,0,0,0,0,0,0,0,0,0.0,0.0,0.0
2020-10-05,2020,10,2020-W41,Anosy,-25.0333,46.9833,faible,957916,0,0,0,0,0,0,0,0,0.0,0.0,0.0
2020-10-12,2020,10,2020-W42,Anosy,-25.0333,46.9833,faible,957916,0,0,0,0,0,0,0,0,0.0,0.0,0.0
2020-10-19,2020,10,2020-W43,Anosy,-25.0333,46.9833,faible,957916,0,0,0,0,0,0,0,0,0.0,0.0,0.0
2020-10-26,2020,10,2020-W44,Anosy,-25.0333,46.9833,faible,957916,0,0,0,0,0,0,0,0,0.0,0.0,0.0
2020-11-02,2020,11,2020-W45,Anosy,-25.0333,46.9833,faible,957916,0,0,0,0,0,0,0,0,0.0,0.0,0.0
2020-11-09,2020,11,2020-W46,Anosy,-25.0333,46.9833,faible,957916,0,0,0,0,0,0,0,0,0.0,0.0,0.0
2020-11-16,2020,11,2020-W47,Anosy,-25.0333,46.9833,faible,957916,0,0,0,0,0,0,0,0,0.0,0.0,0.0
2020-11-23,2020,11,2020-W48,Anosy,-25.0333,46.9833,faible,957916,0,0,0,0,0,0,0,0,0.0,0.0,0.0
2020-11-30,2020,11,2020-W49,Anosy,-25.0333,46.9833,faible,957916,0,0,0,0,0,0,0,0,0.0,0.0,0.0
2020-12-07,2020,12,2020-W50,Anosy,-25.0333,46.9833,faible,957916,0,0,0,0,0,0,0,0,0.0,0.0,0.0
2020-12-14,2020,12,2020-W51,Anosy,-25.0333,46.9833,faible,957916,0,0,0,0,0,0,0,0,0.0,0.0,0.0
2020-12-21,2020,12,2020-W52,Anosy,-25.0333,46.9833,faible,957916,0,0,0,0,0,0,0,0,0.0,0.0,0.0
2020-12-28,2020,12,2020-W53,Anosy,-25.0333,46.9833,faible,957916,0,0,0,0,0,0,0,0,0.0,0.0,0.0
2021-01-04,2021,1,2021-W01,Anosy,-25.0333,46.9833,faible,957916,0,0,0,0,0,0,0,0,0.0,0.0,0.0
2021-01-11,2021,1,2021-W02,Anosy,-25.0333,46.9833,faible,957916,0,0,0,0,0,0,0,0,0.0,0.0,0.0
2021-01-18,2021,1,2021-W03,Anosy,-25.0333,46.9833,faible,957916,0,0,0,0,0,0,0,0,0.0,0.0,0.0
2021-01-25,2021,1,2021-W04,Anosy,-25.0333,46.9833,faible,957916,0,0,0,0,0,0,0,0,0.0,0.0,0.0
2021-02-01,2021,2,2021-W05,Anosy,-25.0333,46.9833,faible,957916,0,0,0,0,0,0,0,0,0.0,0.0,0.0
2021-02-08,2021,2,2021-W06,Anosy,-25.0333,46.9833,faible,957916,0,0,0,0,0,0,0,0,0.0,0.0,0.0
2021-02-15,2021,2,2021-W07,Anosy,-25.0333,46.9833,faible,957916,0,0,0,0,0,0,0,0,0.0,0.0,0.0
2021-02-22,2021,2,2021-W08,Anosy,-25.0333,46.9833,faible,957916,0,0,0,0,0,0,0,0,0.0,0.0,0.0
2021-03-01,2021,3,2021-W09,Anosy,-25.0333,46.9833,faible,957916,0,0,0,0,0,0,0,0,0.0,0.0,0.0
2021-03-08,2021,3,2021-W10,Anosy,-25.0333,46.9833,faible,957916,0,0,0,0,0,0,0,0,0.0,0.0,0.0
2021-03-15,2021,3,2021-W11,Anosy,-25.0333,46.9833,faible,957916,0,0,0,0,0,0,0,0,0.0,0.0,0.0
2021-03-22,2021,3,2021-W12,Anosy,-25.0333,46.9833,faible,957916,0,0,0,0,0,0,0,0,0.0,0.0,0.0
2021-03-29,2021,3,2021-W13,Anosy,-25.0333,46.9833,faible,957916,0,0,0,0,0,0,0,0,0.0,0.0,0.0
2021-04-05,2021,4,2021-W14,Anosy,-25.0333,46.9833,faible,957916,0,0,0,0,0,0,0,0,0.0,0.0,0.0
2021-04-12,2021,4,2021-W15,Anosy,-25.0333,46.9833,faible,957916,0,0,0,0,0,0,0,0,0.0,0.0,0.0
2021-04-19,2021,4,2021-W16,Anosy,-25.0333,46.9833,faible,957916,0,0,0,0,0,0,0,0,0.0,0.0,0.0
2021-04-26,2021,4,2021-W17,Anosy,-25.0333,46.9833,faible,957916,0,0,0,0,0,0,0,0,0.0,0.0,0.0
2021-05-03,2021,5,2021-W18,Anosy,-25.0333,46.9833,faible,957916,0,0,0,0,0,0,0,0,0.0,0.0,0.0
2021-05-10,2021,5,2021-W19,Anosy,-25.0333,46.9833,faible,957916,0,0,0,0,0,0,0,0,0.0,0.0,0.0
2021-05-17,2021,5,2021-W20,Anosy,-25.0333,46.9833,faible,957916,0,0,0,0,0,0,0,0,0.0,0.0,0.0
2021-05-24,2021,5,2021-W21,Anosy,-25.0333,46.9833,faible,957916,0,0,0,0,0,0,0,0,0.0,0.0,0.0
2021-05-31,2021,5,2021-W22,Anosy,-25.0333,46.9833,faible,957916,0,0,0,0,0,0,0,0,0.0,0.0,0.0
2021-06-07,2021,6,2021-W23,Anosy,-25.0333,46.9833,faible,957916,0,0,0,0,0,0,0,0,0.0,0.0,0.0
2021-06-14,2021,6,2021-W24,Anosy,-25.0333,46.9833,faible,957916,0,0,0,0,0,0,0,0,0.0,0.0,0.0
2021-06-21,2021,6,2021-W25,Anosy,-25.0333,46.9833,faible,957916,0,0,0,0,0,0,0,0,0.0,0.0,0.0
2021-06-28,2021,6,2021-W26,Anosy,-25.0333,46.9833,faible,957916,0,0,0,0,0,0,0,0,0.0,0.0,0.0
2021-07-05,2021,7,2021-W27,Anosy,-25.0333,46.9833,faible,957916,0,0,0,0,0,0,0,0,0.0,0.0,0.0
2021-07-12,2021,7,2021-W28,Anosy,-25.0333,46.9833,faible,957916,0,0,0,0,0,0,0,0,0.0,0.0,0.0
2021-07-19,2021,7,2021-W29,Anosy,-25.0333,46.9833,faible,957916,0,0,0,0,0,0,0,0,0.0,0.0,0.0
2021-07-26,2021,7,2021-W30,Anosy,-25.0333,46.9833,faible,957916,0,0,0,0,0,0,0,0,0.0,0.0,0.0
2021-08-02,2021,8,2021-W31,Anosy,-25.0333,46.9833,faible,957916,0,0,0,0,0,0,0,0,0.0,0.0,0.0
2021-08-09,2021,8,2021-W32,Anosy,-25.0333,46.9833,faible,957916,0,0,0,0,0,0,0,0,0.0,0.0,0.0
2021-08-16,2021,8,2021-W33,Anosy,-25.0333,46.9833,faible,957916,0,0,0,0,0,0,0,0,0.0,0.0,0.0
2021-08-23,2021,8,2021-W34,Anosy,-25.0333,46.9833,faible,957916,0,0,0,0,0,0,0,0,0.0,0.0,0.0
2021-08-30,2021,8,2021-W35,Anosy,-25.0333,46.9833,faible,957916,0,0,0,0,0,0,0,0,0.0,0.0,0.0
2021-09-06,2021,9,2021-W36,Anosy,-25.0333,46.9833,faible,957916,0,0,0,0,0,0,0,0,0.0,0.0,0.0
2021-09-13,2021,9,2021-W37,Anosy,-25.0333,46.9833,faible,957916,0,0,0,0,0,0,0,0,0.0,0.0,0.0
2021-09-20,2021,9,2021-W38,Anosy,-25.0333,46.9833,faible,957916,0,0,0,0,0,0,0,0,0.0,0.0,0.0
2021-09-27,2021,9,2021-W39,Anosy,-25.0333,46.9833,faible,957916,0,0,0,0,0,0,0,0,0.0,0.0,0.0
2021-10-04,2021,10,2021-W40,Anosy,-25.0333,46.9833,faible,957916,0,0,0,0,0,0,0,0,0.0,0.0,0.0
2021-10-11,2021,10,2021-W41,Anosy,-25.0333,46.9833,faible,957916,0,0,0,0,0,0,0,0,0.0,0.0,0.0
2021-10-18,2021,10,2021-W42,Anosy,-25.0333,46.9833,faible,957916,0,0,0,0,0,0,0,0,0.0,0.0,0.0
2021-10-25,2021,10,2021-W43,Anosy,-25.0333,46.9833,faible,957916,0,0,0,0,0,0,0,0,0.0,0.0,0.0
2021-11-01,2021,11,2021-W44,Anosy,-25.0333,46.9833,faible,957916,0,0,0,0,0,0,0,0,0.0,0.0,0.0
2021-11-08,2021,11,2021-W45,Anosy,-25.0333,46.9833,faible,957916,0,0,0,0,0,0,0,0,0.0,0.0,0.0
2021-11-15,2021,11,2021-W46,Anosy,-25.0333,46.9833,faible,957916,0,0,0,0,0,0,0,0,0.0,0.0,0.0
2021-11-22,2021,11,2021-W47,Anosy,-25.0333,46.9833,faible,957916,0,0,0,0,0,0,0,0,0.0,0.0,0.0
2021-11-29,2021,11,2021-W48,Anosy,-25.0333,46.9833,faible,957916,0,0,0,0,0,0,0,0,0.0,0.0,0.0
2021-12-06,2021,12,2021-W49,Anosy,-25.0333,46.9833,faible,957916,0,0,0,0,0,0,0,0,0.0,0.0,0.0
2021-12-13,2021,12,2021-W50,Anosy,-25.0333,46.9833,faible,957916,0,0,0,0,0,0,0,0,0.0,0.0,0.0
2021-12-20,2021,12,2021-W51,Anosy,-25.0333,46.9833,faible,957916,0,0,0,0,0,0,0,0,0.0,0.0,0.0
2021-12-27,2021,12,2021-W52,Anosy,-25.0333,46.9833,faible,957916,0,0,0,0,0,0,0,0,0.0,0.0,0.0
2022-01-03,2022,1,2022-W01,Anosy,-25.0333,46.9833,faible,957916,0,0,0,0,0,0,0,0,0.0,0.0,0.0
2022-01-10,2022,1,2022-W02,Anosy,-25.0333,46.9833,faible,957916,0,0,0,0,0,0,0,0,0.0,0.0,0.0
2022-01-17,2022,1,2022-W03,Anosy,-25.0333,46.9833,faible,957916,0,0,0,0,0,0,0,0,0.0,0.0,0.0
2022-01-24,2022,1,2022-W04,Anosy,-25.0333,46.9833,faible,957916,0,0,0,0,0,0,0,0,0.0,0.0,0.0
2022-01-31,2022,1,2022-W05,Anosy,-25.0333,46.9833,faible,957916,0,0,0,0,0,0,0,0,0.0,0.0,0.0
2022-02-07,2022,2,2022-W06,Anosy,-25.0333,46.9833,faible,957916,0,0,0,0,0,0,0,0,0.0,0.0,0.0
2022-02-14,2022,2,2022-W07,Anosy,-25.0333,46.9833,faible,957916,0,0,0,0,0,0,0,0,0.0,0.0,0.0
2022-02-21,2022,2,2022-W08,Anosy,-25.0333,46.9833,faible,957916,0,0,0,0,0,0,0,0,0.0,0.0,0.0
2022-02-28,2022,2,2022-W09,Anosy,-25.0333,46.9833,faible,957916,0,0,0,0,0,0,0,0,0.0,0.0,0.0
2022-03-07,2022,3,2022-W10,Anosy,-25.0333,46.9833,faible,957916,0,0,0,0,0,0,0,0,0.0,0.0,0.0
2022-03-14,2022,3,2022-W11,Anosy,-25.0333,46.9833,faible,957916,0,0,0,0,0,0,0,0,0.0,0.0,0.0
2022-03-21,2022,3,2022-W12,Anosy,-25.0333,46.9833,faible,957916,0,0,0,0,0,0,0,0,0.0,0.0,0.0
2022-03-28,2022,3,2022-W13,Anosy,-25.0333,46.9833,faible,957916,0,0,0,0,0,0,0,0,0.0,0.0,0.0
2022-04-04,2022,4,2022-W14,Anosy,-25.0333,46.9833,faible,957916,0,0,0,0,0,0,0,0,0.0,0.0,0.0
2022-04-11,2022,4,2022-W15,Anosy,-25.0333,46.9833,faible,957916,0,0,0,0,0,0,0,0,0.0,0.0,0.0
2022-04-18,2022,4,2022-W16,Anosy,-25.0333,46.9833,faible,957916,0,0,0,0,0,0,0,0,0.0,0.0,0.0
2022-04-25,2022,4,2022-W17,Anosy,-25.0333,46.9833,faible,957916,0,0,0,0,0,0,0,0,0.0,0.0,0.0
2022-05-02,2022,5,2022-W18,Anosy,-25.0333,46.9833,faible,957916,0,0,0,0,0,0,0,0,0.0,0.0,0.0
2022-05-09,2022,5,2022-W19,Anosy,-25.0333,46.9833,faible,957916,0,0,0,0,0,0,0,0,0.0,0.0,0.0
2022-05-16,2022,5,2022-W20,Anosy,-25.0333,46.9833,faible,957916,0,0,0,0,0,0,0,0,0.0,0.0,0.0
2022-05-23,2022,5,2022-W21,Anosy,-25.0333,46.9833,faible,957916,0,0,0,0,0,0,0,0,0.0,0.0,0.0
2022-05-30,2022,5,2022-W22,Anosy,-25.0333,46.9833,faible,957916,0,0,0,0,0,0,0,0,0.0,0.0,0.0
2022-06-06,2022,6,2022-W23,Anosy,-25.0333,46.9833,faible,957916,0,0,0,0,0,0,0,0,0.0,0.0,0.0
2022-06-13,2022,6,2022-W24,Anosy,-25.0333,46.9833,faible,957916,0,0,0,0,0,0,0,0,0.0,0.0,0.0
2022-06-20,2022,6,2022-W25,Anosy,-25.0333,46.9833,faible,957916,0,0,0,0,0,0,0,0,0.0,0.0,0.0
2022-06-27,2022,6,2022-W26,Anosy,-25.0333,46.9833,faible,957916,0,0,0,0,0,0,0,0,0.0,0.0,0.0
2022-07-04,2022,7,2022-W27,Anosy,-25.0333,46.9833,faible,957916,0,0,0,0,0,0,0,0,0.0,0.0,0.0
2022-07-11,2022,7,2022-W28,Anosy,-25.0333,46.9833,faible,957916,0,0,0,0,0,0,0,0,0.0,0.0,0.0
2022-07-18,2022,7,2022-W29,Anosy,-25.0333,46.9833,faible,957916,0,0,0,0,0,0,0,0,0.0,0.0,0.0
2022-07-25,2022,7,2022-W30,Anosy,-25.0333,46.9833,faible,957916,0,0,0,0,0,0,0,0,0.0,0.0,0.0
2022-08-01,2022,8,2022-W31,Anosy,-25.0333,46.9833,faible,957916,0,0,0,0,0,0,0,0,0.0,0.0,0.0
2022-08-08,2022,8,2022-W32,Anosy,-25.0333,46.9833,faible,957916,0,0,0,0,0,0,0,0,0.0,0.0,0.0
2022-08-15,2022,8,2022-W33,Anosy,-25.0333,46.9833,faible,957916,0,0,0,0,0,0,0,0,0.0,0.0,0.0
2022-08-22,2022,8,2022-W34,Anosy,-25.0333,46.9833,faible,957916,0,0,0,0,0,0,0,0,0.0,0.0,0.0
2022-08-29,2022,8,2022-W35,Anosy,-25.0333,46.9833,faible,957916,0,0,0,0,0,0,0,0,0.0,0.0,0.0
2022-09-05,2022,9,2022-W36,Anosy,-25.0333,46.9833,faible,957916,0,0,0,0,0,0,0,0,0.0,0.0,0.0
2022-09-12,2022,9,2022-W37,Anosy,-25.0333,46.9833,faible,957916,0,0,0,0,0,0,0,0,0.0,0.0,0.0
2022-09-19,2022,9,2022-W38,Anosy,-25.0333,46.9833,faible,957916,0,0,0,0,0,0,0,0,0.0,0.0,0.0
2022-09-26,2022,9,2022-W39,Anosy,-25.0333,46.9833,faible,957916,0,0,0,0,0,0,0,0,0.0,0.0,0.0
2022-10-03,2022,10,2022-W40,Anosy,-25.0333,46.9833,faible,957916,0,0,0,0,0,0,0,0,0.0,0.0,0.0
2022-10-10,2022,10,2022-W41,Anosy,-25.0333,46.9833,faible,957916,0,0,0,0,0,0,0,0,0.0,0.0,0.0
2022-10-17,2022,10,2022-W42,Anosy,-25.0333,46.9833,faible,957916,0,0,0,0,0,0,0,0,0.0,0.0,0.0
2022-10-24,2022,10,2022-W43,Anosy,-25.0333,46.9833,faible,957916,0,0,0,0,0,0,0,0,0.0,0.0,0.0
2022-10-31,2022,10,2022-W44,Anosy,-25.0333,46.9833,faible,957916,0,0,0,0,0,0,0,0,0.0,0.0,0.0
2022-11-07,2022,11,2022-W45,Anosy,-25.0333,46.9833,faible,957916,0,0,0,0,0,0,0,0,0.0,0.0,0.0
2022-11-14,2022,11,2022-W46,Anosy,-25.0333,46.9833,faible,957916,0,0,0,0,0,0,0,0,0.0,0.0,0.0
2022-11-21,2022,11,2022-W47,Anosy,-25.0333,46.9833,faible,957916,0,0,0,0,0,0,0,0,0.0,0.0,0.0
2022-11-28,2022,11,2022-W48,Anosy,-25.0333,46.9833,faible,957916,0,0,0,0,0,0,0,0,0.0,0.0,0.0
2022-12-05,2022,12,2022-W49,Anosy,-25.0333,46.9833,faible,957916,0,0,0,0,0,0,0,0,0.0,0.0,0.0
2022-12-12,2022,12,2022-W50,Anosy,-25.0333,46.9833,faible,957916,0,0,0,0,0,0,0,0,0.0,0.0,0.0
2022-12-19,2022,12,2022-W51,Anosy,-25.0333,46.9833,faible,957916,0,0,0,0,0,0,0,0,0.0,0.0,0.0
2022-12-26,2022,12,2022-W52,Anosy,-25.0333,46.9833,faible,957916,0,0,0,0,0,0,0,0,0.0,0.0,0.0
2023-01-02,2023,1,2023-W01,Anosy,-25.0333,46.9833,faible,957916,0,0,0,0,0,0,0,0,0.0,0.0,0.0
2023-01-09,2023,1,2023-W02,Anosy,-25.0333,46.9833,faible,957916,0,0,0,0,0,0,0,0,0.0,0.0,0.0
2023-01-16,2023,1,2023-W03,Anosy,-25.0333,46.9833,faible,957916,0,0,0,0,0,0,0,0,0.0,0.0,0.0
2023-01-23,2023,1,2023-W04,Anosy,-25.0333,46.9833,faible,957916,0,0,0,0,0,0,0,0,0.0,0.0,0.0
2023-01-30,2023,1,2023-W05,Anosy,-25.0333,46.9833,faible,957916,0,0,0,0,0,0,0,0,0.0,0.0,0.0
2023-02-06,2023,2,2023-W06,Anosy,-25.0333,46.9833,faible,957916,0,0,0,0,0,0,0,0,0.0,0.0,0.0
2023-02-13,2023,2,2023-W07,Anosy,-25.0333,46.9833,faible,957916,0,0,0,0,0,0,0,0,0.0,0.0,0.0
2023-02-20,2023,2,2023-W08,Anosy,-25.0333,46.9833,faible,957916,0,0,0,0,0,0,0,0,0.0,0.0,0.0
2023-02-27,2023,2,2023-W09,Anosy,-25.0333,46.9833,faible,957916,0,0,0,0,0,0,0,0,0.0,0.0,0.0
2023-03-06,2023,3,2023-W10,Anosy,-25.0333,46.9833,faible,957916,0,0,0,0,0,0,0,0,0.0,0.0,0.0
2023-03-13,2023,3,2023-W11,Anosy,-25.0333,46.9833,faible,957916,0,0,0,0,0,0,0,0,0.0,0.0,0.0
2023-03-20,2023,3,2023-W12,Anosy,-25.0333,46.9833,faible,957916,0,0,0,0,0,0,0,0,0.0,0.0,0.0
2023-03-27,2023,3,2023-W13,Anosy,-25.0333,46.9833,faible,957916,0,0,0,0,0,0,0,0,0.0,0.0,0.0
2023-04-03,2023,4,2023-W14,Anosy,-25.0333,46.9833,faible,957916,0,0,0,0,0,0,0,0,0.0,0.0,0.0
2023-04-10,2023,4,2023-W15,Anosy,-25.0333,46.9833,faible,957916,0,0,0,0,0,0,0,0,0.0,0.0,0.0
2023-04-17,2023,4,2023-W16,Anosy,-25.0333,46.9833,faible,957916,0,0,0,0,0,0,0,0,0.0,0.0,0.0
2023-04-24,2023,4,2023-W17,Anosy,-25.0333,46.9833,faible,957916,0,0,0,0,0,0,0,0,0.0,0.0,0.0
2023-05-01,2023,5,2023-W18,Anosy,-25.0333,46.9833,faible,957916,0,0,0,0,0,0,0,0,0.0,0.0,0.0
2023-05-08,2023,5,2023-W19,Anosy,-25.0333,46.9833,faible,957916,0,0,0,0,0,0,0,0,0.0,0.0,0.0
2023-05-15,2023,5,2023-W20,Anosy,-25.0333,46.9833,faible,957916,0,0,0,0,0,0,0,0,0.0,0.0,0.0
2023-05-22,2023,5,2023-W21,Anosy,-25.0333,46.9833,faible,957916,0,0,0,0,0,0,0,0,0.0,0.0,0.0
2023-05-29,2023,5,2023-W22,Anosy,-25.0333,46.9833,faible,957916,0,0,0,0,0,0,0,0,0.0,0.0,0.0
2023-06-05,2023,6,2023-W23,Anosy,-25.0333,46.9833,faible,957916,0,0,0,0,0,0,0,0,0.0,0.0,0.0
2023-06-12,2023,6,2023-W24,Anosy,-25.0333,46.9833,faible,957916,0,0,0,0,0,0,0,0,0.0,0.0,0.0
2023-06-19,2023,6,2023-W25,Anosy,-25.0333,46.9833,faible,957916,0,0,0,0,0,0,0,0,0.0,0.0,0.0
2023-06-26,2023,6,2023-W26,Anosy,-25.0333,46.9833,faible,957916,0,0,0,0,0,0,0,0,0.0,0.0,0.0
2023-07-03,2023,7,2023-W27,Anosy,-25.0333,46.9833,faible,957916,0,0,0,0,0,0,0,0,0.0,0.0,0.0
2023-07-10,2023,7,2023-W28,Anosy,-25.0333,46.9833,faible,957916,0,0,0,0,0,0,0,0,0.0,0.0,0.0
2023-07-17,2023,7,2023-W29,Anosy,-25.0333,46.9833,faible,957916,0,0,0,0,0,0,0,0,0.0,0.0,0.0
2023-07-24,2023,7,2023-W30,Anosy,-25.0333,46.9833,faible,957916,0,0,0,0,0,0,0,0,0.0,0.0,0.0
2023-07-31,2023,7,2023-W31,Anosy,-25.0333,46.9833,faible,957916,0,0,0,0,0,0,0,0,0.0,0.0,0.0
2023-08-07,2023,8,2023-W32,Anosy,-25.0333,46.9833,faible,957916,0,0,0,0,0,0,0,0,0.0,0.0,0.0
2023-08-14,2023,8,2023-W33,Anosy,-25.0333,46.9833,faible,957916,0,0,0,0,0,0,0,0,0.0,0.0,0.0
2023-08-21,2023,8,2023-W34,Anosy,-25.0333,46.9833,faible,957916,0,0,0,0,0,0,0,0,0.0,0.0,0.0
2023-08-28,2023,8,2023-W35,Anosy,-25.0333,46.9833,faible,957916,0,0,0,0,0,0,0,0,0.0,0.0,0.0
2023-09-04,2023,9,2023-W36,Anosy,-25.0333,46.9833,faible,957916,0,0,0,0,0,0,0,0,0.0,0.0,0.0
2023-09-11,2023,9,2023-W37,Anosy,-25.0333,46.9833,faible,957916,0,0,0,0,0,0,0,0,0.0,0.0,0.0
2023-09-18,2023,9,2023-W38,Anosy,-25.0333,46.9833,faible,957916,0,0,0,0,0,0,0,0,0.0,0.0,0.0
2023-09-25,2023,9,2023-W39,Anosy,-25.0333,46.9833,faible,957916,0,0,0,0,0,0,0,0,0.0,0.0,0.0
2023-10-02,2023,10,2023-W40,Anosy,-25.0333,46.9833,faible,957916,0,0,0,0,0,0,0,0,0.0,0.0,0.0
2023-10-09,2023,10,2023-W41,Anosy,-25.0333,46.9833,faible,957916,0,0,0,0,0,0,0,0,0.0,0.0,0.0
2023-10-16,2023,10,2023-W42,Anosy,-25.0333,46.9833,faible,957916,0,0,0,0,0,0,0,0,0.0,0.0,0.0
2023-10-23,2023,10,2023-W43,Anosy,-25.0333,46.9833,faible,957916,0,0,0,0,0,0,0,0,0.0,0.0,0.0
2023-10-30,2023,10,2023-W44,Anosy,-25.0333,46.9833,faible,957916,0,0,0,0,0,0,0,0,0.0,0.0,0.0
2023-11-06,2023,11,2023-W45,Anosy,-25.0333,46.9833,faible,957916,0,0,0,0,0,0,0,0,0.0,0.0,0.0
2023-11-13,2023,11,2023-W46,Anosy,-25.0333,46.9833,faible,957916,0,0,0,0,0,0,0,0,0.0,0.0,0.0
2023-11-20,2023,11,2023-W47,Anosy,-25.0333,46.9833,faible,957916,0,0,0,0,0,0,0,0,0.0,0.0,0.0
2023-11-27,2023,11,2023-W48,Anosy,-25.0333,46.9833,faible,957916,0,0,0,0,0,0,0,0,0.0,0.0,0.0
2023-12-04,2023,12,2023-W49,Anosy,-25.0333,46.9833,faible,957916,0,0,0,0,0,0,0,0,0.0,0.0,0.0
2023-12-11,2023,12,2023-W50,Anosy,-25.0333,46.9833,faible,957916,0,0,0,0,0,0,0,0,0.0,0.0,0.0
2023-12-18,2023,12,2023-W51,Anosy,-25.0333,46.9833,faible,957916,0,0,0,0,0,0,0,0,0.0,0.0,0.0
2023-12-25,2023,12,2023-W52,Anosy,-25.0333,46.9833,faible,957916,0,0,0,0,0,0,0,0,0.0,0.0,0.0
2024-01-01,2024,1,2024-W01,Anosy,-25.0333,46.9833,faible,957916,0,0,0,0,0,0,0,0,0.0,0.0,0.0
2024-01-08,2024,1,2024-W02,Anosy,-25.0333,46.9833,faible,957916,0,0,0,0,0,0,0,0,0.0,0.0,0.0
2024-01-15,2024,1,2024-W03,Anosy,-25.0333,46.9833,faible,957916,0,0,0,0,0,0,0,0,0.0,0.0,0.0
2024-01-22,2024,1,2024-W04,Anosy,-25.0333,46.9833,faible,957916,0,0,0,0,0,0,0,0,0.0,0.0,0.0
2024-01-29,2024,1,2024-W05,Anosy,-25.0333,46.9833,faible,957916,0,0,0,0,0,0,0,0,0.0,0.0,0.0
2024-02-05,2024,2,2024-W06,Anosy,-25.0333,46.9833,faible,957916,0,0,0,0,0,0,0,0,0.0,0.0,0.0
2024-02-12,2024,2,2024-W07,Anosy,-25.0333,46.9833,faible,957916,0,0,0,0,0,0,0,0,0.0,0.0,0.0
2024-02-19,2024,2,2024-W08,Anosy,-25.0333,46.9833,faible,957916,0,0,0,0,0,0,0,0,0.0,0.0,0.0
2024-02-26,2024,2,2024-W09,Anosy,-25.0333,46.9833,faible,957916,0,0,0,0,0,0,0,0,0.0,0.0,0.0
2024-03-04,2024,3,2024-W10,Anosy,-25.0333,46.9833,faible,957916,0,0,0,0,0,0,0,0,0.0,0.0,0.0
2024-03-11,2024,3,2024-W11,Anosy,-25.0333,46.9833,faible,957916,0,0,0,0,0,0,0,0,0.0,0.0,0.0
2024-03-18,2024,3,2024-W12,Anosy,-25.0333,46.9833,faible,957916,0,0,0,0,0,0,0,0,0.0,0.0,0.0
2024-03-25,2024,3,2024-W13,Anosy,-25.0333,46.9833,faible,957916,0,0,0,0,0,0,0,0,0.0,0.0,0.0
2024-04-01,2024,4,2024-W14,Anosy,-25.0333,46.9833,faible,957916,0,0,0,0,0,0,0,0,0.0,0.0,0.0
2024-04-08,2024,4,2024-W15,Anosy,-25.0333,46.9833,faible,957916,0,0,0,0,0,0,0,0,0.0,0.0,0.0
2024-04-15,2024,4,2024-W16,Anosy,-25.0333,46.9833,faible,957916,0,0,0,0,0,0,0,0,0.0,0.0,0.0
2024-04-22,2024,4,2024-W17,Anosy,-25.0333,46.9833,faible,957916,0,0,0,0,0,0,0,0,0.0,0.0,0.0
2024-04-29,2024,4,2024-W18,Anosy,-25.0333,46.9833,faible,957916,0,0,0,0,0,0,0,0,0.0,0.0,0.0
2024-05-06,2024,5,2024-W19,Anosy,-25.0333,46.9833,faible,957916,0,0,0,0,0,0,0,0,0.0,0.0,0.0
2024-05-13,2024,5,2024-W20,Anosy,-25.0333,46.9833,faible,957916,0,0,0,0,0,0,0,0,0.0,0.0,0.0
2024-05-20,2024,5,2024-W21,Anosy,-25.0333,46.9833,faible,957916,0,0,0,0,0,0,0,0,0.0,0.0,0.0
2024-05-27,2024,5,2024-W22,Anosy,-25.0333,46.9833,faible,957916,0,0,0,0,0,0,0,0,0.0,0.0,0.0
2024-06-03,2024,6,2024-W23,Anosy,-25.0333,46.9833,faible,957916,0,0,0,0,0,0,0,0,0.0,0.0,0.0
2024-06-10,2024,6,2024-W24,Anosy,-25.0333,46.9833,faible,957916,0,0,0,0,0,0,0,0,0.0,0.0,0.0
2024-06-17,2024,6,2024-W25,Anosy,-25.0333,46.9833,faible,957916,0,0,0,0,0,0,0,0,0.0,0.0,0.0
2024-06-24,2024,6,2024-W26,Anosy,-25.0333,46.9833,faible,957916,0,0,0,0,0,0,0,0,0.0,0.0,0.0
2024-07-01,2024,7,2024-W27,Anosy,-25.0333,46.9833,faible,957916,0,0,0,0,0,0,0,0,0.0,0.0,0.0
2024-07-08,2024,7,2024-W28,Anosy,-25.0333,46.9833,faible,957916,0,0,0,0,0,0,0,0,0.0,0.0,0.0
2024-07-15,2024,7,2024-W29,Anosy,-25.0333,46.9833,faible,957916,0,0,0,0,0,0,0,0,0.0,0.0,0.0
2024-07-22,2024,7,2024-W30,Anosy,-25.0333,46.9833,faible,957916,0,0,0,0,0,0,0,0,0.0,0.0,0.0
2024-07-29,2024,7,2024-W31,Anosy,-25.0333,46.9833,faible,957916,0,0,0,0,0,0,0,0,0.0,0.0,0.0
2024-08-05,2024,8,2024-W32,Anosy,-25.0333,46.9833,faible,957916,0,0,0,0,0,0,0,0,0.0,0.0,0.0
2024-08-12,2024,8,2024-W33,Anosy,-25.0333,46.9833,faible,957916,0,0,0,0,0,0,0,0,0.0,0.0,0.0
2024-08-19,2024,8,2024-W34,Anosy,-25.0333,46.9833,faible,957916,0,0,0,0,0,0,0,0,0.0,0.0,0.0
2024-08-26,2024,8,2024-W35,Anosy,-25.0333,46.9833,faible,957916,0,0,0,0,0,0,0,0,0.0,0.0,0.0
2024-09-02,2024,9,2024-W36,Anosy,-25.0333,46.9833,faible,957916,0,0,0,0,0,0,0,0,0.0,0.0,0.0
2024-09-09,2024,9,2024-W37,Anosy,-25.0333,46.9833,faible,957916,0,0,0,0,0,0,0,0,0.0,0.0,0.0
2024-09-16,2024,9,2024-W38,Anosy,-25.0333,46.9833,faible,957916,0,0,0,0,0,0,0,0,0.0,0.0,0.0
2024-09-23,2024,9,2024-W39,Anosy,-25.0333,46.9833,faible,957916,0,0,0,0,0,0,0,0,0.0,0.0,0.0
2024-09-30,2024,9,2024-W40,Anosy,-25.0333,46.9833,faible,957916,0,0,0,0,0,0,0,0,0.0,0.0,0.0
2024-10-07,2024,10,2024-W41,Anosy,-25.0333,46.9833,faible,957916,0,0,0,0,0,0,0,0,0.0,0.0,0.0
2024-10-14,2024,10,2024-W42,Anosy,-25.0333,46.9833,faible,957916,0,0,0,0,0,0,0,0,0.0,0.0,0.0
2024-10-21,2024,10,2024-W43,Anosy,-25.0333,46.9833,faible,957916,0,0,0,0,0,0,0,0,0.0,0.0,0.0
2024-10-28,2024,10,2024-W44,Anosy,-25.0333,46.9833,faible,957916,0,0,0,0,0,0,0,0,0.0,0.0,0.0
2024-11-04,2024,11,2024-W45,Anosy,-25.0333,46.9833,faible,957916,0,0,0,0,0,0,0,0,0.0,0.0,0.0
2024-11-11,2024,11,2024-W46,Anosy,-25.0333,46.9833,faible,957916,0,0,0,0,0,0,0,0,0.0,0.0,0.0
2024-11-18,2024,11,2024-W47,Anosy,-25.0333,46.9833,faible,957916,0,0,0,0,0,0,0,0,0.0,0.0,0.0
2024-11-25,2024,11,2024-W48,Anosy,-25.0333,46.9833,faible,957916,0,0,0,0,0,0,0,0,0.0,0.0,0.0
2024-12-02,2024,12,2024-W49,Anosy,-25.0333,46.9833,faible,957916,0,0,0,0,0,0,0,0,0.0,0.0,0.0
2024-12-09,2024,12,2024-W50,Anosy,-25.0333,46.9833,faible,957916,0,0,0,0,0,0,0,0,0.0,0.0,0.0
2024-12-16,2024,12,2024-W51,Anosy,-25.0333,46.9833,faible,957916,0,0,0,0,0,0,0,0,0.0,0.0,0.0
2024-12-23,2024,12,2024-W52,Anosy,-25.0333,46.9833,faible,957916,0,0,0,0,0,0,0,0,0.0,0.0,0.0
2024-12-30,2024,12,2025-W01,Anosy,-25.0333,46.9833,faible,957916,0,0,0,0,0,0,0,0,0.0,0.0,0.0
2025-01-06,2025,1,2025-W02,Anosy,-25.0333,46.9833,faible,957916,0,0,0,0,0,0,0,0,0.0,0.0,0.0
2025-01-13,2025,1,2025-W03,Anosy,-25.0333,46.9833,faible,957916,0,0,0,0,0,0,0,0,0.0,0.0,0.0
2025-01-20,2025,1,2025-W04,Anosy,-25.0333,46.9833,faible,957916,0,0,0,0,0,0,0,0,0.0,0.0,0.0
2025-01-27,2025,1,2025-W05,Anosy,-25.0333,46.9833,faible,957916,0,0,0,0,0,0,0,0,0.0,0.0,0.0
2025-02-03,2025,2,2025-W06,Anosy,-25.0333,46.9833,faible,957916,0,0,0,0,0,0,0,0,0.0,0.0,0.0
2025-02-10,2025,2,2025-W07,Anosy,-25.0333,46.9833,faible,957916,0,0,0,0,0,0,0,0,0.0,0.0,0.0
2025-02-17,2025,2,2025-W08,Anosy,-25.0333,46.9833,faible,957916,0,0,0,0,0,0,0,0,0.0,0.0,0.0
2025-02-24,2025,2,2025-W09,Anosy,-25.0333,46.9833,faible,957916,0,0,0,0,0,0,0,0,0.0,0.0,0.0
2025-03-03,2025,3,2025-W10,Anosy,-25.0333,46.9833,faible,957916,0,0,0,0,0,0,0,0,0.0,0.0,0.0
2025-03-10,2025,3,2025-W11,Anosy,-25.0333,46.9833,faible,957916,0,0,0,0,0,0,0,0,0.0,0.0,0.0
2025-03-17,2025,3,2025-W12,Anosy,-25.0333,46.9833,faible,957916,0,0,0,0,0,0,0,0,0.0,0.0,0.0
2025-03-24,2025,3,2025-W13,Anosy,-25.0333,46.9833,faible,957916,0,0,0,0,0,0,0,0,0.0,0.0,0.0
2025-03-31,2025,3,2025-W14,Anosy,-25.0333,46.9833,faible,957916,0,0,0,0,0,0,0,0,0.0,0.0,0.0
2025-04-07,2025,4,2025-W15,Anosy,-25.0333,46.9833,faible,957916,0,0,0,0,0,0,0,0,0.0,0.0,0.0
2025-04-14,2025,4,2025-W16,Anosy,-25.0333,46.9833,faible,957916,0,0,0,0,0,0,0,0,0.0,0.0,0.0
2025-04-21,2025,4,2025-W17,Anosy,-25.0333,46.9833,faible,957916,0,0,0,0,0,0,0,0,0.0,0.0,0.0
2025-04-28,2025,4,2025-W18,Anosy,-25.0333,46.9833,faible,957916,0,0,0,0,0,0,0,0,0.0,0.0,0.0
2025-05-05,2025,5,2025-W19,Anosy,-25.0333,46.9833,faible,957916,0,0,0,0,0,0,0,0,0.0,0.0,0.0
2025-05-12,2025,5,2025-W20,Anosy,-25.0333,46.9833,faible,957916,0,0,0,0,0,0,0,0,0.0,0.0,0.0
2025-05-19,2025,5,2025-W21,Anosy,-25.0333,46.9833,faible,957916,0,0,0,0,0,0,0,0,0.0,0.0,0.0
2025-05-26,2025,5,2025-W22,Anosy,-25.0333,46.9833,faible,957916,0,0,0,0,0,0,0,0,0.0,0.0,0.0
2025-06-02,2025,6,2025-W23,Anosy,-25.0333,46.9833,faible,957916,0,0,0,0,0,0,0,0,0.0,0.0,0.0
2025-06-09,2025,6,2025-W24,Anosy,-25.0333,46.9833,faible,957916,0,0,0,0,0,0,0,0,0.0,0.0,0.0
2025-06-16,2025,6,2025-W25,Anosy,-25.0333,46.9833,faible,957916,0,0,0,0,0,0,0,0,0.0,0.0,0.0
2025-06-23,2025,6,2025-W26,Anosy,-25.0333,46.9833,faible,957916,0,0,0,0,0,0,0,0,0.0,0.0,0.0
2025-06-30,2025,6,2025-W27,Anosy,-25.0333,46.9833,faible,957916,0,0,0,0,0,0,0,0,0.0,0.0,0.0
2025-07-07,2025,7,2025-W28,Anosy,-25.0333,46.9833,faible,957916,0,0,0,0,0,0,0,0,0.0,0.0,0.0
2025-07-14,2025,7,2025-W29,Anosy,-25.0333,46.9833,faible,957916,0,0,0,0,0,0,0,0,0.0,0.0,0.0
2025-07-21,2025,7,2025-W30,Anosy,-25.0333,46.9833,faible,957916,0,0,0,0,0,0,0,0,0.0,0.0,0.0
2025-07-28,2025,7,2025-W31,Anosy,-25.0333,46.9833,faible,957916,0,0,0,0,0,0,0,0,0.0,0.0,0.0
2025-08-04,2025,8,2025-W32,Anosy,-25.0333,46.9833,faible,957916,0,0,0,0,0,0,0,0,0.0,0.0,0.0
2025-08-11,2025,8,2025-W33,Anosy,-25.0333,46.9833,faible,957916,0,0,0,0,0,0,0,0,0.0,0.0,0.0
2025-08-18,2025,8,2025-W34,Anosy,-25.0333,46.9833,faible,957916,0,0,0,0,0,0,0,0,0.0,0.0,0.0
2025-08-25,2025,8,2025-W35,Anosy,-25.0333,46.9833,faible,957916,0,0,0,0,0,0,0,0,0.0,0.0,0.0
2025-09-01,2025,9,2025-W36,Anosy,-25.0333,46.9833,faible,957916,0,0,0,0,0,0,0,0,0.0,0.0,0.0
2025-09-08,2025,9,2025-W37,Anosy,-25.0333,46.9833,faible,957916,0,0,0,0,0,0,0,0,0.0,0.0,0.0
2025-09-15,2025,9,2025-W38,Anosy,-25.0333,46.9833,faible,957916,0,0,0,0,0,0,0,0,0.0,0.0,0.0
2025-09-22,2025,9,2025-W39,Anosy,-25.0333,46.9833,faible,957916,0,0,0,0,0,0,0,0,0.0,0.0,0.0
2025-09-29,2025,9,2025-W40,Anosy,-25.0333,46.9833,faible,957916,0,0,0,0,0,0,0,0,0.0,0.0,0.0
2025-10-06,2025,10,2025-W41,Anosy,-25.0333,46.9833,faible,957916,0,0,0,0,0,0,0,0,0.0,0.0,0.0
2025-10-13,2025,10,2025-W42,Anosy,-25.0333,46.9833,faible,957916,0,0,0,0,0,0,0,0,0.0,0.0,0.0
2025-10-20,2025,10,2025-W43,Anosy,-25.0333,46.9833,faible,957916,0,0,0,0,0,0,0,0,0.0,0.0,0.0
2025-10-27,2025,10,2025-W44,Anosy,-25.0333,46.9833,faible,957916,0,0,0,0,0,0,0,0,0.0,0.0,0.0
2025-11-03,2025,11,2025-W45,Anosy,-25.0333,46.9833,faible,957916,0,0,0,0,0,0,0,0,0.0,0.0,0.0
2025-11-10,2025,11,2025-W46,Anosy,-25.0333,46.9833,faible,957916,0,0,0,0,0,0,0,0,0.0,0.0,0.0
2025-11-17,2025,11,2025-W47,Anosy,-25.0333,46.9833,faible,957916,0,0,0,0,0,0,0,0,0.0,0.0,0.0
2025-11-24,2025,11,2025-W48,Anosy,-25.0333,46.9833,faible,957916,0,0,0,0,0,0,0,0,0.0,0.0,0.0
2025-12-01,2025,12,2025-W49,Anosy,-25.0333,46.9833,faible,957916,0,0,0,0,0,0,0,0,0.0,0.0,0.0
2025-12-08,2025,12,2025-W50,Anosy,-25.0333,46.9833,faible,957916,0,0,0,0,0,0,0,0,0.0,0.0,0.0
2025-12-15,2025,12,2025-W51,Anosy,-25.0333,46.9833,faible,957916,0,0,0,0,0,0,0,0,0.0,0.0,0.0
2025-12-22,2025,12,2025-W52,Anosy,-25.0333,46.9833,faible,957916,0,0,0,0,0,0,0,0,0.0,0.0,0.0
2025-12-29,2025,12,2026-W01,Anosy,-25.0333,46.9833,faible,957916,0,0,0,0,0,0,0,0,0.0,0.0,0.0
2026-01-05,2026,1,2026-W02,Anosy,-25.0333,46.9833,faible,957916,0,0,0,0,0,0,0,0,0.0,0.0,0.0
2026-01-12,2026,1,2026-W03,Anosy,-25.0333,46.9833,faible,957916,0,0,0,0,0,0,0,0,0.0,0.0,0.0
2026-01-19,2026,1,2026-W04,Anosy,-25.0333,46.9833,faible,957916,0,0,0,0,0,0,0,0,0.0,0.0,0.0
2026-01-26,2026,1,2026-W05,Anosy,-25.0333,46.9833,faible,957916,0,0,0,0,0,0,0,0,0.0,0.0,0.0
2026-02-02,2026,2,2026-W06,Anosy,-25.0333,46.9833,faible,957916,0,0,0,0,0,0,0,0,0.0,0.0,0.0
2026-02-09,2026,2,2026-W07,Anosy,-25.0333,46.9833,faible,957916,0,0,0,0,0,0,0,0,0.0,0.0,0.0
2026-02-16,2026,2,2026-W08,Anosy,-25.0333,46.9833,faible,957916,0,0,0,0,0,0,0,0,0.0,0.0,0.0
2026-02-23,2026,2,2026-W09,Anosy,-25.0333,46.9833,faible,957916,0,0,0,0,0,0,0,0,0.0,0.0,0.0
2026-03-02,2026,3,2026-W10,Anosy,-25.0333,46.9833,faible,957916,0,0,0,0,0,0,0,0,0.0,0.0,0.0
2026-03-09,2026,3,2026-W11,Anosy,-25.0333,46.9833,faible,957916,0,0,0,0,0,0,0,0,0.0,0.0,0.0
2026-03-16,2026,3,2026-W12,Anosy,-25.0333,46.9833,faible,957916,0,0,0,0,0,0,0,0,0.0,0.0,0.0
2026-03-23,2026,3,2026-W13,Anosy,-25.0333,46.9833,faible,957916,0,0,0,0,0,0,0,0,0.0,0.0,0.0
2026-03-30,2026,3,2026-W14,Anosy,-25.0333,46.9833,faible,957916,0,0,0,0,0,0,0,0,0.0,0.0,0.0
2026-04-06,2026,4,2026-W15,Anosy,-25.0333,46.9833,faible,957916,0,0,0,0,0,0,0,0,0.0,0.0,0.0
2026-04-13,2026,4,2026-W16,Anosy,-25.0333,46.9833,faible,957916,0,0,0,0,0,0,0,0,0.0,0.0,0.0
2026-04-20,2026,4,2026-W17,Anosy,-25.0333,46.9833,faible,957916,0,0,0,0,0,0,0,0,0.0,0.0,0.0
2026-04-27,2026,4,2026-W18,Anosy,-25.0333,46.9833,faible,957916,0,0,0,0,0,0,0,0,0.0,0.0,0.0
2026-05-04,2026,5,2026-W19,Anosy,-25.0333,46.9833,faible,957916,0,0,0,0,0,0,0,0,0.0,0.0,0.0
2026-05-11,2026,5,2026-W20,Anosy,-25.0333,46.9833,faible,957916,0,0,0,0,0,0,0,0,0.0,0.0,0.0
2026-05-18,2026,5,2026-W21,Anosy,-25.0333,46.9833,faible,957916,0,0,0,0,0,0,0,0,0.0,0.0,0.0
2026-05-25,2026,5,2026-W22,Anosy,-25.0333,46.9833,faible,957916,0,0,0,0,0,0,0,0,0.0,0.0,0.0
2026-06-01,2026,6,2026-W23,Anosy,-25.0333,46.9833,faible,957916,0,0,0,0,0,0,0,0,0.0,0.0,0.0
2026-06-08,2026,6,2026-W24,Anosy,-25.0333,46.9833,faible,957916,0,0,0,0,0,0,0,0,0.0,0.0,0.0
2026-06-15,2026,6,2026-W25,Anosy,-25.0333,46.9833,faible,957916,0,0,0,0,0,0,0,0,0.0,0.0,0.0
2026-06-22,2026,6,2026-W26,Anosy,-25.0333,46.9833,faible,957916,0,0,0,0,0,0,0,0,0.0,0.0,0.0
2026-06-29,2026,6,2026-W27,Anosy,-25.0333,46.9833,faible,957916,0,0,0,0,0,0,0,0,0.0,0.0,0.0
2026-07-06,2026,7,2026-W28,Anosy,-25.0333,46.9833,faible,957916,0,0,0,0,0,0,0,0,0.0,0.0,0.0
2026-07-13,2026,7,2026-W29,Anosy,-25.0333,46.9833,faible,957916,0,0,0,0,0,0,0,0,0.0,0.0,0.0
2026-07-20,2026,7,2026-W30,Anosy,-25.0333,46.9833,faible,957916,0,0,0,0,0,0,0,0,0.0,0.0,0.0
2026-07-27,2026,7,2026-W31,Anosy,-25.0333,46.9833,faible,957916,0,0,0,0,0,0,0,0,0.0,0.0,0.0
2020-01-06,2020,1,2020-W02,Atsimo-Andrefana,-23.35,43.6667,faible,2128706,0,0,0,0,0,0,0,0,0.0,0.0,0.0
2020-01-13,2020,1,2020-W03,Atsimo-Andrefana,-23.35,43.6667,faible,2128706,0,0,0,0,0,0,0,0,0.0,0.0,0.0
2020-01-20,2020,1,2020-W04,Atsimo-Andrefana,-23.35,43.6667,faible,2128706,0,0,0,0,0,0,0,0,0.0,0.0,0.0
2020-01-27,2020,1,2020-W05,Atsimo-Andrefana,-23.35,43.6667,faible,2128706,0,0,0,0,0,0,0,0,0.0,0.0,0.0
2020-02-03,2020,2,2020-W06,Atsimo-Andrefana,-23.35,43.6667,faible,2128706,0,0,0,0,0,0,0,0,0.0,0.0,0.0
2020-02-10,2020,2,2020-W07,Atsimo-Andrefana,-23.35,43.6667,faible,2128706,0,0,0,0,0,0,0,0,0.0,0.0,0.0
2020-02-17,2020,2,2020-W08,Atsimo-Andrefana,-23.35,43.6667,faible,2128706,0,0,0,0,0,0,0,0,0.0,0.0,0.0
2020-02-24,2020,2,2020-W09,Atsimo-Andrefana,-23.35,43.6667,faible,2128706,0,0,0,0,0,0,0,0,0.0,0.0,0.0
2020-03-02,2020,3,2020-W10,Atsimo-Andrefana,-23.35,43.6667,faible,2128706,0,0,0,0,0,0,0,0,0.0,0.0,0.0
2020-03-09,2020,3,2020-W11,Atsimo-Andrefana,-23.35,43.6667,faible,2128706,0,0,0,0,0,0,0,0,0.0,0.0,0.0
2020-03-16,2020,3,2020-W12,Atsimo-Andrefana,-23.35,43.6667,faible,2128706,0,0,0,0,0,0,0,0,0.0,0.0,0.0
2020-03-23,2020,3,2020-W13,Atsimo-Andrefana,-23.35,43.6667,faible,2128706,0,0,0,0,0,0,0,0,0.0,0.0,0.0
2020-03-30,2020,3,2020-W14,Atsimo-Andrefana,-23.35,43.6667,faible,2128706,0,0,0,0,0,0,0,0,0.0,0.0,0.0
2020-04-06,2020,4,2020-W15,Atsimo-Andrefana,-23.35,43.6667,faible,2128706,0,0,0,0,0,0,0,0,0.0,0.0,0.0
2020-04-13,2020,4,2020-W16,Atsimo-Andrefana,-23.35,43.6667,faible,2128706,0,0,0,0,0,0,0,0,0.0,0.0,0.0
2020-04-20,2020,4,2020-W17,Atsimo-Andrefana,-23.35,43.6667,faible,2128706,0,0,0,0,0,0,0,0,0.0,0.0,0.0
2020-04-27,2020,4,2020-W18,Atsimo-Andrefana,-23.35,43.6667,faible,2128706,0,0,0,0,0,0,0,0,0.0,0.0,0.0
2020-05-04,2020,5,2020-W19,Atsimo-Andrefana,-23.35,43.6667,faible,2128706,0,0,0,0,0,0,0,0,0.0,0.0,0.0
2020-05-11,2020,5,2020-W20,Atsimo-Andrefana,-23.35,43.6667,faible,2128706,0,0,0,0,0,0,0,0,0.0,0.0,0.0
2020-05-18,2020,5,2020-W21,Atsimo-Andrefana,-23.35,43.6667,faible,2128706,0,0,0,0,0,0,0,0,0.0,0.0,0.0
2020-05-25,2020,5,2020-W22,Atsimo-Andrefana,-23.35,43.6667,faible,2128706,0,0,0,0,0,0,0,0,0.0,0.0,0.0
2020-06-01,2020,6,2020-W23,Atsimo-Andrefana,-23.35,43.6667,faible,2128706,0,0,0,0,0,0,0,0,0.0,0.0,0.0
2020-06-08,2020,6,2020-W24,Atsimo-Andrefana,-23.35,43.6667,faible,2128706,0,0,0,0,0,0,0,0,0.0,0.0,0.0
2020-06-15,2020,6,2020-W25,Atsimo-Andrefana,-23.35,43.6667,faible,2128706,0,0,0,0,0,0,0,0,0.0,0.0,0.0
2020-06-22,2020,6,2020-W26,Atsimo-Andrefana,-23.35,43.6667,faible,2128706,0,0,0,0,0,0,0,0,0.0,0.0,0.0
2020-06-29,2020,6,2020-W27,Atsimo-Andrefana,-23.35,43.6667,faible,2128706,0,0,0,0,0,0,0,0,0.0,0.0,0.0
2020-07-06,2020,7,2020-W28,Atsimo-Andrefana,-23.35,43.6667,faible,2128706,0,0,0,0,0,0,0,0,0.0,0.0,0.0
2020-07-13,2020,7,2020-W29,Atsimo-Andrefana,-23.35,43.6667,faible,2128706,0,0,0,0,0,0,0,0,0.0,0.0,0.0
2020-07-20,2020,7,2020-W30,Atsimo-Andrefana,-23.35,43.6667,faible,2128706,0,0,0,0,0,0,0,0,0.0,0.0,0.0
2020-07-27,2020,7,2020-W31,Atsimo-Andrefana,-23.35,43.6667,faible,2128706,0,0,0,0,0,0,0,0,0.0,0.0,0.0
2020-08-03,2020,8,2020-W32,Atsimo-Andrefana,-23.35,43.6667,faible,2128706,0,0,0,0,0,0,0,0,0.0,0.0,0.0
2020-08-10,2020,8,2020-W33,Atsimo-Andrefana,-23.35,43.6667,faible,2128706,0,0,0,0,0,0,0,0,0.0,0.0,0.0
2020-08-17,2020,8,2020-W34,Atsimo-Andrefana,-23.35,43.6667,faible,2128706,0,0,0,0,0,0,0,0,0.0,0.0,0.0
2020-08-24,2020,8,2020-W35,Atsimo-Andrefana,-23.35,43.6667,faible,2128706,0,0,0,0,0,0,0,0,0.0,0.0,0.0
2020-08-31,2020,8,2020-W36,Atsimo-Andrefana,-23.35,43.6667,faible,2128706,0,0,0,0,0,0,0,0,0.0,0.0,0.0
2020-09-07,2020,9,2020-W37,Atsimo-Andrefana,-23.35,43.6667,faible,2128706,0,0,0,0,0,0,0,0,0.0,0.0,0.0
2020-09-14,2020,9,2020-W38,Atsimo-Andrefana,-23.35,43.6667,faible,2128706,0,0,0,0,0,0,0,0,0.0,0.0,0.0
2020-09-21,2020,9,2020-W39,Atsimo-Andrefana,-23.35,43.6667,faible,2128706,0,0,0,0,0,0,0,0,0.0,0.0,0.0
2020-09-28,2020,9,2020-W40,Atsimo-Andrefana,-23.35,43.6667,faible,2128706,0,0,0,0,0,0,0,0,0.0,0.0,0.0
2020-10-05,2020,10,2020-W41,Atsimo-Andrefana,-23.35,43.6667,faible,2128706,0,0,0,0,0,0,0,0,0.0,0.0,0.0
2020-10-12,2020,10,2020-W42,Atsimo-Andrefana,-23.35,43.6667,faible,2128706,0,0,0,0,0,0,0,0,0.0,0.0,0.0
2020-10-19,2020,10,2020-W43,Atsimo-Andrefana,-23.35,43.6667,faible,2128706,0,0,0,0,0,0,0,0,0.0,0.0,0.0
2020-10-26,2020,10,2020-W44,Atsimo-Andrefana,-23.35,43.6667,faible,2128706,0,0,0,0,0,0,0,0,0.0,0.0,0.0
2020-11-02,2020,11,2020-W45,Atsimo-Andrefana,-23.35,43.6667,faible,2128706,0,0,0,0,0,0,0,0,0.0,0.0,0.0
2020-11-09,2020,11,2020-W46,Atsimo-Andrefana,-23.35,43.6667,faible,2128706,0,0,0,0,0,0,0,0,0.0,0.0,0.0
2020-11-16,2020,11,2020-W47,Atsimo-Andrefana,-23.35,43.6667,faible,2128706,0,0,0,0,0,0,0,0,0.0,0.0,0.0
2020-11-23,2020,11,2020-W48,Atsimo-Andrefana,-23.35,43.6667,faible,2128706,0,0,0,0,0,0,0,0,0.0,0.0,0.0
2020-11-30,2020,11,2020-W49,Atsimo-Andrefana,-23.35,43.6667,faible,2128706,0,0,0,0,0,0,0,0,0.0,0.0,0.0
2020-12-07,2020,12,2020-W50,Atsimo-Andrefana,-23.35,43.6667,faible,2128706,0,0,0,0,0,0,0,0,0.0,0.0,0.0
2020-12-14,2020,12,2020-W51,Atsimo-Andrefana,-23.35,43.6667,faible,2128706,0,0,0,0,0,0,0,0,0.0,0.0,0.0
2020-12-21,2020,12,2020-W52,Atsimo-Andrefana,-23.35,43.6667,faible,2128706,0,0,0,0,0,0,0,0,0.0,0.0,0.0
2020-12-28,2020,12,2020-W53,Atsimo-Andrefana,-23.35,43.6667,faible,2128706,0,0,0,0,0,0,0,0,0.0,0.0,0.0
2021-01-04,2021,1,2021-W01,Atsimo-Andrefana,-23.35,43.6667,faible,2128706,0,0,0,0,0,0,0,0,0.0,0.0,0.0
2021-01-11,2021,1,2021-W02,Atsimo-Andrefana,-23.35,43.6667,faible,2128706,0,0,0,0,0,0,0,0,0.0,0.0,0.0
2021-01-18,2021,1,2021-W03,Atsimo-Andrefana,-23.35,43.6667,faible,2128706,0,0,0,0,0,0,0,0,0.0,0.0,0.0
2021-01-25,2021,1,2021-W04,Atsimo-Andrefana,-23.35,43.6667,faible,2128706,0,0,0,0,0,0,0,0,0.0,0.0,0.0
2021-02-01,2021,2,2021-W05,Atsimo-Andrefana,-23.35,43.6667,faible,2128706,0,0,0,0,0,0,0,0,0.0,0.0,0.0
2021-02-08,2021,2,2021-W06,Atsimo-Andrefana,-23.35,43.6667,faible,2128706,0,0,0,0,0,0,0,0,0.0,0.0,0.0
2021-02-15,2021,2,2021-W07,Atsimo-Andrefana,-23.35,43.6667,faible,2128706,0,0,0,0,0,0,0,0,0.0,0.0,0.0
2021-02-22,2021,2,2021-W08,Atsimo-Andrefana,-23.35,43.6667,faible,2128706,0,0,0,0,0,0,0,0,0.0,0.0,0.0
2021-03-01,2021,3,2021-W09,Atsimo-Andrefana,-23.35,43.6667,faible,2128706,0,0,0,0,0,0,0,0,0.0,0.0,0.0
2021-03-08,2021,3,2021-W10,Atsimo-Andrefana,-23.35,43.6667,faible,2128706,0,0,0,0,0,0,0,0,0.0,0.0,0.0
2021-03-15,2021,3,2021-W11,Atsimo-Andrefana,-23.35,43.6667,faible,2128706,0,0,0,0,0,0,0,0,0.0,0.0,0.0
2021-03-22,2021,3,2021-W12,Atsimo-Andrefana,-23.35,43.6667,faible,2128706,0,0,0,0,0,0,0,0,0.0,0.0,0.0
2021-03-29,2021,3,2021-W13,Atsimo-Andrefana,-23.35,43.6667,faible,2128706,0,0,0,0,0,0,0,0,0.0,0.0,0.0
2021-04-05,2021,4,2021-W14,Atsimo-Andrefana,-23.35,43.6667,faible,2128706,0,0,0,0,0,0,0,0,0.0,0.0,0.0
2021-04-12,2021,4,2021-W15,Atsimo-Andrefana,-23.35,43.6667,faible,2128706,0,0,0,0,0,0,0,0,0.0,0.0,0.0
2021-04-19,2021,4,2021-W16,Atsimo-Andrefana,-23.35,43.6667,faible,2128706,0,0,0,0,0,0,0,0,0.0,0.0,0.0
2021-04-26,2021,4,2021-W17,Atsimo-Andrefana,-23.35,43.6667,faible,2128706,0,0,0,0,0,0,0,0,0.0,0.0,0.0
2021-05-03,2021,5,2021-W18,Atsimo-Andrefana,-23.35,43.6667,faible,2128706,0,0,0,0,0,0,0,0,0.0,0.0,0.0
2021-05-10,2021,5,2021-W19,Atsimo-Andrefana,-23.35,43.6667,faible,2128706,0,0,0,0,0,0,0,0,0.0,0.0,0.0
2021-05-17,2021,5,2021-W20,Atsimo-Andrefana,-23.35,43.6667,faible,2128706,0,0,0,0,0,0,0,0,0.0,0.0,0.0
2021-05-24,2021,5,2021-W21,Atsimo-Andrefana,-23.35,43.6667,faible,2128706,0,0,0,0,0,0,0,0,0.0,0.0,0.0
2021-05-31,2021,5,2021-W22,Atsimo-Andrefana,-23.35,43.6667,faible,2128706,0,0,0,0,0,0,0,0,0.0,0.0,0.0
2021-06-07,2021,6,2021-W23,Atsimo-Andrefana,-23.35,43.6667,faible,2128706,0,0,0,0,0,0,0,0,0.0,0.0,0.0
2021-06-14,2021,6,2021-W24,Atsimo-Andrefana,-23.35,43.6667,faible,2128706,0,0,0,0,0,0,0,0,0.0,0.0,0.0
2021-06-21,2021,6,2021-W25,Atsimo-Andrefana,-23.35,43.6667,faible,2128706,0,0,0,0,0,0,0,0,0.0,0.0,0.0
2021-06-28,2021,6,2021-W26,Atsimo-Andrefana,-23.35,43.6667,faible,2128706,0,0,0,0,0,0,0,0,0.0,0.0,0.0
2021-07-05,2021,7,2021-W27,Atsimo-Andrefana,-23.35,43.6667,faible,2128706,0,0,0,0,0,0,0,0,0.0,0.0,0.0
2021-07-12,2021,7,2021-W28,Atsimo-Andrefana,-23.35,43.6667,faible,2128706,0,0,0,0,0,0,0,0,0.0,0.0,0.0
2021-07-19,2021,7,2021-W29,Atsimo-Andrefana,-23.35,43.6667,faible,2128706,0,0,0,0,0,0,0,0,0.0,0.0,0.0
2021-07-26,2021,7,2021-W30,Atsimo-Andrefana,-23.35,43.6667,faible,2128706,0,0,0,0,0,0,0,0,0.0,0.0,0.0
2021-08-02,2021,8,2021-W31,Atsimo-Andrefana,-23.35,43.6667,faible,2128706,0,0,0,0,0,0,0,0,0.0,0.0,0.0
2021-08-09,2021,8,2021-W32,Atsimo-Andrefana,-23.35,43.6667,faible,2128706,0,0,0,0,0,0,0,0,0.0,0.0,0.0
2021-08-16,2021,8,2021-W33,Atsimo-Andrefana,-23.35,43.6667,faible,2128706,0,0,0,0,0,0,0,0,0.0,0.0,0.0
2021-08-23,2021,8,2021-W34,Atsimo-Andrefana,-23.35,43.6667,faible,2128706,0,0,0,0,0,0,0,0,0.0,0.0,0.0
2021-08-30,2021,8,2021-W35,Atsimo-Andrefana,-23.35,43.6667,faible,2128706,0,0,0,0,0,0,0,0,0.0,0.0,0.0
2021-09-06,2021,9,2021-W36,Atsimo-Andrefana,-23.35,43.6667,faible,2128706,0,0,0,0,0,0,0,0,0.0,0.0,0.0
2021-09-13,2021,9,2021-W37,Atsimo-Andrefana,-23.35,43.6667,faible,2128706,0,0,0,0,0,0,0,0,0.0,0.0,0.0
2021-09-20,2021,9,2021-W38,Atsimo-Andrefana,-23.35,43.6667,faible,2128706,0,0,0,0,0,0,0,0,0.0,0.0,0.0
2021-09-27,2021,9,2021-W39,Atsimo-Andrefana,-23.35,43.6667,faible,2128706,0,0,0,0,0,0,0,0,0.0,0.0,0.0
2021-10-04,2021,10,2021-W40,Atsimo-Andrefana,-23.35,43.6667,faible,2128706,0,0,0,0,0,0,0,0,0.0,0.0,0.0
2021-10-11,2021,10,2021-W41,Atsimo-Andrefana,-23.35,43.6667,faible,2128706,0,0,0,0,0,0,0,0,0.0,0.0,0.0
2021-10-18,2021,10,2021-W42,Atsimo-Andrefana,-23.35,43.6667,faible,2128706,0,0,0,0,0,0,0,0,0.0,0.0,0.0
2021-10-25,2021,10,2021-W43,Atsimo-Andrefana,-23.35,43.6667,faible,2128706,0,0,0,0,0,0,0,0,0.0,0.0,0.0
2021-11-01,2021,11,2021-W44,Atsimo-Andrefana,-23.35,43.6667,faible,2128706,0,0,0,0,0,0,0,0,0.0,0.0,0.0
2021-11-08,2021,11,2021-W45,Atsimo-Andrefana,-23.35,43.6667,faible,2128706,0,0,0,0,0,0,0,0,0.0,0.0,0.0
2021-11-15,2021,11,2021-W46,Atsimo-Andrefana,-23.35,43.6667,faible,2128706,0,0,0,0,0,0,0,0,0.0,0.0,0.0
2021-11-22,2021,11,2021-W47,Atsimo-Andrefana,-23.35,43.6667,faible,2128706,0,0,0,0,0,0,0,0,0.0,0.0,0.0
2021-11-29,2021,11,2021-W48,Atsimo-Andrefana,-23.35,43.6667,faible,2128706,0,0,0,0,0,0,0,0,0.0,0.0,0.0
2021-12-06,2021,12,2021-W49,Atsimo-Andrefana,-23.35,43.6667,faible,2128706,0,0,0,0,0,0,0,0,0.0,0.0,0.0
2021-12-13,2021,12,2021-W50,Atsimo-Andrefana,-23.35,43.6667,faible,2128706,0,0,0,0,0,0,0,0,0.0,0.0,0.0
2021-12-20,2021,12,2021-W51,Atsimo-Andrefana,-23.35,43.6667,faible,2128706,0,0,0,0,0,0,0,0,0.0,0.0,0.0
2021-12-27,2021,12,2021-W52,Atsimo-Andrefana,-23.35,43.6667,faible,2128706,0,0,0,0,0,0,0,0,0.0,0.0,0.0
2022-01-03,2022,1,2022-W01,Atsimo-Andrefana,-23.35,43.6667,faible,2128706,0,0,0,0,0,0,0,0,0.0,0.0,0.0
2022-01-10,2022,1,2022-W02,Atsimo-Andrefana,-23.35,43.6667,faible,2128706,0,0,0,0,0,0,0,0,0.0,0.0,0.0
2022-01-17,2022,1,2022-W03,Atsimo-Andrefana,-23.35,43.6667,faible,2128706,0,0,0,0,0,0,0,0,0.0,0.0,0.0
2022-01-24,2022,1,2022-W04,Atsimo-Andrefana,-23.35,43.6667,faible,2128706,0,0,0,0,0,0,0,0,0.0,0.0,0.0
2022-01-31,2022,1,2022-W05,Atsimo-Andrefana,-23.35,43.6667,faible,2128706,0,0,0,0,0,0,0,0,0.0,0.0,0.0
2022-02-07,2022,2,2022-W06,Atsimo-Andrefana,-23.35,43.6667,faible,2128706,0,0,0,0,0,0,0,0,0.0,0.0,0.0
2022-02-14,2022,2,2022-W07,Atsimo-Andrefana,-23.35,43.6667,faible,2128706,0,0,0,0,0,0,0,0,0.0,0.0,0.0
2022-02-21,2022,2,2022-W08,Atsimo-Andrefana,-23.35,43.6667,faible,2128706,0,0,0,0,0,0,0,0,0.0,0.0,0.0
2022-02-28,2022,2,2022-W09,Atsimo-Andrefana,-23.35,43.6667,faible,2128706,0,0,0,0,0,0,0,0,0.0,0.0,0.0
2022-03-07,2022,3,2022-W10,Atsimo-Andrefana,-23.35,43.6667,faible,2128706,0,0,0,0,0,0,0,0,0.0,0.0,0.0
2022-03-14,2022,3,2022-W11,Atsimo-Andrefana,-23.35,43.6667,faible,2128706,0,0,0,0,0,0,0,0,0.0,0.0,0.0
2022-03-21,2022,3,2022-W12,Atsimo-Andrefana,-23.35,43.6667,faible,2128706,0,0,0,0,0,0,0,0,0.0,0.0,0.0
2022-03-28,2022,3,2022-W13,Atsimo-Andrefana,-23.35,43.6667,faible,2128706,0,0,0,0,0,0,0,0,0.0,0.0,0.0
2022-04-04,2022,4,2022-W14,Atsimo-Andrefana,-23.35,43.6667,faible,2128706,0,0,0,0,0,0,0,0,0.0,0.0,0.0
2022-04-11,2022,4,2022-W15,Atsimo-Andrefana,-23.35,43.6667,faible,2128706,0,0,0,0,0,0,0,0,0.0,0.0,0.0
2022-04-18,2022,4,2022-W16,Atsimo-Andrefana,-23.35,43.6667,faible,2128706,0,0,0,0,0,0,0,0,0.0,0.0,0.0
2022-04-25,2022,4,2022-W17,Atsimo-Andrefana,-23.35,43.6667,faible,2128706,0,0,0,0,0,0,0,0,0.0,0.0,0.0
2022-05-02,2022,5,2022-W18,Atsimo-Andrefana,-23.35,43.6667,faible,2128706,0,0,0,0,0,0,0,0,0.0,0.0,0.0
2022-05-09,2022,5,2022-W19,Atsimo-Andrefana,-23.35,43.6667,faible,2128706,0,0,0,0,0,0,0,0,0.0,0.0,0.0
2022-05-16,2022,5,2022-W20,Atsimo-Andrefana,-23.35,43.6667,faible,2128706,0,0,0,0,0,0,0,0,0.0,0.0,0.0
2022-05-23,2022,5,2022-W21,Atsimo-Andrefana,-23.35,43.6667,faible,2128706,0,0,0,0,0,0,0,0,0.0,0.0,0.0
2022-05-30,2022,5,2022-W22,Atsimo-Andrefana,-23.35,43.6667,faible,2128706,0,0,0,0,0,0,0,0,0.0,0.0,0.0
2022-06-06,2022,6,2022-W23,Atsimo-Andrefana,-23.35,43.6667,faible,2128706,0,0,0,0,0,0,0,0,0.0,0.0,0.0
2022-06-13,2022,6,2022-W24,Atsimo-Andrefana,-23.35,43.6667,faible,2128706,0,0,0,0,0,0,0,0,0.0,0.0,0.0
2022-06-20,2022,6,2022-W25,Atsimo-Andrefana,-23.35,43.6667,faible,2128706,0,0,0,0,0,0,0,0,0.0,0.0,0.0
2022-06-27,2022,6,2022-W26,Atsimo-Andrefana,-23.35,43.6667,faible,2128706,0,0,0,0,0,0,0,0,0.0,0.0,0.0
2022-07-04,2022,7,2022-W27,Atsimo-Andrefana,-23.35,43.6667,faible,2128706,0,0,0,0,0,0,0,0,0.0,0.0,0.0
2022-07-11,2022,7,2022-W28,Atsimo-Andrefana,-23.35,43.6667,faible,2128706,0,0,0,0,0,0,0,0,0.0,0.0,0.0
2022-07-18,2022,7,2022-W29,Atsimo-Andrefana,-23.35,43.6667,faible,2128706,0,0,0,0,0,0,0,0,0.0,0.0,0.0
2022-07-25,2022,7,2022-W30,Atsimo-Andrefana,-23.35,43.6667,faible,2128706,0,0,0,0,0,0,0,0,0.0,0.0,0.0
2022-08-01,2022,8,2022-W31,Atsimo-Andrefana,-23.35,43.6667,faible,2128706,0,0,0,0,0,0,0,0,0.0,0.0,0.0
2022-08-08,2022,8,2022-W32,Atsimo-Andrefana,-23.35,43.6667,faible,2128706,0,0,0,0,0,0,0,0,0.0,0.0,0.0
2022-08-15,2022,8,2022-W33,Atsimo-Andrefana,-23.35,43.6667,faible,2128706,0,0,0,0,0,0,0,0,0.0,0.0,0.0
2022-08-22,2022,8,2022-W34,Atsimo-Andrefana,-23.35,43.6667,faible,2128706,0,0,0,0,0,0,0,0,0.0,0.0,0.0
2022-08-29,2022,8,2022-W35,Atsimo-Andrefana,-23.35,43.6667,faible,2128706,0,0,0,0,0,0,0,0,0.0,0.0,0.0
2022-09-05,2022,9,2022-W36,Atsimo-Andrefana,-23.35,43.6667,faible,2128706,0,0,0,0,0,0,0,0,0.0,0.0,0.0
2022-09-12,2022,9,2022-W37,Atsimo-Andrefana,-23.35,43.6667,faible,2128706,0,0,0,0,0,0,0,0,0.0,0.0,0.0
2022-09-19,2022,9,2022-W38,Atsimo-Andrefana,-23.35,43.6667,faible,2128706,0,0,0,0,0,0,0,0,0.0,0.0,0.0
2022-09-26,2022,9,2022-W39,Atsimo-Andrefana,-23.35,43.6667,faible,2128706,0,0,0,0,0,0,0,0,0.0,0.0,0.0
2022-10-03,2022,10,2022-W40,Atsimo-Andrefana,-23.35,43.6667,faible,2128706,0,0,0,0,0,0,0,0,0.0,0.0,0.0
2022-10-10,2022,10,2022-W41,Atsimo-Andrefana,-23.35,43.6667,faible,2128706,0,0,0,0,0,0,0,0,0.0,0.0,0.0
2022-10-17,2022,10,2022-W42,Atsimo-Andrefana,-23.35,43.6667,faible,2128706,0,0,0,0,0,0,0,0,0.0,0.0,0.0
2022-10-24,2022,10,2022-W43,Atsimo-Andrefana,-23.35,43.6667,faible,2128706,0,0,0,0,0,0,0,0,0.0,0.0,0.0
2022-10-31,2022,10,2022-W44,Atsimo-Andrefana,-23.35,43.6667,faible,2128706,0,0,0,0,0,0,0,0,0.0,0.0,0.0
2022-11-07,2022,11,2022-W45,Atsimo-Andrefana,-23.35,43.6667,faible,2128706,0,0,0,0,0,0,0,0,0.0,0.0,0.0
2022-11-14,2022,11,2022-W46,Atsimo-Andrefana,-23.35,43.6667,faible,2128706,0,0,0,0,0,0,0,0,0.0,0.0,0.0
2022-11-21,2022,11,2022-W47,Atsimo-Andrefana,-23.35,43.6667,faible,2128706,0,0,0,0,0,0,0,0,0.0,0.0,0.0
2022-11-28,2022,11,2022-W48,Atsimo-Andrefana,-23.35,43.6667,faible,2128706,0,0,0,0,0,0,0,0,0.0,0.0,0.0
2022-12-05,2022,12,2022-W49,Atsimo-Andrefana,-23.35,43.6667,faible,2128706,0,0,0,0,0,0,0,0,0.0,0.0,0.0
2022-12-12,2022,12,2022-W50,Atsimo-Andrefana,-23.35,43.6667,faible,2128706,0,0,0,0,0,0,0,0,0.0,0.0,0.0
2022-12-19,2022,12,2022-W51,Atsimo-Andrefana,-23.35,43.6667,faible,2128706,0,0,0,0,0,0,0,0,0.0,0.0,0.0
2022-12-26,2022,12,2022-W52,Atsimo-Andrefana,-23.35,43.6667,faible,2128706,0,0,0,0,0,0,0,0,0.0,0.0,0.0
2023-01-02,2023,1,2023-W01,Atsimo-Andrefana,-23.35,43.6667,faible,2128706,0,0,0,0,0,0,0,0,0.0,0.0,0.0
2023-01-09,2023,1,2023-W02,Atsimo-Andrefana,-23.35,43.6667,faible,2128706,0,0,0,0,0,0,0,0,0.0,0.0,0.0
2023-01-16,2023,1,2023-W03,Atsimo-Andrefana,-23.35,43.6667,faible,2128706,0,0,0,0,0,0,0,0,0.0,0.0,0.0
2023-01-23,2023,1,2023-W04,Atsimo-Andrefana,-23.35,43.6667,faible,2128706,0,0,0,0,0,0,0,0,0.0,0.0,0.0
2023-01-30,2023,1,2023-W05,Atsimo-Andrefana,-23.35,43.6667,faible,2128706,0,0,0,0,0,0,0,0,0.0,0.0,0.0
2023-02-06,2023,2,2023-W06,Atsimo-Andrefana,-23.35,43.6667,faible,2128706,0,0,0,0,0,0,0,0,0.0,0.0,0.0
2023-02-13,2023,2,2023-W07,Atsimo-Andrefana,-23.35,43.6667,faible,2128706,0,0,0,0,0,0,0,0,0.0,0.0,0.0
2023-02-20,2023,2,2023-W08,Atsimo-Andrefana,-23.35,43.6667,faible,2128706,0,0,0,0,0,0,0,0,0.0,0.0,0.0
2023-02-27,2023,2,2023-W09,Atsimo-Andrefana,-23.35,43.6667,faible,2128706,0,0,0,0,0,0,0,0,0.0,0.0,0.0
2023-03-06,2023,3,2023-W10,Atsimo-Andrefana,-23.35,43.6667,faible,2128706,0,0,0,0,0,0,0,0,0.0,0.0,0.0
2023-03-13,2023,3,2023-W11,Atsimo-Andrefana,-23.35,43.6667,faible,2128706,0,0,0,0,0,0,0,0,0.0,0.0,0.0
2023-03-20,2023,3,2023-W12,Atsimo-Andrefana,-23.35,43.6667,faible,2128706,0,0,0,0,0,0,0,0,0.0,0.0,0.0
2023-03-27,2023,3,2023-W13,Atsimo-Andrefana,-23.35,43.6667,faible,2128706,0,0,0,0,0,0,0,0,0.0,0.0,0.0
2023-04-03,2023,4,2023-W14,Atsimo-Andrefana,-23.35,43.6667,faible,2128706,0,0,0,0,0,0,0,0,0.0,0.0,0.0
2023-04-10,2023,4,2023-W15,Atsimo-Andrefana,-23.35,43.6667,faible,2128706,0,0,0,0,0,0,0,0,0.0,0.0,0.0
2023-04-17,2023,4,2023-W16,Atsimo-Andrefana,-23.35,43.6667,faible,2128706,0,0,0,0,0,0,0,0,0.0,0.0,0.0
2023-04-24,2023,4,2023-W17,Atsimo-Andrefana,-23.35,43.6667,faible,2128706,0,0,0,0,0,0,0,0,0.0,0.0,0.0
2023-05-01,2023,5,2023-W18,Atsimo-Andrefana,-23.35,43.6667,faible,2128706,0,0,0,0,0,0,0,0,0.0,0.0,0.0
2023-05-08,2023,5,2023-W19,Atsimo-Andrefana,-23.35,43.6667,faible,2128706,0,0,0,0,0,0,0,0,0.0,0.0,0.0
2023-05-15,2023,5,2023-W20,Atsimo-Andrefana,-23.35,43.6667,faible,2128706,0,0,0,0,0,0,0,0,0.0,0.0,0.0
2023-05-22,2023,5,2023-W21,Atsimo-Andrefana,-23.35,43.6667,faible,2128706,0,0,0,0,0,0,0,0,0.0,0.0,0.0
2023-05-29,2023,5,2023-W22,Atsimo-Andrefana,-23.35,43.6667,faible,2128706,0,0,0,0,0,0,0,0,0.0,0.0,0.0
2023-06-05,2023,6,2023-W23,Atsimo-Andrefana,-23.35,43.6667,faible,2128706,0,0,0,0,0,0,0,0,0.0,0.0,0.0
2023-06-12,2023,6,2023-W24,Atsimo-Andrefana,-23.35,43.6667,faible,2128706,0,0,0,0,0,0,0,0,0.0,0.0,0.0
2023-06-19,2023,6,2023-W25,Atsimo-Andrefana,-23.35,43.6667,faible,2128706,0,0,0,0,0,0,0,0,0.0,0.0,0.0
2023-06-26,2023,6,2023-W26,Atsimo-Andrefana,-23.35,43.6667,faible,2128706,0,0,0,0,0,0,0,0,0.0,0.0,0.0
2023-07-03,2023,7,2023-W27,Atsimo-Andrefana,-23.35,43.6667,faible,2128706,0,0,0,0,0,0,0,0,0.0,0.0,0.0
2023-07-10,2023,7,2023-W28,Atsimo-Andrefana,-23.35,43.6667,faible,2128706,0,0,0,0,0,0,0,0,0.0,0.0,0.0
2023-07-17,2023,7,2023-W29,Atsimo-Andrefana,-23.35,43.6667,faible,2128706,0,0,0,0,0,0,0,0,0.0,0.0,0.0
2023-07-24,2023,7,2023-W30,Atsimo-Andrefana,-23.35,43.6667,faible,2128706,0,0,0,0,0,0,0,0,0.0,0.0,0.0
2023-07-31,2023,7,2023-W31,Atsimo-Andrefana,-23.35,43.6667,faible,2128706,0,0,0,0,0,0,0,0,0.0,0.0,0.0
2023-08-07,2023,8,2023-W32,Atsimo-Andrefana,-23.35,43.6667,faible,2128706,0,0,0,0,0,0,0,0,0.0,0.0,0.0
2023-08-14,2023,8,2023-W33,Atsimo-Andrefana,-23.35,43.6667,faible,2128706,0,0,0,0,0,0,0,0,0.0,0.0,0.0
2023-08-21,2023,8,2023-W34,Atsimo-Andrefana,-23.35,43.6667,faible,2128706,0,0,0,0,0,0,0,0,0.0,0.0,0.0
2023-08-28,2023,8,2023-W35,Atsimo-Andrefana,-23.35,43.6667,faible,2128706,0,0,0,0,0,0,0,0,0.0,0.0,0.0
2023-09-04,2023,9,2023-W36,Atsimo-Andrefana,-23.35,43.6667,faible,2128706,0,0,0,0,0,0,0,0,0.0,0.0,0.0
2023-09-11,2023,9,2023-W37,Atsimo-Andrefana,-23.35,43.6667,faible,2128706,0,0,0,0,0,0,0,0,0.0,0.0,0.0
2023-09-18,2023,9,2023-W38,Atsimo-Andrefana,-23.35,43.6667,faible,2128706,0,0,0,0,0,0,0,0,0.0,0.0,0.0
2023-09-25,2023,9,2023-W39,Atsimo-Andrefana,-23.35,43.6667,faible,2128706,0,0,0,0,0,0,0,0,0.0,0.0,0.0
2023-10-02,2023,10,2023-W40,Atsimo-Andrefana,-23.35,43.6667,faible,2128706,0,0,0,0,0,0,0,0,0.0,0.0,0.0
2023-10-09,2023,10,2023-W41,Atsimo-Andrefana,-23.35,43.6667,faible,2128706,0,0,0,0,0,0,0,0,0.0,0.0,0.0
2023-10-16,2023,10,2023-W42,Atsimo-Andrefana,-23.35,43.6667,faible,2128706,0,0,0,0,0,0,0,0,0.0,0.0,0.0
2023-10-23,2023,10,2023-W43,Atsimo-Andrefana,-23.35,43.6667,faible,2128706,0,0,0,0,0,0,0,0,0.0,0.0,0.0
2023-10-30,2023,10,2023-W44,Atsimo-Andrefana,-23.35,43.6667,faible,2128706,0,0,0,0,0,0,0,0,0.0,0.0,0.0
2023-11-06,2023,11,2023-W45,Atsimo-Andrefana,-23.35,43.6667,faible,2128706,0,0,0,0,0,0,0,0,0.0,0.0,0.0
2023-11-13,2023,11,2023-W46,Atsimo-Andrefana,-23.35,43.6667,faible,2128706,0,0,0,0,0,0,0,0,0.0,0.0,0.0
2023-11-20,2023,11,2023-W47,Atsimo-Andrefana,-23.35,43.6667,faible,2128706,0,0,0,0,0,0,0,0,0.0,0.0,0.0
2023-11-27,2023,11,2023-W48,Atsimo-Andrefana,-23.35,43.6667,faible,2128706,0,0,0,0,0,0,0,0,0.0,0.0,0.0
2023-12-04,2023,12,2023-W49,Atsimo-Andrefana,-23.35,43.6667,faible,2128706,0,0,0,0,0,0,0,0,0.0,0.0,0.0
2023-12-11,2023,12,2023-W50,Atsimo-Andrefana,-23.35,43.6667,faible,2128706,0,0,0,0,0,0,0,0,0.0,0.0,0.0
2023-12-18,2023,12,2023-W51,Atsimo-Andrefana,-23.35,43.6667,faible,2128706,0,0,0,0,0,0,0,0,0.0,0.0,0.0
2023-12-25,2023,12,2023-W52,Atsimo-Andrefana,-23.35,43.6667,faible,2128706,0,0,0,0,0,0,0,0,0.0,0.0,0.0
2024-01-01,2024,1,2024-W01,Atsimo-Andrefana,-23.35,43.6667,faible,2128706,0,0,0,0,0,0,0,0,0.0,0.0,0.0
2024-01-08,2024,1,2024-W02,Atsimo-Andrefana,-23.35,43.6667,faible,2128706,0,0,0,0,0,0,0,0,0.0,0.0,0.0
2024-01-15,2024,1,2024-W03,Atsimo-Andrefana,-23.35,43.6667,faible,2128706,0,0,0,0,0,0,0,0,0.0,0.0,0.0
2024-01-22,2024,1,2024-W04,Atsimo-Andrefana,-23.35,43.6667,faible,2128706,0,0,0,0,0,0,0,0,0.0,0.0,0.0
2024-01-29,2024,1,2024-W05,Atsimo-Andrefana,-23.35,43.6667,faible,2128706,0,0,0,0,0,0,0,0,0.0,0.0,0.0
2024-02-05,2024,2,2024-W06,Atsimo-Andrefana,-23.35,43.6667,faible,2128706,0,0,0,0,0,0,0,0,0.0,0.0,0.0
2024-02-12,2024,2,2024-W07,Atsimo-Andrefana,-23.35,43.6667,faible,2128706,0,0,0,0,0,0,0,0,0.0,0.0,0.0
2024-02-19,2024,2,2024-W08,Atsimo-Andrefana,-23.35,43.6667,faible,2128706,0,0,0,0,0,0,0,0,0.0,0.0,0.0
2024-02-26,2024,2,2024-W09,Atsimo-Andrefana,-23.35,43.6667,faible,2128706,0,0,0,0,0,0,0,0,0.0,0.0,0.0
2024-03-04,2024,3,2024-W10,Atsimo-Andrefana,-23.35,43.6667,faible,2128706,0,0,0,0,0,0,0,0,0.0,0.0,0.0
2024-03-11,2024,3,2024-W11,Atsimo-Andrefana,-23.35,43.6667,faible,2128706,0,0,0,0,0,0,0,0,0.0,0.0,0.0
2024-03-18,2024,3,2024-W12,Atsimo-Andrefana,-23.35,43.6667,faible,2128706,0,0,0,0,0,0,0,0,0.0,0.0,0.0
2024-03-25,2024,3,2024-W13,Atsimo-Andrefana,-23.35,43.6667,faible,2128706,0,0,0,0,0,0,0,0,0.0,0.0,0.0
2024-04-01,2024,4,2024-W14,Atsimo-Andrefana,-23.35,43.6667,faible,2128706,0,0,0,0,0,0,0,0,0.0,0.0,0.0
2024-04-08,2024,4,2024-W15,Atsimo-Andrefana,-23.35,43.6667,faible,2128706,0,0,0,0,0,0,0,0,0.0,0.0,0.0
2024-04-15,2024,4,2024-W16,Atsimo-Andrefana,-23.35,43.6667,faible,2128706,0,0,0,0,0,0,0,0,0.0,0.0,0.0
2024-04-22,2024,4,2024-W17,Atsimo-Andrefana,-23.35,43.6667,faible,2128706,0,0,0,0,0,0,0,0,0.0,0.0,0.0
2024-04-29,2024,4,2024-W18,Atsimo-Andrefana,-23.35,43.6667,faible,2128706,0,0,0,0,0,0,0,0,0.0,0.0,0.0
2024-05-06,2024,5,2024-W19,Atsimo-Andrefana,-23.35,43.6667,faible,2128706,0,0,0,0,0,0,0,0,0.0,0.0,0.0
2024-05-13,2024,5,2024-W20,Atsimo-Andrefana,-23.35,43.6667,faible,2128706,0,0,0,0,0,0,0,0,0.0,0.0,0.0
2024-05-20,2024,5,2024-W21,Atsimo-Andrefana,-23.35,43.6667,faible,2128706,0,0,0,0,0,0,0,0,0.0,0.0,0.0
2024-05-27,2024,5,2024-W22,Atsimo-Andrefana,-23.35,43.6667,faible,2128706,0,0,0,0,0,0,0,0,0.0,0.0,0.0
2024-06-03,2024,6,2024-W23,Atsimo-Andrefana,-23.35,43.6667,faible,2128706,0,0,0,0,0,0,0,0,0.0,0.0,0.0
2024-06-10,2024,6,2024-W24,Atsimo-Andrefana,-23.35,43.6667,faible,2128706,0,0,0,0,0,0,0,0,0.0,0.0,0.0
2024-06-17,2024,6,2024-W25,Atsimo-Andrefana,-23.35,43.6667,faible,2128706,0,0,0,0,0,0,0,0,0.0,0.0,0.0
2024-06-24,2024,6,2024-W26,Atsimo-Andrefana,-23.35,43.6667,faible,2128706,0,0,0,0,0,0,0,0,0.0,0.0,0.0
2024-07-01,2024,7,2024-W27,Atsimo-Andrefana,-23.35,43.6667,faible,2128706,0,0,0,0,0,0,0,0,0.0,0.0,0.0
2024-07-08,2024,7,2024-W28,Atsimo-Andrefana,-23.35,43.6667,faible,2128706,0,0,0,0,0,0,0,0,0.0,0.0,0.0
2024-07-15,2024,7,2024-W29,Atsimo-Andrefana,-23.35,43.6667,faible,2128706,0,0,0,0,0,0,0,0,0.0,0.0,0.0
2024-07-22,2024,7,2024-W30,Atsimo-Andrefana,-23.35,43.6667,faible,2128706,0,0,0,0,0,0,0,0,0.0,0.0,0.0
2024-07-29,2024,7,2024-W31,Atsimo-Andrefana,-23.35,43.6667,faible,2128706,0,0,0,0,0,0,0,0,0.0,0.0,0.0
2024-08-05,2024,8,2024-W32,Atsimo-Andrefana,-23.35,43.6667,faible,2128706,0,0,0,0,0,0,0,0,0.0,0.0,0.0
2024-08-12,2024,8,2024-W33,Atsimo-Andrefana,-23.35,43.6667,faible,2128706,0,0,0,0,0,0,0,0,0.0,0.0,0.0
2024-08-19,2024,8,2024-W34,Atsimo-Andrefana,-23.35,43.6667,faible,2128706,0,0,0,0,0,0,0,0,0.0,0.0,0.0
2024-08-26,2024,8,2024-W35,Atsimo-Andrefana,-23.35,43.6667,faible,2128706,0,0,0,0,0,0,0,0,0.0,0.0,0.0
2024-09-02,2024,9,2024-W36,Atsimo-Andrefana,-23.35,43.6667,faible,2128706,0,0,0,0,0,0,0,0,0.0,0.0,0.0
2024-09-09,2024,9,2024-W37,Atsimo-Andrefana,-23.35,43.6667,faible,2128706,0,0,0,0,0,0,0,0,0.0,0.0,0.0
2024-09-16,2024,9,2024-W38,Atsimo-Andrefana,-23.35,43.6667,faible,2128706,0,0,0,0,0,0,0,0,0.0,0.0,0.0
2024-09-23,2024,9,2024-W39,Atsimo-Andrefana,-23.35,43.6667,faible,2128706,0,0,0,0,0,0,0,0,0.0,0.0,0.0
2024-09-30,2024,9,2024-W40,Atsimo-Andrefana,-23.35,43.6667,faible,2128706,0,0,0,0,0,0,0,0,0.0,0.0,0.0
2024-10-07,2024,10,2024-W41,Atsimo-Andrefana,-23.35,43.6667,faible,2128706,0,0,0,0,0,0,0,0,0.0,0.0,0.0
2024-10-14,2024,10,2024-W42,Atsimo-Andrefana,-23.35,43.6667,faible,2128706,0,0,0,0,0,0,0,0,0.0,0.0,0.0
2024-10-21,2024,10,2024-W43,Atsimo-Andrefana,-23.35,43.6667,faible,2128706,0,0,0,0,0,0,0,0,0.0,0.0,0.0
2024-10-28,2024,10,2024-W44,Atsimo-Andrefana,-23.35,43.6667,faible,2128706,0,0,0,0,0,0,0,0,0.0,0.0,0.0
2024-11-04,2024,11,2024-W45,Atsimo-Andrefana,-23.35,43.6667,faible,2128706,0,0,0,0,0,0,0,0,0.0,0.0,0.0
2024-11-11,2024,11,2024-W46,Atsimo-Andrefana,-23.35,43.6667,faible,2128706,0,0,0,0,0,0,0,0,0.0,0.0,0.0
2024-11-18,2024,11,2024-W47,Atsimo-Andrefana,-23.35,43.6667,faible,2128706,0,0,0,0,0,0,0,0,0.0,0.0,0.0
2024-11-25,2024,11,2024-W48,Atsimo-Andrefana,-23.35,43.6667,faible,2128706,0,0,0,0,0,0,0,0,0.0,0.0,0.0
2024-12-02,2024,12,2024-W49,Atsimo-Andrefana,-23.35,43.6667,faible,2128706,0,0,0,0,0,0,0,0,0.0,0.0,0.0
2024-12-09,2024,12,2024-W50,Atsimo-Andrefana,-23.35,43.6667,faible,2128706,0,0,0,0,0,0,0,0,0.0,0.0,0.0
2024-12-16,2024,12,2024-W51,Atsimo-Andrefana,-23.35,43.6667,faible,2128706,0,0,0,0,0,0,0,0,0.0,0.0,0.0
2024-12-23,2024,12,2024-W52,Atsimo-Andrefana,-23.35,43.6667,faible,2128706,0,0,0,0,0,0,0,0,0.0,0.0,0.0
2024-12-30,2024,12,2025-W01,Atsimo-Andrefana,-23.35,43.6667,faible,2128706,0,0,0,0,0,0,0,0,0.0,0.0,0.0
2025-01-06,2025,1,2025-W02,Atsimo-Andrefana,-23.35,43.6667,faible,2128706,0,0,0,0,0,0,0,0,0.0,0.0,0.0
2025-01-13,2025,1,2025-W03,Atsimo-Andrefana,-23.35,43.6667,faible,2128706,0,0,0,0,0,0,0,0,0.0,0.0,0.0
2025-01-20,2025,1,2025-W04,Atsimo-Andrefana,-23.35,43.6667,faible,2128706,0,0,0,0,0,0,0,0,0.0,0.0,0.0
2025-01-27,2025,1,2025-W05,Atsimo-Andrefana,-23.35,43.6667,faible,2128706,0,0,0,0,0,0,0,0,0.0,0.0,0.0
2025-02-03,2025,2,2025-W06,Atsimo-Andrefana,-23.35,43.6667,faible,2128706,0,0,0,0,0,0,0,0,0.0,0.0,0.0
2025-02-10,2025,2,2025-W07,Atsimo-Andrefana,-23.35,43.6667,faible,2128706,0,0,0,0,0,0,0,0,0.0,0.0,0.0
2025-02-17,2025,2,2025-W08,Atsimo-Andrefana,-23.35,43.6667,faible,2128706,0,0,0,0,0,0,0,0,0.0,0.0,0.0
2025-02-24,2025,2,2025-W09,Atsimo-Andrefana,-23.35,43.6667,faible,2128706,0,0,0,0,0,0,0,0,0.0,0.0,0.0
2025-03-03,2025,3,2025-W10,Atsimo-Andrefana,-23.35,43.6667,faible,2128706,0,0,0,0,0,0,0,0,0.0,0.0,0.0
2025-03-10,2025,3,2025-W11,Atsimo-Andrefana,-23.35,43.6667,faible,2128706,0,0,0,0,0,0,0,0,0.0,0.0,0.0
2025-03-17,2025,3,2025-W12,Atsimo-Andrefana,-23.35,43.6667,faible,2128706,0,0,0,0,0,0,0,0,0.0,0.0,0.0
2025-03-24,2025,3,2025-W13,Atsimo-Andrefana,-23.35,43.6667,faible,2128706,0,0,0,0,0,0,0,0,0.0,0.0,0.0
2025-03-31,2025,3,2025-W14,Atsimo-Andrefana,-23.35,43.6667,faible,2128706,0,0,0,0,0,0,0,0,0.0,0.0,0.0
2025-04-07,2025,4,2025-W15,Atsimo-Andrefana,-23.35,43.6667,faible,2128706,0,0,0,0,0,0,0,0,0.0,0.0,0.0
2025-04-14,2025,4,2025-W16,Atsimo-Andrefana,-23.35,43.6667,faible,2128706,0,0,0,0,0,0,0,0,0.0,0.0,0.0
2025-04-21,2025,4,2025-W17,Atsimo-Andrefana,-23.35,43.6667,faible,2128706,0,0,0,0,0,0,0,0,0.0,0.0,0.0
2025-04-28,2025,4,2025-W18,Atsimo-Andrefana,-23.35,43.6667,faible,2128706,0,0,0,0,0,0,0,0,0.0,0.0,0.0
2025-05-05,2025,5,2025-W19,Atsimo-Andrefana,-23.35,43.6667,faible,2128706,0,0,0,0,0,0,0,0,0.0,0.0,0.0
2025-05-12,2025,5,2025-W20,Atsimo-Andrefana,-23.35,43.6667,faible,2128706,0,0,0,0,0,0,0,0,0.0,0.0,0.0
2025-05-19,2025,5,2025-W21,Atsimo-Andrefana,-23.35,43.6667,faible,2128706,0,0,0,0,0,0,0,0,0.0,0.0,0.0
2025-05-26,2025,5,2025-W22,Atsimo-Andrefana,-23.35,43.6667,faible,2128706,0,0,0,0,0,0,0,0,0.0,0.0,0.0
2025-06-02,2025,6,2025-W23,Atsimo-Andrefana,-23.35,43.6667,faible,2128706,0,0,0,0,0,0,0,0,0.0,0.0,0.0
2025-06-09,2025,6,2025-W24,Atsimo-Andrefana,-23.35,43.6667,faible,2128706,0,0,0,0,0,0,0,0,0.0,0.0,0.0
2025-06-16,2025,6,2025-W25,Atsimo-Andrefana,-23.35,43.6667,faible,2128706,0,0,0,0,0,0,0,0,0.0,0.0,0.0
2025-06-23,2025,6,2025-W26,Atsimo-Andrefana,-23.35,43.6667,faible,2128706,0,0,0,0,0,0,0,0,0.0,0.0,0.0
2025-06-30,2025,6,2025-W27,Atsimo-Andrefana,-23.35,43.6667,faible,2128706,0,0,0,0,0,0,0,0,0.0,0.0,0.0
2025-07-07,2025,7,2025-W28,Atsimo-Andrefana,-23.35,43.6667,faible,2128706,0,0,0,0,0,0,0,0,0.0,0.0,0.0
2025-07-14,2025,7,2025-W29,Atsimo-Andrefana,-23.35,43.6667,faible,2128706,0,0,0,0,0,0,0,0,0.0,0.0,0.0
2025-07-21,2025,7,2025-W30,Atsimo-Andrefana,-23.35,43.6667,faible,2128706,0,0,0,0,0,0,0,0,0.0,0.0,0.0
2025-07-28,2025,7,2025-W31,Atsimo-Andrefana,-23.35,43.6667,faible,2128706,0,0,0,0,0,0,0,0,0.0,0.0,0.0
2025-08-04,2025,8,2025-W32,Atsimo-Andrefana,-23.35,43.6667,faible,2128706,0,0,0,0,0,0,0,0,0.0,0.0,0.0
2025-08-11,2025,8,2025-W33,Atsimo-Andrefana,-23.35,43.6667,faible,2128706,0,0,0,0,0,0,0,0,0.0,0.0,0.0
2025-08-18,2025,8,2025-W34,Atsimo-Andrefana,-23.35,43.6667,faible,2128706,0,0,0,0,0,0,0,0,0.0,0.0,0.0
2025-08-25,2025,8,2025-W35,Atsimo-Andrefana,-23.35,43.6667,faible,2128706,0,0,0,0,0,0,0,0,0.0,0.0,0.0
2025-09-01,2025,9,2025-W36,Atsimo-Andrefana,-23.35,43.6667,faible,2128706,0,0,0,0,0,0,0,0,0.0,0.0,0.0
2025-09-08,2025,9,2025-W37,Atsimo-Andrefana,-23.35,43.6667,faible,2128706,0,0,0,0,0,0,0,0,0.0,0.0,0.0
2025-09-15,2025,9,2025-W38,Atsimo-Andrefana,-23.35,43.6667,faible,2128706,0,0,0,0,0,0,0,0,0.0,0.0,0.0
2025-09-22,2025,9,2025-W39,Atsimo-Andrefana,-23.35,43.6667,faible,2128706,0,0,0,0,0,0,0,0,0.0,0.0,0.0
2025-09-29,2025,9,2025-W40,Atsimo-Andrefana,-23.35,43.6667,faible,2128706,0,0,0,0,0,0,0,0,0.0,0.0,0.0
2025-10-06,2025,10,2025-W41,Atsimo-Andrefana,-23.35,43.6667,faible,2128706,0,0,0,0,0,0,0,0,0.0,0.0,0.0
2025-10-13,2025,10,2025-W42,Atsimo-Andrefana,-23.35,43.6667,faible,2128706,0,0,0,0,0,0,0,0,0.0,0.0,0.0
2025-10-20,2025,10,2025-W43,Atsimo-Andrefana,-23.35,43.6667,faible,2128706,0,0,0,0,0,0,0,0,0.0,0.0,0.0
2025-10-27,2025,10,2025-W44,Atsimo-Andrefana,-23.35,43.6667,faible,2128706,0,0,0,0,0,0,0,0,0.0,0.0,0.0
2025-11-03,2025,11,2025-W45,Atsimo-Andrefana,-23.35,43.6667,faible,2128706,0,0,0,0,0,0,0,0,0.0,0.0,0.0
2025-11-10,2025,11,2025-W46,Atsimo-Andrefana,-23.35,43.6667,faible,2128706,0,0,0,0,0,0,0,0,0.0,0.0,0.0
2025-11-17,2025,11,2025-W47,Atsimo-Andrefana,-23.35,43.6667,faible,2128706,0,0,0,0,0,0,0,0,0.0,0.0,0.0
2025-11-24,2025,11,2025-W48,Atsimo-Andrefana,-23.35,43.6667,faible,2128706,0,0,0,0,0,0,0,0,0.0,0.0,0.0
2025-12-01,2025,12,2025-W49,Atsimo-Andrefana,-23.35,43.6667,faible,2128706,0,0,0,0,0,0,0,0,0.0,0.0,0.0
2025-12-08,2025,12,2025-W50,Atsimo-Andrefana,-23.35,43.6667,faible,2128706,0,0,0,0,0,0,0,0,0.0,0.0,0.0
2025-12-15,2025,12,2025-W51,Atsimo-Andrefana,-23.35,43.6667,faible,2128706,0,0,0,0,0,0,0,0,0.0,0.0,0.0
2025-12-22,2025,12,2025-W52,Atsimo-Andrefana,-23.35,43.6667,faible,2128706,0,0,0,0,0,0,0,0,0.0,0.0,0.0
2025-12-29,2025,12,2026-W01,Atsimo-Andrefana,-23.35,43.6667,faible,2128706,0,0,0,0,0,0,0,0,0.0,0.0,0.0
2026-01-05,2026,1,2026-W02,Atsimo-Andrefana,-23.35,43.6667,faible,2128706,0,0,0,0,0,0,0,0,0.0,0.0,0.0
2026-01-12,2026,1,2026-W03,Atsimo-Andrefana,-23.35,43.6667,faible,2128706,0,0,0,0,0,0,0,0,0.0,0.0,0.0
2026-01-19,2026,1,2026-W04,Atsimo-Andrefana,-23.35,43.6667,faible,2128706,0,0,0,0,0,0,0,0,0.0,0.0,0.0
2026-01-26,2026,1,2026-W05,Atsimo-Andrefana,-23.35,43.6667,faible,2128706,0,0,0,0,0,0,0,0,0.0,0.0,0.0
2026-02-02,2026,2,2026-W06,Atsimo-Andrefana,-23.35,43.6667,faible,2128706,0,0,0,0,0,0,0,0,0.0,0.0,0.0
2026-02-09,2026,2,2026-W07,Atsimo-Andrefana,-23.35,43.6667,faible,2128706,0,0,0,0,0,0,0,0,0.0,0.0,0.0
2026-02-16,2026,2,2026-W08,Atsimo-Andrefana,-23.35,43.6667,faible,2128706,0,0,0,0,0,0,0,0,0.0,0.0,0.0
2026-02-23,2026,2,2026-W09,Atsimo-Andrefana,-23.35,43.6667,faible,2128706,0,0,0,0,0,0,0,0,0.0,0.0,0.0
2026-03-02,2026,3,2026-W10,Atsimo-Andrefana,-23.35,43.6667,faible,2128706,0,0,0,0,0,0,0,0,0.0,0.0,0.0
2026-03-09,2026,3,2026-W11,Atsimo-Andrefana,-23.35,43.6667,faible,2128706,0,0,0,0,0,0,0,0,0.0,0.0,0.0
2026-03-16,2026,3,2026-W12,Atsimo-Andrefana,-23.35,43.6667,faible,2128706,0,0,0,0,0,0,0,0,0.0,0.0,0.0
2026-03-23,2026,3,2026-W13,Atsimo-Andrefana,-23.35,43.6667,faible,2128706,0,0,0,0,0,0,0,0,0.0,0.0,0.0
2026-03-30,2026,3,2026-W14,Atsimo-Andrefana,-23.35,43.6667,faible,2128706,0,0,0,0,0,0,0,0,0.0,0.0,0.0
2026-04-06,2026,4,2026-W15,Atsimo-Andrefana,-23.35,43.6667,faible,2128706,0,0,0,0,0,0,0,0,0.0,0.0,0.0
2026-04-13,2026,4,2026-W16,Atsimo-Andrefana,-23.35,43.6667,faible,2128706,0,0,0,0,0,0,0,0,0.0,0.0,0.0
2026-04-20,2026,4,2026-W17,Atsimo-Andrefana,-23.35,43.6667,faible,2128706,0,0,0,0,0,0,0,0,0.0,0.0,0.0
2026-04-27,2026,4,2026-W18,Atsimo-Andrefana,-23.35,43.6667,faible,2128706,0,0,0,0,0,0,0,0,0.0,0.0,0.0
2026-05-04,2026,5,2026-W19,Atsimo-Andrefana,-23.35,43.6667,faible,2128706,0,0,0,0,0,0,0,0,0.0,0.0,0.0
2026-05-11,2026,5,2026-W20,Atsimo-Andrefana,-23.35,43.6667,faible,2128706,0,0,0,0,0,0,0,0,0.0,0.0,0.0
2026-05-18,2026,5,2026-W21,Atsimo-Andrefana,-23.35,43.6667,faible,2128706,0,0,0,0,0,0,0,0,0.0,0.0,0.0
2026-05-25,2026,5,2026-W22,Atsimo-Andrefana,-23.35,43.6667,faible,2128706,0,0,0,0,0,0,0,0,0.0,0.0,0.0
2026-06-01,2026,6,2026-W23,Atsimo-Andrefana,-23.35,43.6667,faible,2128706,0,0,0,0,0,0,0,0,0.0,0.0,0.0
2026-06-08,2026,6,2026-W24,Atsimo-Andrefana,-23.35,43.6667,faible,2128706,0,0,0,0,0,0,0,0,0.0,0.0,0.0
2026-06-15,2026,6,2026-W25,Atsimo-Andrefana,-23.35,43.6667,faible,2128706,0,0,0,0,0,0,0,0,0.0,0.0,0.0
2026-06-22,2026,6,2026-W26,Atsimo-Andrefana,-23.35,43.6667,faible,2128706,0,0,0,0,0,0,0,0,0.0,0.0,0.0
2026-06-29,2026,6,2026-W27,Atsimo-Andrefana,-23.35,43.6667,faible,2128706,0,0,0,0,0,0,0,0,0.0,0.0,0.0
2026-07-06,2026,7,2026-W28,Atsimo-Andrefana,-23.35,43.6667,faible,2128706,0,0,0,0,0,0,0,0,0.0,0.0,0.0
2026-07-13,2026,7,2026-W29,Atsimo-Andrefana,-23.35,43.6667,faible,2128706,0,0,0,0,0,0,0,0,0.0,0.0,0.0
2026-07-20,2026,7,2026-W30,Atsimo-Andrefana,-23.35,43.6667,faible,2128706,0,0,0,0,0,0,0,0,0.0,0.0,0.0
2026-07-27,2026,7,2026-W31,Atsimo-Andrefana,-23.35,43.6667,faible,2128706,0,0,0,0,0,0,0,0,0.0,0.0,0.0
2020-01-06,2020,1,2020-W02,Menabe,-20.2833,44.7833,faible,819876,0,0,0,0,0,0,0,0,0.0,0.0,0.0
2020-01-13,2020,1,2020-W03,Menabe,-20.2833,44.7833,faible,819876,0,0,0,0,0,0,0,0,0.0,0.0,0.0
2020-01-20,2020,1,2020-W04,Menabe,-20.2833,44.7833,faible,819876,0,0,0,0,0,0,0,0,0.0,0.0,0.0
2020-01-27,2020,1,2020-W05,Menabe,-20.2833,44.7833,faible,819876,0,0,0,0,0,0,0,0,0.0,0.0,0.0
2020-02-03,2020,2,2020-W06,Menabe,-20.2833,44.7833,faible,819876,0,0,0,0,0,0,0,0,0.0,0.0,0.0
2020-02-10,2020,2,2020-W07,Menabe,-20.2833,44.7833,faible,819876,0,0,0,0,0,0,0,0,0.0,0.0,0.0
2020-02-17,2020,2,2020-W08,Menabe,-20.2833,44.7833,faible,819876,0,0,0,0,0,0,0,0,0.0,0.0,0.0
2020-02-24,2020,2,2020-W09,Menabe,-20.2833,44.7833,faible,819876,0,0,0,0,0,0,0,0,0.0,0.0,0.0
2020-03-02,2020,3,2020-W10,Menabe,-20.2833,44.7833,faible,819876,0,0,0,0,0,0,0,0,0.0,0.0,0.0
2020-03-09,2020,3,2020-W11,Menabe,-20.2833,44.7833,faible,819876,0,0,0,0,0,0,0,0,0.0,0.0,0.0
2020-03-16,2020,3,2020-W12,Menabe,-20.2833,44.7833,faible,819876,0,0,0,0,0,0,0,0,0.0,0.0,0.0
2020-03-23,2020,3,2020-W13,Menabe,-20.2833,44.7833,faible,819876,0,0,0,0,0,0,0,0,0.0,0.0,0.0
2020-03-30,2020,3,2020-W14,Menabe,-20.2833,44.7833,faible,819876,0,0,0,0,0,0,0,0,0.0,0.0,0.0
2020-04-06,2020,4,2020-W15,Menabe,-20.2833,44.7833,faible,819876,0,0,0,0,0,0,0,0,0.0,0.0,0.0
2020-04-13,2020,4,2020-W16,Menabe,-20.2833,44.7833,faible,819876,0,0,0,0,0,0,0,0,0.0,0.0,0.0
2020-04-20,2020,4,2020-W17,Menabe,-20.2833,44.7833,faible,819876,0,0,0,0,0,0,0,0,0.0,0.0,0.0
2020-04-27,2020,4,2020-W18,Menabe,-20.2833,44.7833,faible,819876,0,0,0,0,0,0,0,0,0.0,0.0,0.0
2020-05-04,2020,5,2020-W19,Menabe,-20.2833,44.7833,faible,819876,0,0,0,0,0,0,0,0,0.0,0.0,0.0
2020-05-11,2020,5,2020-W20,Menabe,-20.2833,44.7833,faible,819876,0,0,0,0,0,0,0,0,0.0,0.0,0.0
2020-05-18,2020,5,2020-W21,Menabe,-20.2833,44.7833,faible,819876,0,0,0,0,0,0,0,0,0.0,0.0,0.0
2020-05-25,2020,5,2020-W22,Menabe,-20.2833,44.7833,faible,819876,0,0,0,0,0,0,0,0,0.0,0.0,0.0
2020-06-01,2020,6,2020-W23,Menabe,-20.2833,44.7833,faible,819876,0,0,0,0,0,0,0,0,0.0,0.0,0.0
2020-06-08,2020,6,2020-W24,Menabe,-20.2833,44.7833,faible,819876,0,0,0,0,0,0,0,0,0.0,0.0,0.0
2020-06-15,2020,6,2020-W25,Menabe,-20.2833,44.7833,faible,819876,0,0,0,0,0,0,0,0,0.0,0.0,0.0
2020-06-22,2020,6,2020-W26,Menabe,-20.2833,44.7833,faible,819876,0,0,0,0,0,0,0,0,0.0,0.0,0.0
2020-06-29,2020,6,2020-W27,Menabe,-20.2833,44.7833,faible,819876,0,0,0,0,0,0,0,0,0.0,0.0,0.0
2020-07-06,2020,7,2020-W28,Menabe,-20.2833,44.7833,faible,819876,0,0,0,0,0,0,0,0,0.0,0.0,0.0
2020-07-13,2020,7,2020-W29,Menabe,-20.2833,44.7833,faible,819876,0,0,0,0,0,0,0,0,0.0,0.0,0.0
2020-07-20,2020,7,2020-W30,Menabe,-20.2833,44.7833,faible,819876,0,0,0,0,0,0,0,0,0.0,0.0,0.0
2020-07-27,2020,7,2020-W31,Menabe,-20.2833,44.7833,faible,819876,0,0,0,0,0,0,0,0,0.0,0.0,0.0
2020-08-03,2020,8,2020-W32,Menabe,-20.2833,44.7833,faible,819876,0,0,0,0,0,0,0,0,0.0,0.0,0.0
2020-08-10,2020,8,2020-W33,Menabe,-20.2833,44.7833,faible,819876,0,0,0,0,0,0,0,0,0.0,0.0,0.0
2020-08-17,2020,8,2020-W34,Menabe,-20.2833,44.7833,faible,819876,0,0,0,0,0,0,0,0,0.0,0.0,0.0
2020-08-24,2020,8,2020-W35,Menabe,-20.2833,44.7833,faible,819876,0,0,0,0,0,0,0,0,0.0,0.0,0.0
2020-08-31,2020,8,2020-W36,Menabe,-20.2833,44.7833,faible,819876,0,0,0,0,0,0,0,0,0.0,0.0,0.0
2020-09-07,2020,9,2020-W37,Menabe,-20.2833,44.7833,faible,819876,0,0,0,0,0,0,0,0,0.0,0.0,0.0
2020-09-14,2020,9,2020-W38,Menabe,-20.2833,44.7833,faible,819876,0,0,0,0,0,0,0,0,0.0,0.0,0.0
2020-09-21,2020,9,2020-W39,Menabe,-20.2833,44.7833,faible,819876,0,0,0,0,0,0,0,0,0.0,0.0,0.0
2020-09-28,2020,9,2020-W40,Menabe,-20.2833,44.7833,faible,819876,0,0,0,0,0,0,0,0,0.0,0.0,0.0
2020-10-05,2020,10,2020-W41,Menabe,-20.2833,44.7833,faible,819876,0,0,0,0,0,0,0,0,0.0,0.0,0.0
2020-10-12,2020,10,2020-W42,Menabe,-20.2833,44.7833,faible,819876,0,0,0,0,0,0,0,0,0.0,0.0,0.0
2020-10-19,2020,10,2020-W43,Menabe,-20.2833,44.7833,faible,819876,0,0,0,0,0,0,0,0,0.0,0.0,0.0
2020-10-26,2020,10,2020-W44,Menabe,-20.2833,44.7833,faible,819876,0,0,0,0,0,0,0,0,0.0,0.0,0.0
2020-11-02,2020,11,2020-W45,Menabe,-20.2833,44.7833,faible,819876,0,0,0,0,0,0,0,0,0.0,0.0,0.0
2020-11-09,2020,11,2020-W46,Menabe,-20.2833,44.7833,faible,819876,0,0,0,0,0,0,0,0,0.0,0.0,0.0
2020-11-16,2020,11,2020-W47,Menabe,-20.2833,44.7833,faible,819876,0,0,0,0,0,0,0,0,0.0,0.0,0.0
2020-11-23,2020,11,2020-W48,Menabe,-20.2833,44.7833,faible,819876,0,0,0,0,0,0,0,0,0.0,0.0,0.0
2020-11-30,2020,11,2020-W49,Menabe,-20.2833,44.7833,faible,819876,0,0,0,0,0,0,0,0,0.0,0.0,0.0
2020-12-07,2020,12,2020-W50,Menabe,-20.2833,44.7833,faible,819876,0,0,0,0,0,0,0,0,0.0,0.0,0.0
2020-12-14,2020,12,2020-W51,Menabe,-20.2833,44.7833,faible,819876,0,0,0,0,0,0,0,0,0.0,0.0,0.0
2020-12-21,2020,12,2020-W52,Menabe,-20.2833,44.7833,faible,819876,0,0,0,0,0,0,0,0,0.0,0.0,0.0
2020-12-28,2020,12,2020-W53,Menabe,-20.2833,44.7833,faible,819876,0,0,0,0,0,0,0,0,0.0,0.0,0.0
2021-01-04,2021,1,2021-W01,Menabe,-20.2833,44.7833,faible,819876,0,0,0,0,0,0,0,0,0.0,0.0,0.0
2021-01-11,2021,1,2021-W02,Menabe,-20.2833,44.7833,faible,819876,0,0,0,0,0,0,0,0,0.0,0.0,0.0
2021-01-18,2021,1,2021-W03,Menabe,-20.2833,44.7833,faible,819876,0,0,0,0,0,0,0,0,0.0,0.0,0.0
2021-01-25,2021,1,2021-W04,Menabe,-20.2833,44.7833,faible,819876,0,0,0,0,0,0,0,0,0.0,0.0,0.0
2021-02-01,2021,2,2021-W05,Menabe,-20.2833,44.7833,faible,819876,0,0,0,0,0,0,0,0,0.0,0.0,0.0
2021-02-08,2021,2,2021-W06,Menabe,-20.2833,44.7833,faible,819876,0,0,0,0,0,0,0,0,0.0,0.0,0.0
2021-02-15,2021,2,2021-W07,Menabe,-20.2833,44.7833,faible,819876,0,0,0,0,0,0,0,0,0.0,0.0,0.0
2021-02-22,2021,2,2021-W08,Menabe,-20.2833,44.7833,faible,819876,0,0,0,0,0,0,0,0,0.0,0.0,0.0
2021-03-01,2021,3,2021-W09,Menabe,-20.2833,44.7833,faible,819876,0,0,0,0,0,0,0,0,0.0,0.0,0.0
2021-03-08,2021,3,2021-W10,Menabe,-20.2833,44.7833,faible,819876,0,0,0,0,0,0,0,0,0.0,0.0,0.0
2021-03-15,2021,3,2021-W11,Menabe,-20.2833,44.7833,faible,819876,0,0,0,0,0,0,0,0,0.0,0.0,0.0
2021-03-22,2021,3,2021-W12,Menabe,-20.2833,44.7833,faible,819876,0,0,0,0,0,0,0,0,0.0,0.0,0.0
2021-03-29,2021,3,2021-W13,Menabe,-20.2833,44.7833,faible,819876,0,0,0,0,0,0,0,0,0.0,0.0,0.0
2021-04-05,2021,4,2021-W14,Menabe,-20.2833,44.7833,faible,819876,0,0,0,0,0,0,0,0,0.0,0.0,0.0
2021-04-12,2021,4,2021-W15,Menabe,-20.2833,44.7833,faible,819876,0,0,0,0,0,0,0,0,0.0,0.0,0.0
2021-04-19,2021,4,2021-W16,Menabe,-20.2833,44.7833,faible,819876,0,0,0,0,0,0,0,0,0.0,0.0,0.0
2021-04-26,2021,4,2021-W17,Menabe,-20.2833,44.7833,faible,819876,0,0,0,0,0,0,0,0,0.0,0.0,0.0
2021-05-03,2021,5,2021-W18,Menabe,-20.2833,44.7833,faible,819876,0,0,0,0,0,0,0,0,0.0,0.0,0.0
2021-05-10,2021,5,2021-W19,Menabe,-20.2833,44.7833,faible,819876,0,0,0,0,0,0,0,0,0.0,0.0,0.0
2021-05-17,2021,5,2021-W20,Menabe,-20.2833,44.7833,faible,819876,0,0,0,0,0,0,0,0,0.0,0.0,0.0
2021-05-24,2021,5,2021-W21,Menabe,-20.2833,44.7833,faible,819876,0,0,0,0,0,0,0,0,0.0,0.0,0.0
2021-05-31,2021,5,2021-W22,Menabe,-20.2833,44.7833,faible,819876,0,0,0,0,0,0,0,0,0.0,0.0,0.0
2021-06-07,2021,6,2021-W23,Menabe,-20.2833,44.7833,faible,819876,0,0,0,0,0,0,0,0,0.0,0.0,0.0
2021-06-14,2021,6,2021-W24,Menabe,-20.2833,44.7833,faible,819876,0,0,0,0,0,0,0,0,0.0,0.0,0.0
2021-06-21,2021,6,2021-W25,Menabe,-20.2833,44.7833,faible,819876,0,0,0,0,0,0,0,0,0.0,0.0,0.0
2021-06-28,2021,6,2021-W26,Menabe,-20.2833,44.7833,faible,819876,0,0,0,0,0,0,0,0,0.0,0.0,0.0
2021-07-05,2021,7,2021-W27,Menabe,-20.2833,44.7833,faible,819876,0,0,0,0,0,0,0,0,0.0,0.0,0.0
2021-07-12,2021,7,2021-W28,Menabe,-20.2833,44.7833,faible,819876,0,0,0,0,0,0,0,0,0.0,0.0,0.0
2021-07-19,2021,7,2021-W29,Menabe,-20.2833,44.7833,faible,819876,0,0,0,0,0,0,0,0,0.0,0.0,0.0
2021-07-26,2021,7,2021-W30,Menabe,-20.2833,44.7833,faible,819876,0,0,0,0,0,0,0,0,0.0,0.0,0.0
2021-08-02,2021,8,2021-W31,Menabe,-20.2833,44.7833,faible,819876,0,0,0,0,0,0,0,0,0.0,0.0,0.0
2021-08-09,2021,8,2021-W32,Menabe,-20.2833,44.7833,faible,819876,0,0,0,0,0,0,0,0,0.0,0.0,0.0
2021-08-16,2021,8,2021-W33,Menabe,-20.2833,44.7833,faible,819876,0,0,0,0,0,0,0,0,0.0,0.0,0.0
2021-08-23,2021,8,2021-W34,Menabe,-20.2833,44.7833,faible,819876,0,0,0,0,0,0,0,0,0.0,0.0,0.0
2021-08-30,2021,8,2021-W35,Menabe,-20.2833,44.7833,faible,819876,0,0,0,0,0,0,0,0,0.0,0.0,0.0
2021-09-06,2021,9,2021-W36,Menabe,-20.2833,44.7833,faible,819876,0,0,0,0,0,0,0,0,0.0,0.0,0.0
2021-09-13,2021,9,2021-W37,Menabe,-20.2833,44.7833,faible,819876,0,0,0,0,0,0,0,0,0.0,0.0,0.0
2021-09-20,2021,9,2021-W38,Menabe,-20.2833,44.7833,faible,819876,0,0,0,0,0,0,0,0,0.0,0.0,0.0
2021-09-27,2021,9,2021-W39,Menabe,-20.2833,44.7833,faible,819876,0,0,0,0,0,0,0,0,0.0,0.0,0.0
2021-10-04,2021,10,2021-W40,Menabe,-20.2833,44.7833,faible,819876,0,0,0,0,0,0,0,0,0.0,0.0,0.0
2021-10-11,2021,10,2021-W41,Menabe,-20.2833,44.7833,faible,819876,0,0,0,0,0,0,0,0,0.0,0.0,0.0
2021-10-18,2021,10,2021-W42,Menabe,-20.2833,44.7833,faible,819876,0,0,0,0,0,0,0,0,0.0,0.0,0.0
2021-10-25,2021,10,2021-W43,Menabe,-20.2833,44.7833,faible,819876,0,0,0,0,0,0,0,0,0.0,0.0,0.0
2021-11-01,2021,11,2021-W44,Menabe,-20.2833,44.7833,faible,819876,0,0,0,0,0,0,0,0,0.0,0.0,0.0
2021-11-08,2021,11,2021-W45,Menabe,-20.2833,44.7833,faible,819876,0,0,0,0,0,0,0,0,0.0,0.0,0.0
2021-11-15,2021,11,2021-W46,Menabe,-20.2833,44.7833,faible,819876,0,0,0,0,0,0,0,0,0.0,0.0,0.0
2021-11-22,2021,11,2021-W47,Menabe,-20.2833,44.7833,faible,819876,0,0,0,0,0,0,0,0,0.0,0.0,0.0
2021-11-29,2021,11,2021-W48,Menabe,-20.2833,44.7833,faible,819876,0,0,0,0,0,0,0,0,0.0,0.0,0.0
2021-12-06,2021,12,2021-W49,Menabe,-20.2833,44.7833,faible,819876,0,0,0,0,0,0,0,0,0.0,0.0,0.0
2021-12-13,2021,12,2021-W50,Menabe,-20.2833,44.7833,faible,819876,0,0,0,0,0,0,0,0,0.0,0.0,0.0
2021-12-20,2021,12,2021-W51,Menabe,-20.2833,44.7833,faible,819876,0,0,0,0,0,0,0,0,0.0,0.0,0.0
2021-12-27,2021,12,2021-W52,Menabe,-20.2833,44.7833,faible,819876,0,0,0,0,0,0,0,0,0.0,0.0,0.0
2022-01-03,2022,1,2022-W01,Menabe,-20.2833,44.7833,faible,819876,0,0,0,0,0,0,0,0,0.0,0.0,0.0
2022-01-10,2022,1,2022-W02,Menabe,-20.2833,44.7833,faible,819876,0,0,0,0,0,0,0,0,0.0,0.0,0.0
2022-01-17,2022,1,2022-W03,Menabe,-20.2833,44.7833,faible,819876,0,0,0,0,0,0,0,0,0.0,0.0,0.0
2022-01-24,2022,1,2022-W04,Menabe,-20.2833,44.7833,faible,819876,0,0,0,0,0,0,0,0,0.0,0.0,0.0
2022-01-31,2022,1,2022-W05,Menabe,-20.2833,44.7833,faible,819876,0,0,0,0,0,0,0,0,0.0,0.0,0.0
2022-02-07,2022,2,2022-W06,Menabe,-20.2833,44.7833,faible,819876,0,0,0,0,0,0,0,0,0.0,0.0,0.0
2022-02-14,2022,2,2022-W07,Menabe,-20.2833,44.7833,faible,819876,0,0,0,0,0,0,0,0,0.0,0.0,0.0
2022-02-21,2022,2,2022-W08,Menabe,-20.2833,44.7833,faible,819876,0,0,0,0,0,0,0,0,0.0,0.0,0.0
2022-02-28,2022,2,2022-W09,Menabe,-20.2833,44.7833,faible,819876,0,0,0,0,0,0,0,0,0.0,0.0,0.0
2022-03-07,2022,3,2022-W10,Menabe,-20.2833,44.7833,faible,819876,0,0,0,0,0,0,0,0,0.0,0.0,0.0
2022-03-14,2022,3,2022-W11,Menabe,-20.2833,44.7833,faible,819876,0,0,0,0,0,0,0,0,0.0,0.0,0.0
2022-03-21,2022,3,2022-W12,Menabe,-20.2833,44.7833,faible,819876,0,0,0,0,0,0,0,0,0.0,0.0,0.0
2022-03-28,2022,3,2022-W13,Menabe,-20.2833,44.7833,faible,819876,0,0,0,0,0,0,0,0,0.0,0.0,0.0
2022-04-04,2022,4,2022-W14,Menabe,-20.2833,44.7833,faible,819876,0,0,0,0,0,0,0,0,0.0,0.0,0.0
2022-04-11,2022,4,2022-W15,Menabe,-20.2833,44.7833,faible,819876,0,0,0,0,0,0,0,0,0.0,0.0,0.0
2022-04-18,2022,4,2022-W16,Menabe,-20.2833,44.7833,faible,819876,0,0,0,0,0,0,0,0,0.0,0.0,0.0
2022-04-25,2022,4,2022-W17,Menabe,-20.2833,44.7833,faible,819876,0,0,0,0,0,0,0,0,0.0,0.0,0.0
2022-05-02,2022,5,2022-W18,Menabe,-20.2833,44.7833,faible,819876,0,0,0,0,0,0,0,0,0.0,0.0,0.0
2022-05-09,2022,5,2022-W19,Menabe,-20.2833,44.7833,faible,819876,0,0,0,0,0,0,0,0,0.0,0.0,0.0
2022-05-16,2022,5,2022-W20,Menabe,-20.2833,44.7833,faible,819876,0,0,0,0,0,0,0,0,0.0,0.0,0.0
2022-05-23,2022,5,2022-W21,Menabe,-20.2833,44.7833,faible,819876,0,0,0,0,0,0,0,0,0.0,0.0,0.0
2022-05-30,2022,5,2022-W22,Menabe,-20.2833,44.7833,faible,819876,0,0,0,0,0,0,0,0,0.0,0.0,0.0
2022-06-06,2022,6,2022-W23,Menabe,-20.2833,44.7833,faible,819876,0,0,0,0,0,0,0,0,0.0,0.0,0.0
2022-06-13,2022,6,2022-W24,Menabe,-20.2833,44.7833,faible,819876,0,0,0,0,0,0,0,0,0.0,0.0,0.0
2022-06-20,2022,6,2022-W25,Menabe,-20.2833,44.7833,faible,819876,0,0,0,0,0,0,0,0,0.0,0.0,0.0
2022-06-27,2022,6,2022-W26,Menabe,-20.2833,44.7833,faible,819876,0,0,0,0,0,0,0,0,0.0,0.0,0.0
2022-07-04,2022,7,2022-W27,Menabe,-20.2833,44.7833,faible,819876,0,0,0,0,0,0,0,0,0.0,0.0,0.0
2022-07-11,2022,7,2022-W28,Menabe,-20.2833,44.7833,faible,819876,0,0,0,0,0,0,0,0,0.0,0.0,0.0
2022-07-18,2022,7,2022-W29,Menabe,-20.2833,44.7833,faible,819876,0,0,0,0,0,0,0,0,0.0,0.0,0.0
2022-07-25,2022,7,2022-W30,Menabe,-20.2833,44.7833,faible,819876,0,0,0,0,0,0,0,0,0.0,0.0,0.0
2022-08-01,2022,8,2022-W31,Menabe,-20.2833,44.7833,faible,819876,0,0,0,0,0,0,0,0,0.0,0.0,0.0
2022-08-08,2022,8,2022-W32,Menabe,-20.2833,44.7833,faible,819876,0,0,0,0,0,0,0,0,0.0,0.0,0.0
2022-08-15,2022,8,2022-W33,Menabe,-20.2833,44.7833,faible,819876,0,0,0,0,0,0,0,0,0.0,0.0,0.0
2022-08-22,2022,8,2022-W34,Menabe,-20.2833,44.7833,faible,819876,0,0,0,0,0,0,0,0,0.0,0.0,0.0
2022-08-29,2022,8,2022-W35,Menabe,-20.2833,44.7833,faible,819876,0,0,0,0,0,0,0,0,0.0,0.0,0.0
2022-09-05,2022,9,2022-W36,Menabe,-20.2833,44.7833,faible,819876,0,0,0,0,0,0,0,0,0.0,0.0,0.0
2022-09-12,2022,9,2022-W37,Menabe,-20.2833,44.7833,faible,819876,0,0,0,0,0,0,0,0,0.0,0.0,0.0
2022-09-19,2022,9,2022-W38,Menabe,-20.2833,44.7833,faible,819876,0,0,0,0,0,0,0,0,0.0,0.0,0.0
2022-09-26,2022,9,2022-W39,Menabe,-20.2833,44.7833,faible,819876,0,0,0,0,0,0,0,0,0.0,0.0,0.0
2022-10-03,2022,10,2022-W40,Menabe,-20.2833,44.7833,faible,819876,0,0,0,0,0,0,0,0,0.0,0.0,0.0
2022-10-10,2022,10,2022-W41,Menabe,-20.2833,44.7833,faible,819876,0,0,0,0,0,0,0,0,0.0,0.0,0.0
2022-10-17,2022,10,2022-W42,Menabe,-20.2833,44.7833,faible,819876,0,0,0,0,0,0,0,0,0.0,0.0,0.0
2022-10-24,2022,10,2022-W43,Menabe,-20.2833,44.7833,faible,819876,0,0,0,0,0,0,0,0,0.0,0.0,0.0
2022-10-31,2022,10,2022-W44,Menabe,-20.2833,44.7833,faible,819876,0,0,0,0,0,0,0,0,0.0,0.0,0.0
2022-11-07,2022,11,2022-W45,Menabe,-20.2833,44.7833,faible,819876,0,0,0,0,0,0,0,0,0.0,0.0,0.0
2022-11-14,2022,11,2022-W46,Menabe,-20.2833,44.7833,faible,819876,0,0,0,0,0,0,0,0,0.0,0.0,0.0
2022-11-21,2022,11,2022-W47,Menabe,-20.2833,44.7833,faible,819876,0,0,0,0,0,0,0,0,0.0,0.0,0.0
2022-11-28,2022,11,2022-W48,Menabe,-20.2833,44.7833,faible,819876,0,0,0,0,0,0,0,0,0.0,0.0,0.0
2022-12-05,2022,12,2022-W49,Menabe,-20.2833,44.7833,faible,819876,0,0,0,0,0,0,0,0,0.0,0.0,0.0
2022-12-12,2022,12,2022-W50,Menabe,-20.2833,44.7833,faible,819876,0,0,0,0,0,0,0,0,0.0,0.0,0.0
2022-12-19,2022,12,2022-W51,Menabe,-20.2833,44.7833,faible,819876,0,0,0,0,0,0,0,0,0.0,0.0,0.0
2022-12-26,2022,12,2022-W52,Menabe,-20.2833,44.7833,faible,819876,0,0,0,0,0,0,0,0,0.0,0.0,0.0
2023-01-02,2023,1,2023-W01,Menabe,-20.2833,44.7833,faible,819876,0,0,0,0,0,0,0,0,0.0,0.0,0.0
2023-01-09,2023,1,2023-W02,Menabe,-20.2833,44.7833,faible,819876,0,0,0,0,0,0,0,0,0.0,0.0,0.0
2023-01-16,2023,1,2023-W03,Menabe,-20.2833,44.7833,faible,819876,0,0,0,0,0,0,0,0,0.0,0.0,0.0
2023-01-23,2023,1,2023-W04,Menabe,-20.2833,44.7833,faible,819876,0,0,0,0,0,0,0,0,0.0,0.0,0.0
2023-01-30,2023,1,2023-W05,Menabe,-20.2833,44.7833,faible,819876,0,0,0,0,0,0,0,0,0.0,0.0,0.0
2023-02-06,2023,2,2023-W06,Menabe,-20.2833,44.7833,faible,819876,0,0,0,0,0,0,0,0,0.0,0.0,0.0
2023-02-13,2023,2,2023-W07,Menabe,-20.2833,44.7833,faible,819876,0,0,0,0,0,0,0,0,0.0,0.0,0.0
2023-02-20,2023,2,2023-W08,Menabe,-20.2833,44.7833,faible,819876,0,0,0,0,0,0,0,0,0.0,0.0,0.0
2023-02-27,2023,2,2023-W09,Menabe,-20.2833,44.7833,faible,819876,0,0,0,0,0,0,0,0,0.0,0.0,0.0
2023-03-06,2023,3,2023-W10,Menabe,-20.2833,44.7833,faible,819876,0,0,0,0,0,0,0,0,0.0,0.0,0.0
2023-03-13,2023,3,2023-W11,Menabe,-20.2833,44.7833,faible,819876,0,0,0,0,0,0,0,0,0.0,0.0,0.0
2023-03-20,2023,3,2023-W12,Menabe,-20.2833,44.7833,faible,819876,0,0,0,0,0,0,0,0,0.0,0.0,0.0
2023-03-27,2023,3,2023-W13,Menabe,-20.2833,44.7833,faible,819876,0,0,0,0,0,0,0,0,0.0,0.0,0.0
2023-04-03,2023,4,2023-W14,Menabe,-20.2833,44.7833,faible,819876,0,0,0,0,0,0,0,0,0.0,0.0,0.0
2023-04-10,2023,4,2023-W15,Menabe,-20.2833,44.7833,faible,819876,0,0,0,0,0,0,0,0,0.0,0.0,0.0
2023-04-17,2023,4,2023-W16,Menabe,-20.2833,44.7833,faible,819876,0,0,0,0,0,0,0,0,0.0,0.0,0.0
2023-04-24,2023,4,2023-W17,Menabe,-20.2833,44.7833,faible,819876,0,0,0,0,0,0,0,0,0.0,0.0,0.0
2023-05-01,2023,5,2023-W18,Menabe,-20.2833,44.7833,faible,819876,0,0,0,0,0,0,0,0,0.0,0.0,0.0
2023-05-08,2023,5,2023-W19,Menabe,-20.2833,44.7833,faible,819876,0,0,0,0,0,0,0,0,0.0,0.0,0.0
2023-05-15,2023,5,2023-W20,Menabe,-20.2833,44.7833,faible,819876,0,0,0,0,0,0,0,0,0.0,0.0,0.0
2023-05-22,2023,5,2023-W21,Menabe,-20.2833,44.7833,faible,819876,0,0,0,0,0,0,0,0,0.0,0.0,0.0
2023-05-29,2023,5,2023-W22,Menabe,-20.2833,44.7833,faible,819876,0,0,0,0,0,0,0,0,0.0,0.0,0.0
2023-06-05,2023,6,2023-W23,Menabe,-20.2833,44.7833,faible,819876,0,0,0,0,0,0,0,0,0.0,0.0,0.0
2023-06-12,2023,6,2023-W24,Menabe,-20.2833,44.7833,faible,819876,0,0,0,0,0,0,0,0,0.0,0.0,0.0
2023-06-19,2023,6,2023-W25,Menabe,-20.2833,44.7833,faible,819876,0,0,0,0,0,0,0,0,0.0,0.0,0.0
2023-06-26,2023,6,2023-W26,Menabe,-20.2833,44.7833,faible,819876,0,0,0,0,0,0,0,0,0.0,0.0,0.0
2023-07-03,2023,7,2023-W27,Menabe,-20.2833,44.7833,faible,819876,0,0,0,0,0,0,0,0,0.0,0.0,0.0
2023-07-10,2023,7,2023-W28,Menabe,-20.2833,44.7833,faible,819876,0,0,0,0,0,0,0,0,0.0,0.0,0.0
2023-07-17,2023,7,2023-W29,Menabe,-20.2833,44.7833,faible,819876,0,0,0,0,0,0,0,0,0.0,0.0,0.0
2023-07-24,2023,7,2023-W30,Menabe,-20.2833,44.7833,faible,819876,0,0,0,0,0,0,0,0,0.0,0.0,0.0
2023-07-31,2023,7,2023-W31,Menabe,-20.2833,44.7833,faible,819876,0,0,0,0,0,0,0,0,0.0,0.0,0.0
2023-08-07,2023,8,2023-W32,Menabe,-20.2833,44.7833,faible,819876,0,0,0,0,0,0,0,0,0.0,0.0,0.0
2023-08-14,2023,8,2023-W33,Menabe,-20.2833,44.7833,faible,819876,0,0,0,0,0,0,0,0,0.0,0.0,0.0
2023-08-21,2023,8,2023-W34,Menabe,-20.2833,44.7833,faible,819876,0,0,0,0,0,0,0,0,0.0,0.0,0.0
2023-08-28,2023,8,2023-W35,Menabe,-20.2833,44.7833,faible,819876,0,0,0,0,0,0,0,0,0.0,0.0,0.0
2023-09-04,2023,9,2023-W36,Menabe,-20.2833,44.7833,faible,819876,0,0,0,0,0,0,0,0,0.0,0.0,0.0
2023-09-11,2023,9,2023-W37,Menabe,-20.2833,44.7833,faible,819876,0,0,0,0,0,0,0,0,0.0,0.0,0.0
2023-09-18,2023,9,2023-W38,Menabe,-20.2833,44.7833,faible,819876,0,0,0,0,0,0,0,0,0.0,0.0,0.0
2023-09-25,2023,9,2023-W39,Menabe,-20.2833,44.7833,faible,819876,0,0,0,0,0,0,0,0,0.0,0.0,0.0
2023-10-02,2023,10,2023-W40,Menabe,-20.2833,44.7833,faible,819876,0,0,0,0,0,0,0,0,0.0,0.0,0.0
2023-10-09,2023,10,2023-W41,Menabe,-20.2833,44.7833,faible,819876,0,0,0,0,0,0,0,0,0.0,0.0,0.0
2023-10-16,2023,10,2023-W42,Menabe,-20.2833,44.7833,faible,819876,0,0,0,0,0,0,0,0,0.0,0.0,0.0
2023-10-23,2023,10,2023-W43,Menabe,-20.2833,44.7833,faible,819876,0,0,0,0,0,0,0,0,0.0,0.0,0.0
2023-10-30,2023,10,2023-W44,Menabe,-20.2833,44.7833,faible,819876,0,0,0,0,0,0,0,0,0.0,0.0,0.0
2023-11-06,2023,11,2023-W45,Menabe,-20.2833,44.7833,faible,819876,0,0,0,0,0,0,0,0,0.0,0.0,0.0
2023-11-13,2023,11,2023-W46,Menabe,-20.2833,44.7833,faible,819876,0,0,0,0,0,0,0,0,0.0,0.0,0.0
2023-11-20,2023,11,2023-W47,Menabe,-20.2833,44.7833,faible,819876,0,0,0,0,0,0,0,0,0.0,0.0,0.0
2023-11-27,2023,11,2023-W48,Menabe,-20.2833,44.7833,faible,819876,0,0,0,0,0,0,0,0,0.0,0.0,0.0
2023-12-04,2023,12,2023-W49,Menabe,-20.2833,44.7833,faible,819876,0,0,0,0,0,0,0,0,0.0,0.0,0.0
2023-12-11,2023,12,2023-W50,Menabe,-20.2833,44.7833,faible,819876,0,0,0,0,0,0,0,0,0.0,0.0,0.0
2023-12-18,2023,12,2023-W51,Menabe,-20.2833,44.7833,faible,819876,0,0,0,0,0,0,0,0,0.0,0.0,0.0
2023-12-25,2023,12,2023-W52,Menabe,-20.2833,44.7833,faible,819876,0,0,0,0,0,0,0,0,0.0,0.0,0.0
2024-01-01,2024,1,2024-W01,Menabe,-20.2833,44.7833,faible,819876,0,0,0,0,0,0,0,0,0.0,0.0,0.0
2024-01-08,2024,1,2024-W02,Menabe,-20.2833,44.7833,faible,819876,0,0,0,0,0,0,0,0,0.0,0.0,0.0
2024-01-15,2024,1,2024-W03,Menabe,-20.2833,44.7833,faible,819876,0,0,0,0,0,0,0,0,0.0,0.0,0.0
2024-01-22,2024,1,2024-W04,Menabe,-20.2833,44.7833,faible,819876,0,0,0,0,0,0,0,0,0.0,0.0,0.0
2024-01-29,2024,1,2024-W05,Menabe,-20.2833,44.7833,faible,819876,0,0,0,0,0,0,0,0,0.0,0.0,0.0
2024-02-05,2024,2,2024-W06,Menabe,-20.2833,44.7833,faible,819876,0,0,0,0,0,0,0,0,0.0,0.0,0.0
2024-02-12,2024,2,2024-W07,Menabe,-20.2833,44.7833,faible,819876,0,0,0,0,0,0,0,0,0.0,0.0,0.0
2024-02-19,2024,2,2024-W08,Menabe,-20.2833,44.7833,faible,819876,0,0,0,0,0,0,0,0,0.0,0.0,0.0
2024-02-26,2024,2,2024-W09,Menabe,-20.2833,44.7833,faible,819876,0,0,0,0,0,0,0,0,0.0,0.0,0.0
2024-03-04,2024,3,2024-W10,Menabe,-20.2833,44.7833,faible,819876,0,0,0,0,0,0,0,0,0.0,0.0,0.0
2024-03-11,2024,3,2024-W11,Menabe,-20.2833,44.7833,faible,819876,0,0,0,0,0,0,0,0,0.0,0.0,0.0
2024-03-18,2024,3,2024-W12,Menabe,-20.2833,44.7833,faible,819876,0,0,0,0,0,0,0,0,0.0,0.0,0.0
2024-03-25,2024,3,2024-W13,Menabe,-20.2833,44.7833,faible,819876,0,0,0,0,0,0,0,0,0.0,0.0,0.0
2024-04-01,2024,4,2024-W14,Menabe,-20.2833,44.7833,faible,819876,0,0,0,0,0,0,0,0,0.0,0.0,0.0
2024-04-08,2024,4,2024-W15,Menabe,-20.2833,44.7833,faible,819876,0,0,0,0,0,0,0,0,0.0,0.0,0.0
2024-04-15,2024,4,2024-W16,Menabe,-20.2833,44.7833,faible,819876,0,0,0,0,0,0,0,0,0.0,0.0,0.0
2024-04-22,2024,4,2024-W17,Menabe,-20.2833,44.7833,faible,819876,0,0,0,0,0,0,0,0,0.0,0.0,0.0
2024-04-29,2024,4,2024-W18,Menabe,-20.2833,44.7833,faible,819876,0,0,0,0,0,0,0,0,0.0,0.0,0.0
2024-05-06,2024,5,2024-W19,Menabe,-20.2833,44.7833,faible,819876,0,0,0,0,0,0,0,0,0.0,0.0,0.0
2024-05-13,2024,5,2024-W20,Menabe,-20.2833,44.7833,faible,819876,0,0,0,0,0,0,0,0,0.0,0.0,0.0
2024-05-20,2024,5,2024-W21,Menabe,-20.2833,44.7833,faible,819876,0,0,0,0,0,0,0,0,0.0,0.0,0.0
2024-05-27,2024,5,2024-W22,Menabe,-20.2833,44.7833,faible,819876,0,0,0,0,0,0,0,0,0.0,0.0,0.0
2024-06-03,2024,6,2024-W23,Menabe,-20.2833,44.7833,faible,819876,0,0,0,0,0,0,0,0,0.0,0.0,0.0
2024-06-10,2024,6,2024-W24,Menabe,-20.2833,44.7833,faible,819876,0,0,0,0,0,0,0,0,0.0,0.0,0.0
2024-06-17,2024,6,2024-W25,Menabe,-20.2833,44.7833,faible,819876,0,0,0,0,0,0,0,0,0.0,0.0,0.0
2024-06-24,2024,6,2024-W26,Menabe,-20.2833,44.7833,faible,819876,0,0,0,0,0,0,0,0,0.0,0.0,0.0
2024-07-01,2024,7,2024-W27,Menabe,-20.2833,44.7833,faible,819876,0,0,0,0,0,0,0,0,0.0,0.0,0.0
2024-07-08,2024,7,2024-W28,Menabe,-20.2833,44.7833,faible,819876,0,0,0,0,0,0,0,0,0.0,0.0,0.0
2024-07-15,2024,7,2024-W29,Menabe,-20.2833,44.7833,faible,819876,0,0,0,0,0,0,0,0,0.0,0.0,0.0
2024-07-22,2024,7,2024-W30,Menabe,-20.2833,44.7833,faible,819876,0,0,0,0,0,0,0,0,0.0,0.0,0.0
2024-07-29,2024,7,2024-W31,Menabe,-20.2833,44.7833,faible,819876,0,0,0,0,0,0,0,0,0.0,0.0,0.0
2024-08-05,2024,8,2024-W32,Menabe,-20.2833,44.7833,faible,819876,0,0,0,0,0,0,0,0,0.0,0.0,0.0
2024-08-12,2024,8,2024-W33,Menabe,-20.2833,44.7833,faible,819876,0,0,0,0,0,0,0,0,0.0,0.0,0.0
2024-08-19,2024,8,2024-W34,Menabe,-20.2833,44.7833,faible,819876,0,0,0,0,0,0,0,0,0.0,0.0,0.0
2024-08-26,2024,8,2024-W35,Menabe,-20.2833,44.7833,faible,819876,0,0,0,0,0,0,0,0,0.0,0.0,0.0
2024-09-02,2024,9,2024-W36,Menabe,-20.2833,44.7833,faible,819876,0,0,0,0,0,0,0,0,0.0,0.0,0.0
2024-09-09,2024,9,2024-W37,Menabe,-20.2833,44.7833,faible,819876,0,0,0,0,0,0,0,0,0.0,0.0,0.0
2024-09-16,2024,9,2024-W38,Menabe,-20.2833,44.7833,faible,819876,0,0,0,0,0,0,0,0,0.0,0.0,0.0
2024-09-23,2024,9,2024-W39,Menabe,-20.2833,44.7833,faible,819876,0,0,0,0,0,0,0,0,0.0,0.0,0.0
2024-09-30,2024,9,2024-W40,Menabe,-20.2833,44.7833,faible,819876,0,0,0,0,0,0,0,0,0.0,0.0,0.0
2024-10-07,2024,10,2024-W41,Menabe,-20.2833,44.7833,faible,819876,0,0,0,0,0,0,0,0,0.0,0.0,0.0
2024-10-14,2024,10,2024-W42,Menabe,-20.2833,44.7833,faible,819876,0,0,0,0,0,0,0,0,0.0,0.0,0.0
2024-10-21,2024,10,2024-W43,Menabe,-20.2833,44.7833,faible,819876,0,0,0,0,0,0,0,0,0.0,0.0,0.0
2024-10-28,2024,10,2024-W44,Menabe,-20.2833,44.7833,faible,819876,0,0,0,0,0,0,0,0,0.0,0.0,0.0
2024-11-04,2024,11,2024-W45,Menabe,-20.2833,44.7833,faible,819876,0,0,0,0,0,0,0,0,0.0,0.0,0.0
2024-11-11,2024,11,2024-W46,Menabe,-20.2833,44.7833,faible,819876,0,0,0,0,0,0,0,0,0.0,0.0,0.0
2024-11-18,2024,11,2024-W47,Menabe,-20.2833,44.7833,faible,819876,0,0,0,0,0,0,0,0,0.0,0.0,0.0
2024-11-25,2024,11,2024-W48,Menabe,-20.2833,44.7833,faible,819876,0,0,0,0,0,0,0,0,0.0,0.0,0.0
2024-12-02,2024,12,2024-W49,Menabe,-20.2833,44.7833,faible,819876,0,0,0,0,0,0,0,0,0.0,0.0,0.0
2024-12-09,2024,12,2024-W50,Menabe,-20.2833,44.7833,faible,819876,0,0,0,0,0,0,0,0,0.0,0.0,0.0
2024-12-16,2024,12,2024-W51,Menabe,-20.2833,44.7833,faible,819876,0,0,0,0,0,0,0,0,0.0,0.0,0.0
2024-12-23,2024,12,2024-W52,Menabe,-20.2833,44.7833,faible,819876,0,0,0,0,0,0,0,0,0.0,0.0,0.0
2024-12-30,2024,12,2025-W01,Menabe,-20.2833,44.7833,faible,819876,0,0,0,0,0,0,0,0,0.0,0.0,0.0
2025-01-06,2025,1,2025-W02,Menabe,-20.2833,44.7833,faible,819876,0,0,0,0,0,0,0,0,0.0,0.0,0.0
2025-01-13,2025,1,2025-W03,Menabe,-20.2833,44.7833,faible,819876,0,0,0,0,0,0,0,0,0.0,0.0,0.0
2025-01-20,2025,1,2025-W04,Menabe,-20.2833,44.7833,faible,819876,0,0,0,0,0,0,0,0,0.0,0.0,0.0
2025-01-27,2025,1,2025-W05,Menabe,-20.2833,44.7833,faible,819876,0,0,0,0,0,0,0,0,0.0,0.0,0.0
2025-02-03,2025,2,2025-W06,Menabe,-20.2833,44.7833,faible,819876,0,0,0,0,0,0,0,0,0.0,0.0,0.0
2025-02-10,2025,2,2025-W07,Menabe,-20.2833,44.7833,faible,819876,0,0,0,0,0,0,0,0,0.0,0.0,0.0
2025-02-17,2025,2,2025-W08,Menabe,-20.2833,44.7833,faible,819876,0,0,0,0,0,0,0,0,0.0,0.0,0.0
2025-02-24,2025,2,2025-W09,Menabe,-20.2833,44.7833,faible,819876,0,0,0,0,0,0,0,0,0.0,0.0,0.0
2025-03-03,2025,3,2025-W10,Menabe,-20.2833,44.7833,faible,819876,0,0,0,0,0,0,0,0,0.0,0.0,0.0
2025-03-10,2025,3,2025-W11,Menabe,-20.2833,44.7833,faible,819876,0,0,0,0,0,0,0,0,0.0,0.0,0.0
2025-03-17,2025,3,2025-W12,Menabe,-20.2833,44.7833,faible,819876,0,0,0,0,0,0,0,0,0.0,0.0,0.0
2025-03-24,2025,3,2025-W13,Menabe,-20.2833,44.7833,faible,819876,0,0,0,0,0,0,0,0,0.0,0.0,0.0
2025-03-31,2025,3,2025-W14,Menabe,-20.2833,44.7833,faible,819876,0,0,0,0,0,0,0,0,0.0,0.0,0.0
2025-04-07,2025,4,2025-W15,Menabe,-20.2833,44.7833,faible,819876,0,0,0,0,0,0,0,0,0.0,0.0,0.0
2025-04-14,2025,4,2025-W16,Menabe,-20.2833,44.7833,faible,819876,0,0,0,0,0,0,0,0,0.0,0.0,0.0
2025-04-21,2025,4,2025-W17,Menabe,-20.2833,44.7833,faible,819876,0,0,0,0,0,0,0,0,0.0,0.0,0.0
2025-04-28,2025,4,2025-W18,Menabe,-20.2833,44.7833,faible,819876,0,0,0,0,0,0,0,0,0.0,0.0,0.0
2025-05-05,2025,5,2025-W19,Menabe,-20.2833,44.7833,faible,819876,0,0,0,0,0,0,0,0,0.0,0.0,0.0
2025-05-12,2025,5,2025-W20,Menabe,-20.2833,44.7833,faible,819876,0,0,0,0,0,0,0,0,0.0,0.0,0.0
2025-05-19,2025,5,2025-W21,Menabe,-20.2833,44.7833,faible,819876,0,0,0,0,0,0,0,0,0.0,0.0,0.0
2025-05-26,2025,5,2025-W22,Menabe,-20.2833,44.7833,faible,819876,0,0,0,0,0,0,0,0,0.0,0.0,0.0
2025-06-02,2025,6,2025-W23,Menabe,-20.2833,44.7833,faible,819876,0,0,0,0,0,0,0,0,0.0,0.0,0.0
2025-06-09,2025,6,2025-W24,Menabe,-20.2833,44.7833,faible,819876,0,0,0,0,0,0,0,0,0.0,0.0,0.0
2025-06-16,2025,6,2025-W25,Menabe,-20.2833,44.7833,faible,819876,0,0,0,0,0,0,0,0,0.0,0.0,0.0
2025-06-23,2025,6,2025-W26,Menabe,-20.2833,44.7833,faible,819876,0,0,0,0,0,0,0,0,0.0,0.0,0.0
2025-06-30,2025,6,2025-W27,Menabe,-20.2833,44.7833,faible,819876,0,0,0,0,0,0,0,0,0.0,0.0,0.0
2025-07-07,2025,7,2025-W28,Menabe,-20.2833,44.7833,faible,819876,0,0,0,0,0,0,0,0,0.0,0.0,0.0
2025-07-14,2025,7,2025-W29,Menabe,-20.2833,44.7833,faible,819876,0,0,0,0,0,0,0,0,0.0,0.0,0.0
2025-07-21,2025,7,2025-W30,Menabe,-20.2833,44.7833,faible,819876,0,0,0,0,0,0,0,0,0.0,0.0,0.0
2025-07-28,2025,7,2025-W31,Menabe,-20.2833,44.7833,faible,819876,0,0,0,0,0,0,0,0,0.0,0.0,0.0
2025-08-04,2025,8,2025-W32,Menabe,-20.2833,44.7833,faible,819876,0,0,0,0,0,0,0,0,0.0,0.0,0.0
2025-08-11,2025,8,2025-W33,Menabe,-20.2833,44.7833,faible,819876,0,0,0,0,0,0,0,0,0.0,0.0,0.0
2025-08-18,2025,8,2025-W34,Menabe,-20.2833,44.7833,faible,819876,0,0,0,0,0,0,0,0,0.0,0.0,0.0
2025-08-25,2025,8,2025-W35,Menabe,-20.2833,44.7833,faible,819876,0,0,0,0,0,0,0,0,0.0,0.0,0.0
2025-09-01,2025,9,2025-W36,Menabe,-20.2833,44.7833,faible,819876,0,0,0,0,0,0,0,0,0.0,0.0,0.0
2025-09-08,2025,9,2025-W37,Menabe,-20.2833,44.7833,faible,819876,0,0,0,0,0,0,0,0,0.0,0.0,0.0
2025-09-15,2025,9,2025-W38,Menabe,-20.2833,44.7833,faible,819876,0,0,0,0,0,0,0,0,0.0,0.0,0.0
2025-09-22,2025,9,2025-W39,Menabe,-20.2833,44.7833,faible,819876,0,0,0,0,0,0,0,0,0.0,0.0,0.0
2025-09-29,2025,9,2025-W40,Menabe,-20.2833,44.7833,faible,819876,0,0,0,0,0,0,0,0,0.0,0.0,0.0
2025-10-06,2025,10,2025-W41,Menabe,-20.2833,44.7833,faible,819876,0,0,0,0,0,0,0,0,0.0,0.0,0.0
2025-10-13,2025,10,2025-W42,Menabe,-20.2833,44.7833,faible,819876,0,0,0,0,0,0,0,0,0.0,0.0,0.0
2025-10-20,2025,10,2025-W43,Menabe,-20.2833,44.7833,faible,819876,0,0,0,0,0,0,0,0,0.0,0.0,0.0
2025-10-27,2025,10,2025-W44,Menabe,-20.2833,44.7833,faible,819876,0,0,0,0,0,0,0,0,0.0,0.0,0.0
2025-11-03,2025,11,2025-W45,Menabe,-20.2833,44.7833,faible,819876,0,0,0,0,0,0,0,0,0.0,0.0,0.0
2025-11-10,2025,11,2025-W46,Menabe,-20.2833,44.7833,faible,819876,0,0,0,0,0,0,0,0,0.0,0.0,0.0
2025-11-17,2025,11,2025-W47,Menabe,-20.2833,44.7833,faible,819876,0,0,0,0,0,0,0,0,0.0,0.0,0.0
2025-11-24,2025,11,2025-W48,Menabe,-20.2833,44.7833,faible,819876,0,0,0,0,0,0,0,0,0.0,0.0,0.0
2025-12-01,2025,12,2025-W49,Menabe,-20.2833,44.7833,faible,819876,0,0,0,0,0,0,0,0,0.0,0.0,0.0
2025-12-08,2025,12,2025-W50,Menabe,-20.2833,44.7833,faible,819876,0,0,0,0,0,0,0,0,0.0,0.0,0.0
2025-12-15,2025,12,2025-W51,Menabe,-20.2833,44.7833,faible,819876,0,0,0,0,0,0,0,0,0.0,0.0,0.0
2025-12-22,2025,12,2025-W52,Menabe,-20.2833,44.7833,faible,819876,0,0,0,0,0,0,0,0,0.0,0.0,0.0
2025-12-29,2025,12,2026-W01,Menabe,-20.2833,44.7833,faible,819876,0,0,0,0,0,0,0,0,0.0,0.0,0.0
2026-01-05,2026,1,2026-W02,Menabe,-20.2833,44.7833,faible,819876,0,0,0,0,0,0,0,0,0.0,0.0,0.0
2026-01-12,2026,1,2026-W03,Menabe,-20.2833,44.7833,faible,819876,0,0,0,0,0,0,0,0,0.0,0.0,0.0
2026-01-19,2026,1,2026-W04,Menabe,-20.2833,44.7833,faible,819876,0,0,0,0,0,0,0,0,0.0,0.0,0.0
2026-01-26,2026,1,2026-W05,Menabe,-20.2833,44.7833,faible,819876,0,0,0,0,0,0,0,0,0.0,0.0,0.0
2026-02-02,2026,2,2026-W06,Menabe,-20.2833,44.7833,faible,819876,0,0,0,0,0,0,0,0,0.0,0.0,0.0
2026-02-09,2026,2,2026-W07,Menabe,-20.2833,44.7833,faible,819876,0,0,0,0,0,0,0,0,0.0,0.0,0.0
2026-02-16,2026,2,2026-W08,Menabe,-20.2833,44.7833,faible,819876,0,0,0,0,0,0,0,0,0.0,0.0,0.0
2026-02-23,2026,2,2026-W09,Menabe,-20.2833,44.7833,faible,819876,0,0,0,0,0,0,0,0,0.0,0.0,0.0
2026-03-02,2026,3,2026-W10,Menabe,-20.2833,44.7833,faible,819876,0,0,0,0,0,0,0,0,0.0,0.0,0.0
2026-03-09,2026,3,2026-W11,Menabe,-20.2833,44.7833,faible,819876,0,0,0,0,0,0,0,0,0.0,0.0,0.0
2026-03-16,2026,3,2026-W12,Menabe,-20.2833,44.7833,faible,819876,0,0,0,0,0,0,0,0,0.0,0.0,0.0
2026-03-23,2026,3,2026-W13,Menabe,-20.2833,44.7833,faible,819876,0,0,0,0,0,0,0,0,0.0,0.0,0.0
2026-03-30,2026,3,2026-W14,Menabe,-20.2833,44.7833,faible,819876,0,0,0,0,0,0,0,0,0.0,0.0,0.0
2026-04-06,2026,4,2026-W15,Menabe,-20.2833,44.7833,faible,819876,0,0,0,0,0,0,0,0,0.0,0.0,0.0
2026-04-13,2026,4,2026-W16,Menabe,-20.2833,44.7833,faible,819876,0,0,0,0,0,0,0,0,0.0,0.0,0.0
2026-04-20,2026,4,2026-W17,Menabe,-20.2833,44.7833,faible,819876,0,0,0,0,0,0,0,0,0.0,0.0,0.0
2026-04-27,2026,4,2026-W18,Menabe,-20.2833,44.7833,faible,819876,0,0,0,0,0,0,0,0,0.0,0.0,0.0
2026-05-04,2026,5,2026-W19,Menabe,-20.2833,44.7833,faible,819876,0,0,0,0,0,0,0,0,0.0,0.0,0.0
2026-05-11,2026,5,2026-W20,Menabe,-20.2833,44.7833,faible,819876,0,0,0,0,0,0,0,0,0.0,0.0,0.0
2026-05-18,2026,5,2026-W21,Menabe,-20.2833,44.7833,faible,819876,0,0,0,0,0,0,0,0,0.0,0.0,0.0
2026-05-25,2026,5,2026-W22,Menabe,-20.2833,44.7833,faible,819876,0,0,0,0,0,0,0,0,0.0,0.0,0.0
2026-06-01,2026,6,2026-W23,Menabe,-20.2833,44.7833,faible,819876,0,0,0,0,0,0,0,0,0.0,0.0,0.0
2026-06-08,2026,6,2026-W24,Menabe,-20.2833,44.7833,faible,819876,0,0,0,0,0,0,0,0,0.0,0.0,0.0
2026-06-15,2026,6,2026-W25,Menabe,-20.2833,44.7833,faible,819876,0,0,0,0,0,0,0,0,0.0,0.0,0.0
2026-06-22,2026,6,2026-W26,Menabe,-20.2833,44.7833,faible,819876,0,0,0,0,0,0,0,0,0.0,0.0,0.0
2026-06-29,2026,6,2026-W27,Menabe,-20.2833,44.7833,faible,819876,0,0,0,0,0,0,0,0,0.0,0.0,0.0
2026-07-06,2026,7,2026-W28,Menabe,-20.2833,44.7833,faible,819876,0,0,0,0,0,0,0,0,0.0,0.0,0.0
2026-07-13,2026,7,2026-W29,Menabe,-20.2833,44.7833,faible,819876,0,0,0,0,0,0,0,0,0.0,0.0,0.0
2026-07-20,2026,7,2026-W30,Menabe,-20.2833,44.7833,faible,819876,0,0,0,0,0,0,0,0,0.0,0.0,0.0
2026-07-27,2026,7,2026-W31,Menabe,-20.2833,44.7833,faible,819876,0,0,0,0,0,0,0,0,0.0,0.0,0.0
2020-01-06,2020,1,2020-W02,Vatovavy,-21.3167,47.9333,faible,576905,0,0,0,0,0,0,0,0,0.0,0.0,0.0
2020-01-13,2020,1,2020-W03,Vatovavy,-21.3167,47.9333,faible,576905,0,0,0,0,0,0,0,0,0.0,0.0,0.0
2020-01-20,2020,1,2020-W04,Vatovavy,-21.3167,47.9333,faible,576905,0,0,0,0,0,0,0,0,0.0,0.0,0.0
2020-01-27,2020,1,2020-W05,Vatovavy,-21.3167,47.9333,faible,576905,0,0,0,0,0,0,0,0,0.0,0.0,0.0
2020-02-03,2020,2,2020-W06,Vatovavy,-21.3167,47.9333,faible,576905,0,0,0,0,0,0,0,0,0.0,0.0,0.0
2020-02-10,2020,2,2020-W07,Vatovavy,-21.3167,47.9333,faible,576905,0,0,0,0,0,0,0,0,0.0,0.0,0.0
2020-02-17,2020,2,2020-W08,Vatovavy,-21.3167,47.9333,faible,576905,0,0,0,0,0,0,0,0,0.0,0.0,0.0
2020-02-24,2020,2,2020-W09,Vatovavy,-21.3167,47.9333,faible,576905,0,0,0,0,0,0,0,0,0.0,0.0,0.0
2020-03-02,2020,3,2020-W10,Vatovavy,-21.3167,47.9333,faible,576905,0,0,0,0,0,0,0,0,0.0,0.0,0.0
2020-03-09,2020,3,2020-W11,Vatovavy,-21.3167,47.9333,faible,576905,0,0,0,0,0,0,0,0,0.0,0.0,0.0
2020-03-16,2020,3,2020-W12,Vatovavy,-21.3167,47.9333,faible,576905,0,0,0,0,0,0,0,0,0.0,0.0,0.0
2020-03-23,2020,3,2020-W13,Vatovavy,-21.3167,47.9333,faible,576905,0,0,0,0,0,0,0,0,0.0,0.0,0.0
2020-03-30,2020,3,2020-W14,Vatovavy,-21.3167,47.9333,faible,576905,0,0,0,0,0,0,0,0,0.0,0.0,0.0
2020-04-06,2020,4,2020-W15,Vatovavy,-21.3167,47.9333,faible,576905,0,0,0,0,0,0,0,0,0.0,0.0,0.0
2020-04-13,2020,4,2020-W16,Vatovavy,-21.3167,47.9333,faible,576905,0,0,0,0,0,0,0,0,0.0,0.0,0.0
2020-04-20,2020,4,2020-W17,Vatovavy,-21.3167,47.9333,faible,576905,0,0,0,0,0,0,0,0,0.0,0.0,0.0
2020-04-27,2020,4,2020-W18,Vatovavy,-21.3167,47.9333,faible,576905,0,0,0,0,0,0,0,0,0.0,0.0,0.0
2020-05-04,2020,5,2020-W19,Vatovavy,-21.3167,47.9333,faible,576905,0,0,0,0,0,0,0,0,0.0,0.0,0.0
2020-05-11,2020,5,2020-W20,Vatovavy,-21.3167,47.9333,faible,576905,0,0,0,0,0,0,0,0,0.0,0.0,0.0
2020-05-18,2020,5,2020-W21,Vatovavy,-21.3167,47.9333,faible,576905,0,0,0,0,0,0,0,0,0.0,0.0,0.0
2020-05-25,2020,5,2020-W22,Vatovavy,-21.3167,47.9333,faible,576905,0,0,0,0,0,0,0,0,0.0,0.0,0.0
2020-06-01,2020,6,2020-W23,Vatovavy,-21.3167,47.9333,faible,576905,0,0,0,0,0,0,0,0,0.0,0.0,0.0
2020-06-08,2020,6,2020-W24,Vatovavy,-21.3167,47.9333,faible,576905,0,0,0,0,0,0,0,0,0.0,0.0,0.0
2020-06-15,2020,6,2020-W25,Vatovavy,-21.3167,47.9333,faible,576905,0,0,0,0,0,0,0,0,0.0,0.0,0.0
2020-06-22,2020,6,2020-W26,Vatovavy,-21.3167,47.9333,faible,576905,0,0,0,0,0,0,0,0,0.0,0.0,0.0
2020-06-29,2020,6,2020-W27,Vatovavy,-21.3167,47.9333,faible,576905,0,0,0,0,0,0,0,0,0.0,0.0,0.0
2020-07-06,2020,7,2020-W28,Vatovavy,-21.3167,47.9333,faible,576905,0,0,0,0,0,0,0,0,0.0,0.0,0.0
2020-07-13,2020,7,2020-W29,Vatovavy,-21.3167,47.9333,faible,576905,0,0,0,0,0,0,0,0,0.0,0.0,0.0
2020-07-20,2020,7,2020-W30,Vatovavy,-21.3167,47.9333,faible,576905,0,0,0,0,0,0,0,0,0.0,0.0,0.0
2020-07-27,2020,7,2020-W31,Vatovavy,-21.3167,47.9333,faible,576905,0,0,0,0,0,0,0,0,0.0,0.0,0.0
2020-08-03,2020,8,2020-W32,Vatovavy,-21.3167,47.9333,faible,576905,0,0,0,0,0,0,0,0,0.0,0.0,0.0
2020-08-10,2020,8,2020-W33,Vatovavy,-21.3167,47.9333,faible,576905,0,0,0,0,0,0,0,0,0.0,0.0,0.0
2020-08-17,2020,8,2020-W34,Vatovavy,-21.3167,47.9333,faible,576905,0,0,0,0,0,0,0,0,0.0,0.0,0.0
2020-08-24,2020,8,2020-W35,Vatovavy,-21.3167,47.9333,faible,576905,0,0,0,0,0,0,0,0,0.0,0.0,0.0
2020-08-31,2020,8,2020-W36,Vatovavy,-21.3167,47.9333,faible,576905,0,0,0,0,0,0,0,0,0.0,0.0,0.0
2020-09-07,2020,9,2020-W37,Vatovavy,-21.3167,47.9333,faible,576905,0,0,0,0,0,0,0,0,0.0,0.0,0.0
2020-09-14,2020,9,2020-W38,Vatovavy,-21.3167,47.9333,faible,576905,0,0,0,0,0,0,0,0,0.0,0.0,0.0
2020-09-21,2020,9,2020-W39,Vatovavy,-21.3167,47.9333,faible,576905,0,0,0,0,0,0,0,0,0.0,0.0,0.0
2020-09-28,2020,9,2020-W40,Vatovavy,-21.3167,47.9333,faible,576905,0,0,0,0,0,0,0,0,0.0,0.0,0.0
2020-10-05,2020,10,2020-W41,Vatovavy,-21.3167,47.9333,faible,576905,0,0,0,0,0,0,0,0,0.0,0.0,0.0
2020-10-12,2020,10,2020-W42,Vatovavy,-21.3167,47.9333,faible,576905,0,0,0,0,0,0,0,0,0.0,0.0,0.0
2020-10-19,2020,10,2020-W43,Vatovavy,-21.3167,47.9333,faible,576905,0,0,0,0,0,0,0,0,0.0,0.0,0.0
2020-10-26,2020,10,2020-W44,Vatovavy,-21.3167,47.9333,faible,576905,0,0,0,0,0,0,0,0,0.0,0.0,0.0
2020-11-02,2020,11,2020-W45,Vatovavy,-21.3167,47.9333,faible,576905,0,0,0,0,0,0,0,0,0.0,0.0,0.0
2020-11-09,2020,11,2020-W46,Vatovavy,-21.3167,47.9333,faible,576905,0,0,0,0,0,0,0,0,0.0,0.0,0.0
2020-11-16,2020,11,2020-W47,Vatovavy,-21.3167,47.9333,faible,576905,0,0,0,0,0,0,0,0,0.0,0.0,0.0
2020-11-23,2020,11,2020-W48,Vatovavy,-21.3167,47.9333,faible,576905,0,0,0,0,0,0,0,0,0.0,0.0,0.0
2020-11-30,2020,11,2020-W49,Vatovavy,-21.3167,47.9333,faible,576905,0,0,0,0,0,0,0,0,0.0,0.0,0.0
2020-12-07,2020,12,2020-W50,Vatovavy,-21.3167,47.9333,faible,576905,0,0,0,0,0,0,0,0,0.0,0.0,0.0
2020-12-14,2020,12,2020-W51,Vatovavy,-21.3167,47.9333,faible,576905,0,0,0,0,0,0,0,0,0.0,0.0,0.0
2020-12-21,2020,12,2020-W52,Vatovavy,-21.3167,47.9333,faible,576905,0,0,0,0,0,0,0,0,0.0,0.0,0.0
2020-12-28,2020,12,2020-W53,Vatovavy,-21.3167,47.9333,faible,576905,0,0,0,0,0,0,0,0,0.0,0.0,0.0
2021-01-04,2021,1,2021-W01,Vatovavy,-21.3167,47.9333,faible,576905,0,0,0,0,0,0,0,0,0.0,0.0,0.0
2021-01-11,2021,1,2021-W02,Vatovavy,-21.3167,47.9333,faible,576905,0,0,0,0,0,0,0,0,0.0,0.0,0.0
2021-01-18,2021,1,2021-W03,Vatovavy,-21.3167,47.9333,faible,576905,0,0,0,0,0,0,0,0,0.0,0.0,0.0
2021-01-25,2021,1,2021-W04,Vatovavy,-21.3167,47.9333,faible,576905,0,0,0,0,0,0,0,0,0.0,0.0,0.0
2021-02-01,2021,2,2021-W05,Vatovavy,-21.3167,47.9333,faible,576905,0,0,0,0,0,0,0,0,0.0,0.0,0.0
2021-02-08,2021,2,2021-W06,Vatovavy,-21.3167,47.9333,faible,576905,0,0,0,0,0,0,0,0,0.0,0.0,0.0
2021-02-15,2021,2,2021-W07,Vatovavy,-21.3167,47.9333,faible,576905,0,0,0,0,0,0,0,0,0.0,0.0,0.0
2021-02-22,2021,2,2021-W08,Vatovavy,-21.3167,47.9333,faible,576905,0,0,0,0,0,0,0,0,0.0,0.0,0.0
2021-03-01,2021,3,2021-W09,Vatovavy,-21.3167,47.9333,faible,576905,0,0,0,0,0,0,0,0,0.0,0.0,0.0
2021-03-08,2021,3,2021-W10,Vatovavy,-21.3167,47.9333,faible,576905,0,0,0,0,0,0,0,0,0.0,0.0,0.0
2021-03-15,2021,3,2021-W11,Vatovavy,-21.3167,47.9333,faible,576905,0,0,0,0,0,0,0,0,0.0,0.0,0.0
2021-03-22,2021,3,2021-W12,Vatovavy,-21.3167,47.9333,faible,576905,0,0,0,0,0,0,0,0,0.0,0.0,0.0
2021-03-29,2021,3,2021-W13,Vatovavy,-21.3167,47.9333,faible,576905,0,0,0,0,0,0,0,0,0.0,0.0,0.0
2021-04-05,2021,4,2021-W14,Vatovavy,-21.3167,47.9333,faible,576905,0,0,0,0,0,0,0,0,0.0,0.0,0.0
2021-04-12,2021,4,2021-W15,Vatovavy,-21.3167,47.9333,faible,576905,0,0,0,0,0,0,0,0,0.0,0.0,0.0
2021-04-19,2021,4,2021-W16,Vatovavy,-21.3167,47.9333,faible,576905,0,0,0,0,0,0,0,0,0.0,0.0,0.0
2021-04-26,2021,4,2021-W17,Vatovavy,-21.3167,47.9333,faible,576905,0,0,0,0,0,0,0,0,0.0,0.0,0.0
2021-05-03,2021,5,2021-W18,Vatovavy,-21.3167,47.9333,faible,576905,0,0,0,0,0,0,0,0,0.0,0.0,0.0
2021-05-10,2021,5,2021-W19,Vatovavy,-21.3167,47.9333,faible,576905,0,0,0,0,0,0,0,0,0.0,0.0,0.0
2021-05-17,2021,5,2021-W20,Vatovavy,-21.3167,47.9333,faible,576905,0,0,0,0,0,0,0,0,0.0,0.0,0.0
2021-05-24,2021,5,2021-W21,Vatovavy,-21.3167,47.9333,faible,576905,0,0,0,0,0,0,0,0,0.0,0.0,0.0
2021-05-31,2021,5,2021-W22,Vatovavy,-21.3167,47.9333,faible,576905,0,0,0,0,0,0,0,0,0.0,0.0,0.0
2021-06-07,2021,6,2021-W23,Vatovavy,-21.3167,47.9333,faible,576905,0,0,0,0,0,0,0,0,0.0,0.0,0.0
2021-06-14,2021,6,2021-W24,Vatovavy,-21.3167,47.9333,faible,576905,0,0,0,0,0,0,0,0,0.0,0.0,0.0
2021-06-21,2021,6,2021-W25,Vatovavy,-21.3167,47.9333,faible,576905,0,0,0,0,0,0,0,0,0.0,0.0,0.0
2021-06-28,2021,6,2021-W26,Vatovavy,-21.3167,47.9333,faible,576905,0,0,0,0,0,0,0,0,0.0,0.0,0.0
2021-07-05,2021,7,2021-W27,Vatovavy,-21.3167,47.9333,faible,576905,0,0,0,0,0,0,0,0,0.0,0.0,0.0
2021-07-12,2021,7,2021-W28,Vatovavy,-21.3167,47.9333,faible,576905,0,0,0,0,0,0,0,0,0.0,0.0,0.0
2021-07-19,2021,7,2021-W29,Vatovavy,-21.3167,47.9333,faible,576905,0,0,0,0,0,0,0,0,0.0,0.0,0.0
2021-07-26,2021,7,2021-W30,Vatovavy,-21.3167,47.9333,faible,576905,0,0,0,0,0,0,0,0,0.0,0.0,0.0
2021-08-02,2021,8,2021-W31,Vatovavy,-21.3167,47.9333,faible,576905,0,0,0,0,0,0,0,0,0.0,0.0,0.0
2021-08-09,2021,8,2021-W32,Vatovavy,-21.3167,47.9333,faible,576905,0,0,0,0,0,0,0,0,0.0,0.0,0.0
2021-08-16,2021,8,2021-W33,Vatovavy,-21.3167,47.9333,faible,576905,0,0,0,0,0,0,0,0,0.0,0.0,0.0
2021-08-23,2021,8,2021-W34,Vatovavy,-21.3167,47.9333,faible,576905,0,0,0,0,0,0,0,0,0.0,0.0,0.0
2021-08-30,2021,8,2021-W35,Vatovavy,-21.3167,47.9333,faible,576905,0,0,0,0,0,0,0,0,0.0,0.0,0.0
2021-09-06,2021,9,2021-W36,Vatovavy,-21.3167,47.9333,faible,576905,0,0,0,0,0,0,0,0,0.0,0.0,0.0
2021-09-13,2021,9,2021-W37,Vatovavy,-21.3167,47.9333,faible,576905,0,0,0,0,0,0,0,0,0.0,0.0,0.0
2021-09-20,2021,9,2021-W38,Vatovavy,-21.3167,47.9333,faible,576905,0,0,0,0,0,0,0,0,0.0,0.0,0.0
2021-09-27,2021,9,2021-W39,Vatovavy,-21.3167,47.9333,faible,576905,0,0,0,0,0,0,0,0,0.0,0.0,0.0
2021-10-04,2021,10,2021-W40,Vatovavy,-21.3167,47.9333,faible,576905,0,0,0,0,0,0,0,0,0.0,0.0,0.0
2021-10-11,2021,10,2021-W41,Vatovavy,-21.3167,47.9333,faible,576905,0,0,0,0,0,0,0,0,0.0,0.0,0.0
2021-10-18,2021,10,2021-W42,Vatovavy,-21.3167,47.9333,faible,576905,0,0,0,0,0,0,0,0,0.0,0.0,0.0
2021-10-25,2021,10,2021-W43,Vatovavy,-21.3167,47.9333,faible,576905,0,0,0,0,0,0,0,0,0.0,0.0,0.0
2021-11-01,2021,11,2021-W44,Vatovavy,-21.3167,47.9333,faible,576905,0,0,0,0,0,0,0,0,0.0,0.0,0.0
2021-11-08,2021,11,2021-W45,Vatovavy,-21.3167,47.9333,faible,576905,0,0,0,0,0,0,0,0,0.0,0.0,0.0
2021-11-15,2021,11,2021-W46,Vatovavy,-21.3167,47.9333,faible,576905,0,0,0,0,0,0,0,0,0.0,0.0,0.0
2021-11-22,2021,11,2021-W47,Vatovavy,-21.3167,47.9333,faible,576905,0,0,0,0,0,0,0,0,0.0,0.0,0.0
2021-11-29,2021,11,2021-W48,Vatovavy,-21.3167,47.9333,faible,576905,0,0,0,0,0,0,0,0,0.0,0.0,0.0
2021-12-06,2021,12,2021-W49,Vatovavy,-21.3167,47.9333,faible,576905,0,0,0,0,0,0,0,0,0.0,0.0,0.0
2021-12-13,2021,12,2021-W50,Vatovavy,-21.3167,47.9333,faible,576905,0,0,0,0,0,0,0,0,0.0,0.0,0.0
2021-12-20,2021,12,2021-W51,Vatovavy,-21.3167,47.9333,faible,576905,0,0,0,0,0,0,0,0,0.0,0.0,0.0
2021-12-27,2021,12,2021-W52,Vatovavy,-21.3167,47.9333,faible,576905,0,0,0,0,0,0,0,0,0.0,0.0,0.0
2022-01-03,2022,1,2022-W01,Vatovavy,-21.3167,47.9333,faible,576905,0,0,0,0,0,0,0,0,0.0,0.0,0.0
2022-01-10,2022,1,2022-W02,Vatovavy,-21.3167,47.9333,faible,576905,0,0,0,0,0,0,0,0,0.0,0.0,0.0
2022-01-17,2022,1,2022-W03,Vatovavy,-21.3167,47.9333,faible,576905,0,0,0,0,0,0,0,0,0.0,0.0,0.0
2022-01-24,2022,1,2022-W04,Vatovavy,-21.3167,47.9333,faible,576905,0,0,0,0,0,0,0,0,0.0,0.0,0.0
2022-01-31,2022,1,2022-W05,Vatovavy,-21.3167,47.9333,faible,576905,0,0,0,0,0,0,0,0,0.0,0.0,0.0
2022-02-07,2022,2,2022-W06,Vatovavy,-21.3167,47.9333,faible,576905,0,0,0,0,0,0,0,0,0.0,0.0,0.0
2022-02-14,2022,2,2022-W07,Vatovavy,-21.3167,47.9333,faible,576905,0,0,0,0,0,0,0,0,0.0,0.0,0.0
2022-02-21,2022,2,2022-W08,Vatovavy,-21.3167,47.9333,faible,576905,0,0,0,0,0,0,0,0,0.0,0.0,0.0
2022-02-28,2022,2,2022-W09,Vatovavy,-21.3167,47.9333,faible,576905,0,0,0,0,0,0,0,0,0.0,0.0,0.0
2022-03-07,2022,3,2022-W10,Vatovavy,-21.3167,47.9333,faible,576905,0,0,0,0,0,0,0,0,0.0,0.0,0.0
2022-03-14,2022,3,2022-W11,Vatovavy,-21.3167,47.9333,faible,576905,0,0,0,0,0,0,0,0,0.0,0.0,0.0
2022-03-21,2022,3,2022-W12,Vatovavy,-21.3167,47.9333,faible,576905,0,0,0,0,0,0,0,0,0.0,0.0,0.0
2022-03-28,2022,3,2022-W13,Vatovavy,-21.3167,47.9333,faible,576905,0,0,0,0,0,0,0,0,0.0,0.0,0.0
2022-04-04,2022,4,2022-W14,Vatovavy,-21.3167,47.9333,faible,576905,0,0,0,0,0,0,0,0,0.0,0.0,0.0
2022-04-11,2022,4,2022-W15,Vatovavy,-21.3167,47.9333,faible,576905,0,0,0,0,0,0,0,0,0.0,0.0,0.0
2022-04-18,2022,4,2022-W16,Vatovavy,-21.3167,47.9333,faible,576905,0,0,0,0,0,0,0,0,0.0,0.0,0.0
2022-04-25,2022,4,2022-W17,Vatovavy,-21.3167,47.9333,faible,576905,0,0,0,0,0,0,0,0,0.0,0.0,0.0
2022-05-02,2022,5,2022-W18,Vatovavy,-21.3167,47.9333,faible,576905,0,0,0,0,0,0,0,0,0.0,0.0,0.0
2022-05-09,2022,5,2022-W19,Vatovavy,-21.3167,47.9333,faible,576905,0,0,0,0,0,0,0,0,0.0,0.0,0.0
2022-05-16,2022,5,2022-W20,Vatovavy,-21.3167,47.9333,faible,576905,0,0,0,0,0,0,0,0,0.0,0.0,0.0
2022-05-23,2022,5,2022-W21,Vatovavy,-21.3167,47.9333,faible,576905,0,0,0,0,0,0,0,0,0.0,0.0,0.0
2022-05-30,2022,5,2022-W22,Vatovavy,-21.3167,47.9333,faible,576905,0,0,0,0,0,0,0,0,0.0,0.0,0.0
2022-06-06,2022,6,2022-W23,Vatovavy,-21.3167,47.9333,faible,576905,0,0,0,0,0,0,0,0,0.0,0.0,0.0
2022-06-13,2022,6,2022-W24,Vatovavy,-21.3167,47.9333,faible,576905,0,0,0,0,0,0,0,0,0.0,0.0,0.0
2022-06-20,2022,6,2022-W25,Vatovavy,-21.3167,47.9333,faible,576905,0,0,0,0,0,0,0,0,0.0,0.0,0.0
2022-06-27,2022,6,2022-W26,Vatovavy,-21.3167,47.9333,faible,576905,0,0,0,0,0,0,0,0,0.0,0.0,0.0
2022-07-04,2022,7,2022-W27,Vatovavy,-21.3167,47.9333,faible,576905,0,0,0,0,0,0,0,0,0.0,0.0,0.0
2022-07-11,2022,7,2022-W28,Vatovavy,-21.3167,47.9333,faible,576905,0,0,0,0,0,0,0,0,0.0,0.0,0.0
2022-07-18,2022,7,2022-W29,Vatovavy,-21.3167,47.9333,faible,576905,0,0,0,0,0,0,0,0,0.0,0.0,0.0
2022-07-25,2022,7,2022-W30,Vatovavy,-21.3167,47.9333,faible,576905,0,0,0,0,0,0,0,0,0.0,0.0,0.0
2022-08-01,2022,8,2022-W31,Vatovavy,-21.3167,47.9333,faible,576905,0,0,0,0,0,0,0,0,0.0,0.0,0.0
2022-08-08,2022,8,2022-W32,Vatovavy,-21.3167,47.9333,faible,576905,0,0,0,0,0,0,0,0,0.0,0.0,0.0
2022-08-15,2022,8,2022-W33,Vatovavy,-21.3167,47.9333,faible,576905,0,0,0,0,0,0,0,0,0.0,0.0,0.0
2022-08-22,2022,8,2022-W34,Vatovavy,-21.3167,47.9333,faible,576905,0,0,0,0,0,0,0,0,0.0,0.0,0.0
2022-08-29,2022,8,2022-W35,Vatovavy,-21.3167,47.9333,faible,576905,0,0,0,0,0,0,0,0,0.0,0.0,0.0
2022-09-05,2022,9,2022-W36,Vatovavy,-21.3167,47.9333,faible,576905,0,0,0,0,0,0,0,0,0.0,0.0,0.0
2022-09-12,2022,9,2022-W37,Vatovavy,-21.3167,47.9333,faible,576905,0,0,0,0,0,0,0,0,0.0,0.0,0.0
2022-09-19,2022,9,2022-W38,Vatovavy,-21.3167,47.9333,faible,576905,0,0,0,0,0,0,0,0,0.0,0.0,0.0
2022-09-26,2022,9,2022-W39,Vatovavy,-21.3167,47.9333,faible,576905,0,0,0,0,0,0,0,0,0.0,0.0,0.0
2022-10-03,2022,10,2022-W40,Vatovavy,-21.3167,47.9333,faible,576905,0,0,0,0,0,0,0,0,0.0,0.0,0.0
2022-10-10,2022,10,2022-W41,Vatovavy,-21.3167,47.9333,faible,576905,0,0,0,0,0,0,0,0,0.0,0.0,0.0
2022-10-17,2022,10,2022-W42,Vatovavy,-21.3167,47.9333,faible,576905,0,0,0,0,0,0,0,0,0.0,0.0,0.0
2022-10-24,2022,10,2022-W43,Vatovavy,-21.3167,47.9333,faible,576905,0,0,0,0,0,0,0,0,0.0,0.0,0.0
2022-10-31,2022,10,2022-W44,Vatovavy,-21.3167,47.9333,faible,576905,0,0,0,0,0,0,0,0,0.0,0.0,0.0
2022-11-07,2022,11,2022-W45,Vatovavy,-21.3167,47.9333,faible,576905,0,0,0,0,0,0,0,0,0.0,0.0,0.0
2022-11-14,2022,11,2022-W46,Vatovavy,-21.3167,47.9333,faible,576905,0,0,0,0,0,0,0,0,0.0,0.0,0.0
2022-11-21,2022,11,2022-W47,Vatovavy,-21.3167,47.9333,faible,576905,0,0,0,0,0,0,0,0,0.0,0.0,0.0
2022-11-28,2022,11,2022-W48,Vatovavy,-21.3167,47.9333,faible,576905,0,0,0,0,0,0,0,0,0.0,0.0,0.0
2022-12-05,2022,12,2022-W49,Vatovavy,-21.3167,47.9333,faible,576905,0,0,0,0,0,0,0,0,0.0,0.0,0.0
2022-12-12,2022,12,2022-W50,Vatovavy,-21.3167,47.9333,faible,576905,0,0,0,0,0,0,0,0,0.0,0.0,0.0
2022-12-19,2022,12,2022-W51,Vatovavy,-21.3167,47.9333,faible,576905,0,0,0,0,0,0,0,0,0.0,0.0,0.0
2022-12-26,2022,12,2022-W52,Vatovavy,-21.3167,47.9333,faible,576905,0,0,0,0,0,0,0,0,0.0,0.0,0.0
2023-01-02,2023,1,2023-W01,Vatovavy,-21.3167,47.9333,faible,576905,0,0,0,0,0,0,0,0,0.0,0.0,0.0
2023-01-09,2023,1,2023-W02,Vatovavy,-21.3167,47.9333,faible,576905,0,0,0,0,0,0,0,0,0.0,0.0,0.0
2023-01-16,2023,1,2023-W03,Vatovavy,-21.3167,47.9333,faible,576905,0,0,0,0,0,0,0,0,0.0,0.0,0.0
2023-01-23,2023,1,2023-W04,Vatovavy,-21.3167,47.9333,faible,576905,0,0,0,0,0,0,0,0,0.0,0.0,0.0
2023-01-30,2023,1,2023-W05,Vatovavy,-21.3167,47.9333,faible,576905,0,0,0,0,0,0,0,0,0.0,0.0,0.0
2023-02-06,2023,2,2023-W06,Vatovavy,-21.3167,47.9333,faible,576905,0,0,0,0,0,0,0,0,0.0,0.0,0.0
2023-02-13,2023,2,2023-W07,Vatovavy,-21.3167,47.9333,faible,576905,0,0,0,0,0,0,0,0,0.0,0.0,0.0
2023-02-20,2023,2,2023-W08,Vatovavy,-21.3167,47.9333,faible,576905,0,0,0,0,0,0,0,0,0.0,0.0,0.0
2023-02-27,2023,2,2023-W09,Vatovavy,-21.3167,47.9333,faible,576905,0,0,0,0,0,0,0,0,0.0,0.0,0.0
2023-03-06,2023,3,2023-W10,Vatovavy,-21.3167,47.9333,faible,576905,0,0,0,0,0,0,0,0,0.0,0.0,0.0
2023-03-13,2023,3,2023-W11,Vatovavy,-21.3167,47.9333,faible,576905,0,0,0,0,0,0,0,0,0.0,0.0,0.0
2023-03-20,2023,3,2023-W12,Vatovavy,-21.3167,47.9333,faible,576905,0,0,0,0,0,0,0,0,0.0,0.0,0.0
2023-03-27,2023,3,2023-W13,Vatovavy,-21.3167,47.9333,faible,576905,0,0,0,0,0,0,0,0,0.0,0.0,0.0
2023-04-03,2023,4,2023-W14,Vatovavy,-21.3167,47.9333,faible,576905,0,0,0,0,0,0,0,0,0.0,0.0,0.0
2023-04-10,2023,4,2023-W15,Vatovavy,-21.3167,47.9333,faible,576905,0,0,0,0,0,0,0,0,0.0,0.0,0.0
2023-04-17,2023,4,2023-W16,Vatovavy,-21.3167,47.9333,faible,576905,0,0,0,0,0,0,0,0,0.0,0.0,0.0
2023-04-24,2023,4,2023-W17,Vatovavy,-21.3167,47.9333,faible,576905,0,0,0,0,0,0,0,0,0.0,0.0,0.0
2023-05-01,2023,5,2023-W18,Vatovavy,-21.3167,47.9333,faible,576905,0,0,0,0,0,0,0,0,0.0,0.0,0.0
2023-05-08,2023,5,2023-W19,Vatovavy,-21.3167,47.9333,faible,576905,0,0,0,0,0,0,0,0,0.0,0.0,0.0
2023-05-15,2023,5,2023-W20,Vatovavy,-21.3167,47.9333,faible,576905,0,0,0,0,0,0,0,0,0.0,0.0,0.0
2023-05-22,2023,5,2023-W21,Vatovavy,-21.3167,47.9333,faible,576905,0,0,0,0,0,0,0,0,0.0,0.0,0.0
2023-05-29,2023,5,2023-W22,Vatovavy,-21.3167,47.9333,faible,576905,0,0,0,0,0,0,0,0,0.0,0.0,0.0
2023-06-05,2023,6,2023-W23,Vatovavy,-21.3167,47.9333,faible,576905,0,0,0,0,0,0,0,0,0.0,0.0,0.0
2023-06-12,2023,6,2023-W24,Vatovavy,-21.3167,47.9333,faible,576905,0,0,0,0,0,0,0,0,0.0,0.0,0.0
2023-06-19,2023,6,2023-W25,Vatovavy,-21.3167,47.9333,faible,576905,0,0,0,0,0,0,0,0,0.0,0.0,0.0
2023-06-26,2023,6,2023-W26,Vatovavy,-21.3167,47.9333,faible,576905,0,0,0,0,0,0,0,0,0.0,0.0,0.0
2023-07-03,2023,7,2023-W27,Vatovavy,-21.3167,47.9333,faible,576905,0,0,0,0,0,0,0,0,0.0,0.0,0.0
2023-07-10,2023,7,2023-W28,Vatovavy,-21.3167,47.9333,faible,576905,0,0,0,0,0,0,0,0,0.0,0.0,0.0
2023-07-17,2023,7,2023-W29,Vatovavy,-21.3167,47.9333,faible,576905,0,0,0,0,0,0,0,0,0.0,0.0,0.0
2023-07-24,2023,7,2023-W30,Vatovavy,-21.3167,47.9333,faible,576905,0,0,0,0,0,0,0,0,0.0,0.0,0.0
2023-07-31,2023,7,2023-W31,Vatovavy,-21.3167,47.9333,faible,576905,0,0,0,0,0,0,0,0,0.0,0.0,0.0
2023-08-07,2023,8,2023-W32,Vatovavy,-21.3167,47.9333,faible,576905,0,0,0,0,0,0,0,0,0.0,0.0,0.0
2023-08-14,2023,8,2023-W33,Vatovavy,-21.3167,47.9333,faible,576905,0,0,0,0,0,0,0,0,0.0,0.0,0.0
2023-08-21,2023,8,2023-W34,Vatovavy,-21.3167,47.9333,faible,576905,0,0,0,0,0,0,0,0,0.0,0.0,0.0
2023-08-28,2023,8,2023-W35,Vatovavy,-21.3167,47.9333,faible,576905,0,0,0,0,0,0,0,0,0.0,0.0,0.0
2023-09-04,2023,9,2023-W36,Vatovavy,-21.3167,47.9333,faible,576905,0,0,0,0,0,0,0,0,0.0,0.0,0.0
2023-09-11,2023,9,2023-W37,Vatovavy,-21.3167,47.9333,faible,576905,0,0,0,0,0,0,0,0,0.0,0.0,0.0
2023-09-18,2023,9,2023-W38,Vatovavy,-21.3167,47.9333,faible,576905,0,0,0,0,0,0,0,0,0.0,0.0,0.0
2023-09-25,2023,9,2023-W39,Vatovavy,-21.3167,47.9333,faible,576905,0,0,0,0,0,0,0,0,0.0,0.0,0.0
2023-10-02,2023,10,2023-W40,Vatovavy,-21.3167,47.9333,faible,576905,0,0,0,0,0,0,0,0,0.0,0.0,0.0
2023-10-09,2023,10,2023-W41,Vatovavy,-21.3167,47.9333,faible,576905,0,0,0,0,0,0,0,0,0.0,0.0,0.0
2023-10-16,2023,10,2023-W42,Vatovavy,-21.3167,47.9333,faible,576905,0,0,0,0,0,0,0,0,0.0,0.0,0.0
2023-10-23,2023,10,2023-W43,Vatovavy,-21.3167,47.9333,faible,576905,0,0,0,0,0,0,0,0,0.0,0.0,0.0
2023-10-30,2023,10,2023-W44,Vatovavy,-21.3167,47.9333,faible,576905,0,0,0,0,0,0,0,0,0.0,0.0,0.0
2023-11-06,2023,11,2023-W45,Vatovavy,-21.3167,47.9333,faible,576905,0,0,0,0,0,0,0,0,0.0,0.0,0.0
2023-11-13,2023,11,2023-W46,Vatovavy,-21.3167,47.9333,faible,576905,0,0,0,0,0,0,0,0,0.0,0.0,0.0
2023-11-20,2023,11,2023-W47,Vatovavy,-21.3167,47.9333,faible,576905,0,0,0,0,0,0,0,0,0.0,0.0,0.0
2023-11-27,2023,11,2023-W48,Vatovavy,-21.3167,47.9333,faible,576905,0,0,0,0,0,0,0,0,0.0,0.0,0.0
2023-12-04,2023,12,2023-W49,Vatovavy,-21.3167,47.9333,faible,576905,0,0,0,0,0,0,0,0,0.0,0.0,0.0
2023-12-11,2023,12,2023-W50,Vatovavy,-21.3167,47.9333,faible,576905,0,0,0,0,0,0,0,0,0.0,0.0,0.0
2023-12-18,2023,12,2023-W51,Vatovavy,-21.3167,47.9333,faible,576905,0,0,0,0,0,0,0,0,0.0,0.0,0.0
2023-12-25,2023,12,2023-W52,Vatovavy,-21.3167,47.9333,faible,576905,0,0,0,0,0,0,0,0,0.0,0.0,0.0
2024-01-01,2024,1,2024-W01,Vatovavy,-21.3167,47.9333,faible,576905,0,0,0,0,0,0,0,0,0.0,0.0,0.0
2024-01-08,2024,1,2024-W02,Vatovavy,-21.3167,47.9333,faible,576905,0,0,0,0,0,0,0,0,0.0,0.0,0.0
2024-01-15,2024,1,2024-W03,Vatovavy,-21.3167,47.9333,faible,576905,0,0,0,0,0,0,0,0,0.0,0.0,0.0
2024-01-22,2024,1,2024-W04,Vatovavy,-21.3167,47.9333,faible,576905,0,0,0,0,0,0,0,0,0.0,0.0,0.0
2024-01-29,2024,1,2024-W05,Vatovavy,-21.3167,47.9333,faible,576905,0,0,0,0,0,0,0,0,0.0,0.0,0.0
2024-02-05,2024,2,2024-W06,Vatovavy,-21.3167,47.9333,faible,576905,0,0,0,0,0,0,0,0,0.0,0.0,0.0
2024-02-12,2024,2,2024-W07,Vatovavy,-21.3167,47.9333,faible,576905,0,0,0,0,0,0,0,0,0.0,0.0,0.0
2024-02-19,2024,2,2024-W08,Vatovavy,-21.3167,47.9333,faible,576905,0,0,0,0,0,0,0,0,0.0,0.0,0.0
2024-02-26,2024,2,2024-W09,Vatovavy,-21.3167,47.9333,faible,576905,0,0,0,0,0,0,0,0,0.0,0.0,0.0
2024-03-04,2024,3,2024-W10,Vatovavy,-21.3167,47.9333,faible,576905,0,0,0,0,0,0,0,0,0.0,0.0,0.0
2024-03-11,2024,3,2024-W11,Vatovavy,-21.3167,47.9333,faible,576905,0,0,0,0,0,0,0,0,0.0,0.0,0.0
2024-03-18,2024,3,2024-W12,Vatovavy,-21.3167,47.9333,faible,576905,0,0,0,0,0,0,0,0,0.0,0.0,0.0
2024-03-25,2024,3,2024-W13,Vatovavy,-21.3167,47.9333,faible,576905,0,0,0,0,0,0,0,0,0.0,0.0,0.0
2024-04-01,2024,4,2024-W14,Vatovavy,-21.3167,47.9333,faible,576905,0,0,0,0,0,0,0,0,0.0,0.0,0.0
2024-04-08,2024,4,2024-W15,Vatovavy,-21.3167,47.9333,faible,576905,0,0,0,0,0,0,0,0,0.0,0.0,0.0
2024-04-15,2024,4,2024-W16,Vatovavy,-21.3167,47.9333,faible,576905,0,0,0,0,0,0,0,0,0.0,0.0,0.0
2024-04-22,2024,4,2024-W17,Vatovavy,-21.3167,47.9333,faible,576905,0,0,0,0,0,0,0,0,0.0,0.0,0.0
2024-04-29,2024,4,2024-W18,Vatovavy,-21.3167,47.9333,faible,576905,0,0,0,0,0,0,0,0,0.0,0.0,0.0
2024-05-06,2024,5,2024-W19,Vatovavy,-21.3167,47.9333,faible,576905,0,0,0,0,0,0,0,0,0.0,0.0,0.0
2024-05-13,2024,5,2024-W20,Vatovavy,-21.3167,47.9333,faible,576905,0,0,0,0,0,0,0,0,0.0,0.0,0.0
2024-05-20,2024,5,2024-W21,Vatovavy,-21.3167,47.9333,faible,576905,0,0,0,0,0,0,0,0,0.0,0.0,0.0
2024-05-27,2024,5,2024-W22,Vatovavy,-21.3167,47.9333,faible,576905,0,0,0,0,0,0,0,0,0.0,0.0,0.0
2024-06-03,2024,6,2024-W23,Vatovavy,-21.3167,47.9333,faible,576905,0,0,0,0,0,0,0,0,0.0,0.0,0.0
2024-06-10,2024,6,2024-W24,Vatovavy,-21.3167,47.9333,faible,576905,0,0,0,0,0,0,0,0,0.0,0.0,0.0
2024-06-17,2024,6,2024-W25,Vatovavy,-21.3167,47.9333,faible,576905,0,0,0,0,0,0,0,0,0.0,0.0,0.0
2024-06-24,2024,6,2024-W26,Vatovavy,-21.3167,47.9333,faible,576905,0,0,0,0,0,0,0,0,0.0,0.0,0.0
2024-07-01,2024,7,2024-W27,Vatovavy,-21.3167,47.9333,faible,576905,0,0,0,0,0,0,0,0,0.0,0.0,0.0
2024-07-08,2024,7,2024-W28,Vatovavy,-21.3167,47.9333,faible,576905,0,0,0,0,0,0,0,0,0.0,0.0,0.0
2024-07-15,2024,7,2024-W29,Vatovavy,-21.3167,47.9333,faible,576905,0,0,0,0,0,0,0,0,0.0,0.0,0.0
2024-07-22,2024,7,2024-W30,Vatovavy,-21.3167,47.9333,faible,576905,0,0,0,0,0,0,0,0,0.0,0.0,0.0
2024-07-29,2024,7,2024-W31,Vatovavy,-21.3167,47.9333,faible,576905,0,0,0,0,0,0,0,0,0.0,0.0,0.0
2024-08-05,2024,8,2024-W32,Vatovavy,-21.3167,47.9333,faible,576905,0,0,0,0,0,0,0,0,0.0,0.0,0.0
2024-08-12,2024,8,2024-W33,Vatovavy,-21.3167,47.9333,faible,576905,0,0,0,0,0,0,0,0,0.0,0.0,0.0
2024-08-19,2024,8,2024-W34,Vatovavy,-21.3167,47.9333,faible,576905,0,0,0,0,0,0,0,0,0.0,0.0,0.0
2024-08-26,2024,8,2024-W35,Vatovavy,-21.3167,47.9333,faible,576905,0,0,0,0,0,0,0,0,0.0,0.0,0.0
2024-09-02,2024,9,2024-W36,Vatovavy,-21.3167,47.9333,faible,576905,0,0,0,0,0,0,0,0,0.0,0.0,0.0
2024-09-09,2024,9,2024-W37,Vatovavy,-21.3167,47.9333,faible,576905,0,0,0,0,0,0,0,0,0.0,0.0,0.0
2024-09-16,2024,9,2024-W38,Vatovavy,-21.3167,47.9333,faible,576905,0,0,0,0,0,0,0,0,0.0,0.0,0.0
2024-09-23,2024,9,2024-W39,Vatovavy,-21.3167,47.9333,faible,576905,0,0,0,0,0,0,0,0,0.0,0.0,0.0
2024-09-30,2024,9,2024-W40,Vatovavy,-21.3167,47.9333,faible,576905,0,0,0,0,0,0,0,0,0.0,0.0,0.0
2024-10-07,2024,10,2024-W41,Vatovavy,-21.3167,47.9333,faible,576905,0,0,0,0,0,0,0,0,0.0,0.0,0.0
2024-10-14,2024,10,2024-W42,Vatovavy,-21.3167,47.9333,faible,576905,0,0,0,0,0,0,0,0,0.0,0.0,0.0
2024-10-21,2024,10,2024-W43,Vatovavy,-21.3167,47.9333,faible,576905,0,0,0,0,0,0,0,0,0.0,0.0,0.0
2024-10-28,2024,10,2024-W44,Vatovavy,-21.3167,47.9333,faible,576905,0,0,0,0,0,0,0,0,0.0,0.0,0.0
2024-11-04,2024,11,2024-W45,Vatovavy,-21.3167,47.9333,faible,576905,0,0,0,0,0,0,0,0,0.0,0.0,0.0
2024-11-11,2024,11,2024-W46,Vatovavy,-21.3167,47.9333,faible,576905,0,0,0,0,0,0,0,0,0.0,0.0,0.0
2024-11-18,2024,11,2024-W47,Vatovavy,-21.3167,47.9333,faible,576905,0,0,0,0,0,0,0,0,0.0,0.0,0.0
2024-11-25,2024,11,2024-W48,Vatovavy,-21.3167,47.9333,faible,576905,0,0,0,0,0,0,0,0,0.0,0.0,0.0
2024-12-02,2024,12,2024-W49,Vatovavy,-21.3167,47.9333,faible,576905,0,0,0,0,0,0,0,0,0.0,0.0,0.0
2024-12-09,2024,12,2024-W50,Vatovavy,-21.3167,47.9333,faible,576905,0,0,0,0,0,0,0,0,0.0,0.0,0.0
2024-12-16,2024,12,2024-W51,Vatovavy,-21.3167,47.9333,faible,576905,0,0,0,0,0,0,0,0,0.0,0.0,0.0
2024-12-23,2024,12,2024-W52,Vatovavy,-21.3167,47.9333,faible,576905,0,0,0,0,0,0,0,0,0.0,0.0,0.0
2024-12-30,2024,12,2025-W01,Vatovavy,-21.3167,47.9333,faible,576905,0,0,0,0,0,0,0,0,0.0,0.0,0.0
2025-01-06,2025,1,2025-W02,Vatovavy,-21.3167,47.9333,faible,576905,0,0,0,0,0,0,0,0,0.0,0.0,0.0
2025-01-13,2025,1,2025-W03,Vatovavy,-21.3167,47.9333,faible,576905,0,0,0,0,0,0,0,0,0.0,0.0,0.0
2025-01-20,2025,1,2025-W04,Vatovavy,-21.3167,47.9333,faible,576905,0,0,0,0,0,0,0,0,0.0,0.0,0.0
2025-01-27,2025,1,2025-W05,Vatovavy,-21.3167,47.9333,faible,576905,0,0,0,0,0,0,0,0,0.0,0.0,0.0
2025-02-03,2025,2,2025-W06,Vatovavy,-21.3167,47.9333,faible,576905,0,0,0,0,0,0,0,0,0.0,0.0,0.0
2025-02-10,2025,2,2025-W07,Vatovavy,-21.3167,47.9333,faible,576905,0,0,0,0,0,0,0,0,0.0,0.0,0.0
2025-02-17,2025,2,2025-W08,Vatovavy,-21.3167,47.9333,faible,576905,0,0,0,0,0,0,0,0,0.0,0.0,0.0
2025-02-24,2025,2,2025-W09,Vatovavy,-21.3167,47.9333,faible,576905,0,0,0,0,0,0,0,0,0.0,0.0,0.0
2025-03-03,2025,3,2025-W10,Vatovavy,-21.3167,47.9333,faible,576905,0,0,0,0,0,0,0,0,0.0,0.0,0.0
2025-03-10,2025,3,2025-W11,Vatovavy,-21.3167,47.9333,faible,576905,0,0,0,0,0,0,0,0,0.0,0.0,0.0
2025-03-17,2025,3,2025-W12,Vatovavy,-21.3167,47.9333,faible,576905,0,0,0,0,0,0,0,0,0.0,0.0,0.0
2025-03-24,2025,3,2025-W13,Vatovavy,-21.3167,47.9333,faible,576905,0,0,0,0,0,0,0,0,0.0,0.0,0.0
2025-03-31,2025,3,2025-W14,Vatovavy,-21.3167,47.9333,faible,576905,0,0,0,0,0,0,0,0,0.0,0.0,0.0
2025-04-07,2025,4,2025-W15,Vatovavy,-21.3167,47.9333,faible,576905,0,0,0,0,0,0,0,0,0.0,0.0,0.0
2025-04-14,2025,4,2025-W16,Vatovavy,-21.3167,47.9333,faible,576905,0,0,0,0,0,0,0,0,0.0,0.0,0.0
2025-04-21,2025,4,2025-W17,Vatovavy,-21.3167,47.9333,faible,576905,0,0,0,0,0,0,0,0,0.0,0.0,0.0
2025-04-28,2025,4,2025-W18,Vatovavy,-21.3167,47.9333,faible,576905,0,0,0,0,0,0,0,0,0.0,0.0,0.0
2025-05-05,2025,5,2025-W19,Vatovavy,-21.3167,47.9333,faible,576905,0,0,0,0,0,0,0,0,0.0,0.0,0.0
2025-05-12,2025,5,2025-W20,Vatovavy,-21.3167,47.9333,faible,576905,0,0,0,0,0,0,0,0,0.0,0.0,0.0
2025-05-19,2025,5,2025-W21,Vatovavy,-21.3167,47.9333,faible,576905,0,0,0,0,0,0,0,0,0.0,0.0,0.0
2025-05-26,2025,5,2025-W22,Vatovavy,-21.3167,47.9333,faible,576905,0,0,0,0,0,0,0,0,0.0,0.0,0.0
2025-06-02,2025,6,2025-W23,Vatovavy,-21.3167,47.9333,faible,576905,0,0,0,0,0,0,0,0,0.0,0.0,0.0
2025-06-09,2025,6,2025-W24,Vatovavy,-21.3167,47.9333,faible,576905,0,0,0,0,0,0,0,0,0.0,0.0,0.0
2025-06-16,2025,6,2025-W25,Vatovavy,-21.3167,47.9333,faible,576905,0,0,0,0,0,0,0,0,0.0,0.0,0.0
2025-06-23,2025,6,2025-W26,Vatovavy,-21.3167,47.9333,faible,576905,0,0,0,0,0,0,0,0,0.0,0.0,0.0
2025-06-30,2025,6,2025-W27,Vatovavy,-21.3167,47.9333,faible,576905,0,0,0,0,0,0,0,0,0.0,0.0,0.0
2025-07-07,2025,7,2025-W28,Vatovavy,-21.3167,47.9333,faible,576905,0,0,0,0,0,0,0,0,0.0,0.0,0.0
2025-07-14,2025,7,2025-W29,Vatovavy,-21.3167,47.9333,faible,576905,0,0,0,0,0,0,0,0,0.0,0.0,0.0
2025-07-21,2025,7,2025-W30,Vatovavy,-21.3167,47.9333,faible,576905,0,0,0,0,0,0,0,0,0.0,0.0,0.0
2025-07-28,2025,7,2025-W31,Vatovavy,-21.3167,47.9333,faible,576905,0,0,0,0,0,0,0,0,0.0,0.0,0.0
2025-08-04,2025,8,2025-W32,Vatovavy,-21.3167,47.9333,faible,576905,0,0,0,0,0,0,0,0,0.0,0.0,0.0
2025-08-11,2025,8,2025-W33,Vatovavy,-21.3167,47.9333,faible,576905,0,0,0,0,0,0,0,0,0.0,0.0,0.0
2025-08-18,2025,8,2025-W34,Vatovavy,-21.3167,47.9333,faible,576905,0,0,0,0,0,0,0,0,0.0,0.0,0.0
2025-08-25,2025,8,2025-W35,Vatovavy,-21.3167,47.9333,faible,576905,0,0,0,0,0,0,0,0,0.0,0.0,0.0
2025-09-01,2025,9,2025-W36,Vatovavy,-21.3167,47.9333,faible,576905,0,0,0,0,0,0,0,0,0.0,0.0,0.0
2025-09-08,2025,9,2025-W37,Vatovavy,-21.3167,47.9333,faible,576905,0,0,0,0,0,0,0,0,0.0,0.0,0.0
2025-09-15,2025,9,2025-W38,Vatovavy,-21.3167,47.9333,faible,576905,0,0,0,0,0,0,0,0,0.0,0.0,0.0
2025-09-22,2025,9,2025-W39,Vatovavy,-21.3167,47.9333,faible,576905,0,0,0,0,0,0,0,0,0.0,0.0,0.0
2025-09-29,2025,9,2025-W40,Vatovavy,-21.3167,47.9333,faible,576905,0,0,0,0,0,0,0,0,0.0,0.0,0.0
2025-10-06,2025,10,2025-W41,Vatovavy,-21.3167,47.9333,faible,576905,0,0,0,0,0,0,0,0,0.0,0.0,0.0
2025-10-13,2025,10,2025-W42,Vatovavy,-21.3167,47.9333,faible,576905,0,0,0,0,0,0,0,0,0.0,0.0,0.0
2025-10-20,2025,10,2025-W43,Vatovavy,-21.3167,47.9333,faible,576905,0,0,0,0,0,0,0,0,0.0,0.0,0.0
2025-10-27,2025,10,2025-W44,Vatovavy,-21.3167,47.9333,faible,576905,0,0,0,0,0,0,0,0,0.0,0.0,0.0
2025-11-03,2025,11,2025-W45,Vatovavy,-21.3167,47.9333,faible,576905,0,0,0,0,0,0,0,0,0.0,0.0,0.0
2025-11-10,2025,11,2025-W46,Vatovavy,-21.3167,47.9333,faible,576905,0,0,0,0,0,0,0,0,0.0,0.0,0.0
2025-11-17,2025,11,2025-W47,Vatovavy,-21.3167,47.9333,faible,576905,0,0,0,0,0,0,0,0,0.0,0.0,0.0
2025-11-24,2025,11,2025-W48,Vatovavy,-21.3167,47.9333,faible,576905,0,0,0,0,0,0,0,0,0.0,0.0,0.0
2025-12-01,2025,12,2025-W49,Vatovavy,-21.3167,47.9333,faible,576905,0,0,0,0,0,0,0,0,0.0,0.0,0.0
2025-12-08,2025,12,2025-W50,Vatovavy,-21.3167,47.9333,faible,576905,0,0,0,0,0,0,0,0,0.0,0.0,0.0
2025-12-15,2025,12,2025-W51,Vatovavy,-21.3167,47.9333,faible,576905,0,0,0,0,0,0,0,0,0.0,0.0,0.0
2025-12-22,2025,12,2025-W52,Vatovavy,-21.3167,47.9333,faible,576905,0,0,0,0,0,0,0,0,0.0,0.0,0.0
2025-12-29,2025,12,2026-W01,Vatovavy,-21.3167,47.9333,faible,576905,0,0,0,0,0,0,0,0,0.0,0.0,0.0
2026-01-05,2026,1,2026-W02,Vatovavy,-21.3167,47.9333,faible,576905,0,0,0,0,0,0,0,0,0.0,0.0,0.0
2026-01-12,2026,1,2026-W03,Vatovavy,-21.3167,47.9333,faible,576905,0,0,0,0,0,0,0,0,0.0,0.0,0.0
2026-01-19,2026,1,2026-W04,Vatovavy,-21.3167,47.9333,faible,576905,0,0,0,0,0,0,0,0,0.0,0.0,0.0
2026-01-26,2026,1,2026-W05,Vatovavy,-21.3167,47.9333,faible,576905,0,0,0,0,0,0,0,0,0.0,0.0,0.0
2026-02-02,2026,2,2026-W06,Vatovavy,-21.3167,47.9333,faible,576905,0,0,0,0,0,0,0,0,0.0,0.0,0.0
2026-02-09,2026,2,2026-W07,Vatovavy,-21.3167,47.9333,faible,576905,0,0,0,0,0,0,0,0,0.0,0.0,0.0
2026-02-16,2026,2,2026-W08,Vatovavy,-21.3167,47.9333,faible,576905,0,0,0,0,0,0,0,0,0.0,0.0,0.0
2026-02-23,2026,2,2026-W09,Vatovavy,-21.3167,47.9333,faible,576905,0,0,0,0,0,0,0,0,0.0,0.0,0.0
2026-03-02,2026,3,2026-W10,Vatovavy,-21.3167,47.9333,faible,576905,0,0,0,0,0,0,0,0,0.0,0.0,0.0
2026-03-09,2026,3,2026-W11,Vatovavy,-21.3167,47.9333,faible,576905,0,0,0,0,0,0,0,0,0.0,0.0,0.0
2026-03-16,2026,3,2026-W12,Vatovavy,-21.3167,47.9333,faible,576905,0,0,0,0,0,0,0,0,0.0,0.0,0.0
2026-03-23,2026,3,2026-W13,Vatovavy,-21.3167,47.9333,faible,576905,0,0,0,0,0,0,0,0,0.0,0.0,0.0
2026-03-30,2026,3,2026-W14,Vatovavy,-21.3167,47.9333,faible,576905,0,0,0,0,0,0,0,0,0.0,0.0,0.0
2026-04-06,2026,4,2026-W15,Vatovavy,-21.3167,47.9333,faible,576905,0,0,0,0,0,0,0,0,0.0,0.0,0.0
2026-04-13,2026,4,2026-W16,Vatovavy,-21.3167,47.9333,faible,576905,0,0,0,0,0,0,0,0,0.0,0.0,0.0
2026-04-20,2026,4,2026-W17,Vatovavy,-21.3167,47.9333,faible,576905,0,0,0,0,0,0,0,0,0.0,0.0,0.0
2026-04-27,2026,4,2026-W18,Vatovavy,-21.3167,47.9333,faible,576905,0,0,0,0,0,0,0,0,0.0,0.0,0.0
2026-05-04,2026,5,2026-W19,Vatovavy,-21.3167,47.9333,faible,576905,0,0,0,0,0,0,0,0,0.0,0.0,0.0
2026-05-11,2026,5,2026-W20,Vatovavy,-21.3167,47.9333,faible,576905,0,0,0,0,0,0,0,0,0.0,0.0,0.0
2026-05-18,2026,5,2026-W21,Vatovavy,-21.3167,47.9333,faible,576905,0,0,0,0,0,0,0,0,0.0,0.0,0.0
2026-05-25,2026,5,2026-W22,Vatovavy,-21.3167,47.9333,faible,576905,0,0,0,0,0,0,0,0,0.0,0.0,0.0
2026-06-01,2026,6,2026-W23,Vatovavy,-21.3167,47.9333,faible,576905,0,0,0,0,0,0,0,0,0.0,0.0,0.0
2026-06-08,2026,6,2026-W24,Vatovavy,-21.3167,47.9333,faible,576905,0,0,0,0,0,0,0,0,0.0,0.0,0.0
2026-06-15,2026,6,2026-W25,Vatovavy,-21.3167,47.9333,faible,576905,0,0,0,0,0,0,0,0,0.0,0.0,0.0
2026-06-22,2026,6,2026-W26,Vatovavy,-21.3167,47.9333,faible,576905,0,0,0,0,0,0,0,0,0.0,0.0,0.0
2026-06-29,2026,6,2026-W27,Vatovavy,-21.3167,47.9333,faible,576905,0,0,0,0,0,0,0,0,0.0,0.0,0.0
2026-07-06,2026,7,2026-W28,Vatovavy,-21.3167,47.9333,faible,576905,0,0,0,0,0,0,0,0,0.0,0.0,0.0
2026-07-13,2026,7,2026-W29,Vatovavy,-21.3167,47.9333,faible,576905,0,0,0,0,0,0,0,0,0.0,0.0,0.0
2026-07-20,2026,7,2026-W30,Vatovavy,-21.3167,47.9333,faible,576905,0,0,0,0,0,0,0,0,0.0,0.0,0.0
2026-07-27,2026,7,2026-W31,Vatovavy,-21.3167,47.9333,faible,576905,0,0,0,0,0,0,0,0,0.0,0.0,0.0
